id,h1,h2,h3
0,-0.021734777779933767,-0.00527697493917928,-0.021537409237526506
1,0.18521286853032548,0.18786558592614067,0.1761223694623708
2,0.11493012107737494,0.15166021914382316,0.13718338778064693
3,0.33147154969258275,-0.08513013276353157,0.522456222427414
4,0.06165599849191279,0.08066664329234871,0.04916224248699941
5,-0.2338313038181206,-0.11038566166897881,-0.3105600860856729
6,0.15029274539070936,0.13270468584395317,0.13729454480573167
7,-0.0464706691214726,-0.020549040216674586,-0.03570049001420303
8,-0.17516870669303536,-0.1950301800785496,-0.2123675863786857
9,0.15025516861127167,0.1257655493466789,0.13998813973734284
10,0.4121876506250898,0.1978272295853581,0.4220927143207828
11,0.01909561450193384,0.028643221019634846,0.016763939420250062
12,-0.04367694240142661,-0.0350683790796778,-0.050778978576267564
13,-0.5406694147713267,-0.5044687961463965,-0.6551095736207339
14,0.32838554668606906,0.07422507914887069,0.40888594921886734
15,0.07131695457451992,0.04204937597219188,0.04668662421446229
16,-0.018592021477639914,-0.010269177625889497,-0.0075189921662466574
17,-0.03727004854637339,-0.05302346540630806,-0.043697293121052416
18,0.09499054703635203,0.08925564725354761,0.09067919690160971
19,0.08212266108421645,0.06721930391362149,0.09432408074016432
20,0.1973778209259153,0.1844655559256494,0.17919651502484119
21,0.04334502875281257,0.04606715670104243,0.04228017850177429
22,-0.06576913311009669,-0.08997506638549985,-0.06370577400256211
23,0.18183962642550194,0.19385186638416246,0.1550235408513545
24,0.015690297034046896,-0.008402732251900316,0.018170837836546327
25,-0.05051871406596947,-0.06003283406228105,-0.051255954924203484
26,-0.05185491860845365,-0.07324265920813677,-0.059024974141420605
27,-0.2954462630554463,-0.46362873409096605,-0.5755853473336539
28,-0.24484048571056094,-0.21635277580011225,-0.24576179504073054
29,0.11635192762270896,0.11961100624957155,0.10778229653112037
30,-0.025355526092142228,-0.013920771437438667,-0.003992166300874525
31,-0.020910208936441355,-0.011990025858432313,-0.007366183952247696
