id,h1,h2,h3
0,0.056741469042899284,0.027343467407853483,-0.034190245980095624
1,0.02412821711775076,0.004907427100651424,0.09055218258649167
2,0.004960513820584045,0.37636937890840777,-0.2921491875553814
3,-0.23657638359362493,-0.6215657618864442,0.7619481780541961
4,0.0004268798417900177,0.07366786359835026,-0.0024293602675161674
5,0.19537819576938922,0.26342115107956443,-0.2455620047144973
6,-0.14262758113544974,-0.1404587878448203,-0.08416775037096091
7,-0.171286977248839,-0.15880111301844585,-0.060350108030690255
8,-0.17476667492601977,-0.18764621348504879,-0.06032689442656425
9,0.03613595595786747,0.02442775487992377,-0.03904772222969827
10,-0.36148364818171363,-0.30347639278038074,0.46774207922604716
11,0.21708183687280574,0.19519463541898663,0.28440071134027434
12,0.10545598167797018,0.09725799768593166,0.0028405989827356252
13,0.17251007661419815,-0.5698187028075022,-1.1545849178312735
14,-0.03600911860627043,-0.07850427362197102,0.33950323020771034
15,-0.09713042463884623,-0.08313213981813566,-0.061256138818654854
16,-0.06572973637996157,-0.06730918167017849,-0.07274792069258854
17,-0.20676922408365758,-0.2572004834766085,0.17017254294839096
18,-0.17126348032756705,-0.15392195029897363,-0.017518413859432425
19,-0.025471479309649603,-0.03182193904874958,0.0893455596557115
20,-0.2696566551861398,-0.3089572973531054,-0.06156296323697158
21,-0.23685663376452532,-0.22403424110205156,-0.09588038034492902
22,0.10866773152711617,0.11430392528593214,0.14769495350462308
23,0.49185939690368874,0.7544473414976065,-0.8286687485791988
24,-0.18538702648334876,-0.179755037345861,-0.04376215690250812
25,0.06394878589537106,0.07318089970716052,0.0730076849509047
26,0.02294227307454122,0.01987762748795363,-0.034766596308703546
27,0.041614921305996366,0.25612991947768426,-0.5391423934127929
28,0.10033187346296844,0.13472450996496088,0.0105243277537789
29,-0.04130977768980909,-0.04048177378115497,0.046079554092405384
30,-0.09806897750981114,-0.15964521203889437,0.33717390476594034
31,-0.11029084945552736,-0.11368389813358493,-0.07519991768860981
