id,h1,h2,h3
0,0.1503649937817103,0.1535126825304513,0.01628274268185892
1,-0.16300586491726315,-0.25311333395468627,-0.09161198374282736
2,0.1493911033972217,0.1567356186007251,-0.05034941914759239
3,-0.4725411479066349,-0.26745950010628056,-0.07472395208296523
4,-0.12592408706857416,-0.13343842281530777,-0.051350784784796856
5,0.22041510687853427,0.278295328060318,0.035368207483693626
6,-0.021581932199222886,-0.02507934065960743,0.07770778452988225
7,-0.23565956640566735,-0.3510605748679081,-0.056647469096218206
8,0.06919931091519388,-0.008778198036507312,0.170506912620704
9,0.11987968710656383,0.17053472204066686,0.06249701135223726
10,-0.3799490164589246,-0.3775463432495814,0.15451186598163463
11,-0.2008156733971806,-0.3263873358283086,-0.0768278671066718
12,0.04326030542588047,0.05867091959093014,-0.0384361361490361
13,0.5541585083161374,0.3569455236629905,-0.16837283107505113
14,-0.23257787872644936,-0.10973122357174504,-0.10756962665590855
15,0.15618244751829918,0.22188669352520757,0.10286942578359555
16,-0.013178033860716754,0.010045929682752086,-0.04482836055744194
17,-0.2230356964069664,-0.3848668149585657,0.029835427655616475
18,-0.09149502586266661,-0.15722082686286093,0.05310473119004078
19,-0.0943454319122145,-0.17296206876465436,-0.02252118098811373
20,-0.24300629059350817,-0.24254338754862073,-0.06510773474898748
21,-0.1482441236494158,-0.22387279784006775,0.05332458422277514
22,-0.014488434481668318,-0.03207018362640485,-0.016945104926043814
23,0.45304200224035224,0.5065961573434941,-0.2871719019111284
24,-0.03739046386669373,-0.11081102976288798,0.04520137177001491
25,0.13780009111957223,0.2766357875259112,0.01926659768481212
26,0.13333005497149003,0.20536010116284428,0.06454866637187168
27,0.34047176040042704,0.440556398977999,0.1795910026605676
28,0.31242097305759264,0.1734905619855042,0.263106113403942
29,-0.014518531539071372,-0.06597102853190745,0.018930579910550943
30,-0.2768612201610288,-0.27055987545870686,-0.06540767129444458
31,0.12377997494703125,0.21234372650140537,0.06741469321073906
