id,h1,h2,h3
0,-0.09914013060060084,-0.1326913168240064,-0.15173625778049973
1,0.3281704833119305,0.3206227356509332,0.2751144012772596
2,-0.017923826198078252,-0.08055946628949723,-0.17616724083949392
3,0.048527305450590474,-0.22208398665233542,0.7981927398990898
4,0.11844567014122209,0.1271573308175562,0.17921454371571893
5,-0.0067493096041032485,-0.05650135751386276,-0.10186987318441049
6,0.02072453884208042,0.04204946282633698,0.06319083465067088
7,0.05481023933920842,0.09471832023339216,0.18727199476020817
8,0.06931420506555927,0.1395186480762546,0.24383812710577174
9,0.047686888561090504,0.025726912192759452,0.002989072667116635
10,0.0026157127432655247,-0.2584832815208916,-0.3975953994279702
11,-0.07447512999595178,-0.040652574708466796,0.04163514632336979
12,0.0034928384683329816,-0.01409570271269367,-0.11627456634051159
13,-0.09579241845434047,0.11438712987261052,-0.9488981301675159
14,0.11242133083575889,-0.02401127763728822,-0.21542068860030272
15,0.011790654397891398,0.04623812017400433,0.09242558198928705
16,-0.05693183315696315,-0.04582640818093481,-0.0041749448005677925
17,-0.04776843911394962,-0.141060846501259,0.11565455355066667
18,0.1405037232016435,0.18874775322119186,0.2287556108693221
19,0.062222227115594386,0.0890633611094877,0.05794863829129493
20,0.11864698609508717,0.18533451620662333,0.25263174084711065
21,0.10944831872759236,0.17721385725773692,0.334788059609635
22,-0.0548515725165062,-0.060013530765864104,-0.07535719615987885
23,-0.10501208213150531,0.06570957537252725,-0.2945366722980108
24,0.050639890292305034,0.07683206129675213,0.09183673433047668
25,0.09415604285424835,0.05906679726035323,0.12279111679283997
26,-0.06570699328094032,-0.06710638969727764,-0.097119477562534
27,-0.12521230930604016,-0.2395209417697564,-0.38208278231454257
28,-0.07650037663275508,-0.1122807672664498,-0.17467258805633015
29,0.055873468532626064,0.09154924624227329,0.13216904134270077
30,-0.07756394247178822,0.011071630042915753,0.5997170555647453
31,0.10257436063235553,0.09958772910131722,0.03817791484596422
