id,h1,h2,h3
0,-0.17438683137274447,-0.3411101801087688,-0.25563860236862984
1,0.1286063933582347,0.2345045657266222,0.19362305749703224
2,0.03950704836728827,-0.42974000752147334,-0.20574663897722545
3,0.34086186721776435,0.5193733731154283,0.4039445133816768
4,-0.004331301505823809,0.10150127452230112,0.06422064242835837
5,-0.08352250940644765,-0.30087142087162233,-0.17821999722712656
6,0.05679933866519546,0.262702039432014,0.15535171964034192
7,0.06759368095507606,0.1901197885475456,0.10947956695259972
8,0.0780592489255027,0.16131967178188153,0.11044584280001846
9,-0.20553579565332653,-0.15931667161978746,-0.18475396458817595
10,0.09418493652175741,0.5128031422910301,0.15192147987340676
11,0.28905186264775984,0.18166816122121662,0.25089692710440736
12,-0.30040867483739325,-0.214196548647141,-0.2666970190963287
13,-0.18237810719330294,-1.4816482439023644,-0.16135252472067171
14,0.05399314675641387,0.4562275055580452,0.12198925271942013
15,0.09106109986990775,0.1950981512125208,0.14715404603156512
16,-0.18307721849458897,-0.12235913253977451,-0.17090619743404684
17,0.18224521141428482,0.20212396867079196,0.2315157865878776
18,0.17532211998956976,0.46210120495451273,0.12223918819593046
19,-0.16656404884970516,0.036115237378813725,-0.03824818018354176
20,0.17818634257154847,0.5654983771103929,0.2664211804507236
21,0.13701519358679015,0.31083925572899695,0.22281428874408432
22,0.08217364331961619,0.0934313472657741,0.11580321210556216
23,-0.2647431896812201,-0.6111438791745817,0.2915597406986996
24,-0.05690853796431178,-0.06030240114919436,-0.050121548171021685
25,0.09474502969894477,0.1327781163334954,0.12273591163860859
26,0.030815444933469743,-0.005902490929097282,0.0165931615505142
27,-0.16743045143419283,-0.84746421568343,-0.1657336502072284
28,-0.1677859587058586,-0.30032420893415124,-0.2165069716113624
29,-0.020048158005468997,0.04665706648388512,0.02058489456136217
30,0.2765178488456376,0.750384349631811,0.1487881750447006
31,-0.10282471180876257,-0.22286811888785327,-0.16166410522398028
