id,h1,h2,h3
0,-0.4308799550527328,-0.4846010517149142,-0.5011798644374155
1,0.1897452231434099,0.2668768068321653,0.3059824645835257
2,0.7437426892173202,1.1533527298239576,1.1980492090477366
3,-0.578324010268725,-0.7684922174668056,-0.879157448962194
4,-0.027426666130084487,0.017154973504688642,0.060546187292714965
5,0.12434393078423331,0.16710866310792227,0.17695764199407438
6,0.34423117379427115,0.3870727089674995,0.4223824863450786
7,-0.17924646374128364,-0.20708046476443778,-0.23370241163039437
8,0.6725791993508365,1.3172654153731398,1.3848537370036107
9,-0.06601961645729995,-0.10311363247982838,-0.11604496826893657
10,0.235210554697644,0.30264648296124425,0.34207090274553864
11,0.39344941681596185,0.5642085528621644,0.6263452849706388
12,-0.2768537872531699,-0.4161727444664812,-0.4571837517436024
13,-0.40120165138670305,-0.6976299570887783,-0.6171797022604002
14,1.014237978124302,1.3928070144961917,1.3834160730541323
15,-1.0302192772975398,-1.6861348342851912,-1.6380281819429134
16,0.46887369495162856,0.5196338968791945,0.5089769589342122
17,-0.09886655099191201,-0.11147114878610495,-0.11150456262236876
18,0.4474336256254016,0.550323205032686,0.6225287020765885
19,0.3191797461951795,0.4236932423607771,0.4743571895380385
20,1.1632430528157762,1.0496864477555095,1.15498672301575
21,-0.47474809211882696,-0.8180751636204318,-0.8932795524006893
22,0.9520996435651372,0.7561643626156542,0.8947595747984057
23,0.7749314785833572,1.1918542659975886,1.3879845932902342
24,0.05276354511102982,0.09768099537510955,0.12301568886235953
25,-1.1106114808332133,-1.2718328183704792,-1.453213592963857
26,0.29190440103409737,0.3617212651705581,0.4110169042073237
27,-0.1748150539838662,-0.15761367207581067,-0.14865801372925402
28,0.45074632451106844,0.7510194831155287,0.847474054493023
29,0.2176701940472917,0.05816550986126928,-0.06732287425863037
30,0.3343869348477089,0.5381634490954499,0.6595198952128971
31,0.1418662419274488,0.2501029820886925,0.27487017643225414
