id,h1,h2,h3
0,-0.6640214203270136,-0.8819987676409597,-0.532489174786806
1,0.2867053654322932,0.38716928546574136,0.2256811141262159
2,1.6236055684955308,1.9696137403701774,1.4643294458922096
3,-1.1707568000160746,-1.0820459805212308,-1.1765012136942095
4,0.15133109422267482,0.21833987275302652,0.09477346809468523
5,0.11184595048015727,0.15808447038077061,0.08808842368340507
6,0.5964946132843116,0.7470643480704701,0.5308399737929103
7,-0.38844545067036695,-0.4795288049785778,-0.3488744809867346
8,2.399293867868196,2.5806142348657093,2.1926064880503686
9,-0.29562365127003987,-0.38268682768170487,-0.2548588372450045
10,0.33153609879147283,0.3479833424942204,0.3120361396751063
11,1.0101166584513683,1.2571641820559407,0.8877380097298536
12,-0.38366878149203637,-0.46275105981642306,-0.3288044737195811
13,-1.2959146397456252,-1.3843777545074196,-1.1950156039234765
14,1.910123853342577,1.9569630419830444,1.7528748000162315
15,-2.95914617804144,-3.089180280549967,-2.209498257308644
16,0.9306996144076991,0.9662949247583258,0.7952318283992692
17,-0.10533310805641657,-0.17127258171257922,-0.07945309220655117
18,1.282061283572251,1.3865591300316078,1.1217010306914306
19,0.32363418158366714,0.32780988102065445,0.3472000452571839
20,2.633080727164789,2.758754030448436,2.29471864825581
21,-1.3858601444491516,-1.485671449940076,-1.309416817210965
22,1.9094220370031052,2.1501894114539857,1.8483297651078063
23,2.225773325930356,2.41607101687561,1.8961552836004105
24,0.12581286155270038,0.19545930561691233,0.09853849620329247
25,-3.2707463575277744,-3.531355839715162,-2.703055364113785
26,0.5235016810866379,0.6812895433154276,0.4479163186933505
27,-0.544281520028861,-0.5776682969271769,-0.5105342976133718
28,0.7249135928391192,0.7890453641390524,0.6765145104689898
29,0.4393113133835974,0.5569466240207573,0.38724834252418744
30,0.9687623481720327,1.164607395487991,0.8797759606525178
31,0.41614995973806146,0.4668437647250867,0.38226533702347887
