id,h1,h2,h3
0,-0.7759820318734305,-0.9277608560511535,-0.8210820980849831
1,0.022375345667399016,-0.49391586134196414,-0.13639650635340306
2,1.4026826527432177,1.314963298532403,1.268379878545704
3,-1.0635580481199611,-1.7129808620367168,-1.2945645792317175
4,-0.050681434742949616,-0.25754723706592075,-0.09997030634675924
5,0.07959860814416413,0.12818882402807968,0.09467952503078589
6,0.5948870683004723,0.5160301374367582,0.5793923773584384
7,-0.21918691998424242,-0.25510097938870413,-0.23401722787420862
8,1.727345471793602,1.4682692193758342,1.6577607944654988
9,-0.01021051045504845,0.22072700235321407,0.06473321752191301
10,0.3594426049618493,0.4385427592716419,0.4010531216213008
11,0.8628568488049042,0.7326750910138267,0.8598799050926238
12,-0.2693956876433792,-0.22832357198226294,-0.2743057339130296
13,-0.8567390483084029,-0.9910738165343908,-0.9703068060378696
14,1.5191747927731387,1.3594307728583364,1.4938174901772914
15,-2.073664790983924,-1.2335445107104444,-1.2481447251338267
16,0.6743100934639916,0.49591731152642676,0.572517416170909
17,-0.05312578331161161,-0.182849153425529,-0.1037310878572617
18,0.9023348964361044,1.1324468001426586,0.94154870363844
19,0.4307566753172342,0.502389699651272,0.4625027553772827
20,1.8369896622414803,1.8725822023903207,1.8501344821185701
21,-1.0431998948989443,-1.324815468753745,-1.2065552030268054
22,1.2742480255508393,0.9743831047561343,0.8820231808248706
23,1.7467507497248547,1.6819680239933714,1.6585974270267152
24,0.18957101655037145,0.41127731975615617,0.28004374827084644
25,-2.308055469301147,-2.8868035016704607,-2.2849485197512065
26,0.31291976087793516,0.15054553098453272,0.21574285546961144
27,-0.43550967257020023,-0.6112602917432488,-0.5018753948641286
28,0.8458492682048651,1.332930766594786,1.0325615692079901
29,0.3361785648990521,0.7921888286823691,0.4989627066692432
30,0.7679121342011914,1.4277663392771847,0.9795646010213112
31,0.3934857958611379,0.6720182958651005,0.5003192831440466
