id,h1,h2,h3
0,-1.2059159630994856,-1.1162200888302904,-1.0997295342569946
1,0.3559168186767609,0.25495560042398424,0.27767900887780833
2,2.4099269423032004,2.0316847954389985,1.8990647927230495
3,-1.966643896620398,-1.801859222752444,-1.7261325627485082
4,-0.31120855962256266,-0.17853841713198926,-0.2394373208142081
5,-0.042389687981904955,0.08408462663884249,0.034247358406290174
6,0.9592163504496913,0.8057734533826499,0.8469243410163941
7,0.008611514450375446,-0.1642157977263507,-0.12864071895824447
8,2.883041794115,2.6791393630933267,2.4818341145247365
9,-0.09018510858209944,-0.0753483541394615,-0.0797146458140282
10,0.5882471640183689,0.5343636576930877,0.5405262043637608
11,1.424168592739153,1.2145773501103665,1.2360795325150635
12,-0.7662092263718474,-0.5914043970529185,-0.6279188156395641
13,-1.4792014640401994,-1.315254995497812,-1.353326626556613
14,2.6330054088683728,2.4444437566884862,2.367822573960131
15,-3.8281423040736247,-3.3234381405787796,-3.2551887842083476
16,1.5072124194447536,1.2718604117245256,1.3267702210280405
17,0.03173653251163039,0.08736795216634097,0.0643851035736634
18,1.586490913177677,1.4058240478920507,1.377351719995305
19,0.39023923091613166,0.4697062988118428,0.4449261157797999
20,3.097079419291238,2.753875650063333,2.7247823469677193
21,-1.7415033490816854,-1.660274297595246,-1.5912656147161377
22,2.5771322905975422,2.1642898613077106,2.1568302050951664
23,3.0955047675981358,2.7319005761517943,2.750844298925428
24,0.40773874160164014,0.26751487132752855,0.3017590157199244
25,-3.8215150244188596,-3.24511120445569,-3.2374774257169534
26,0.744322346022776,0.6304279361398526,0.6223649243030517
27,-0.7272031535093788,-0.7319557807011547,-0.7002264603212525
28,1.1429282268523107,1.0101196776383714,1.0585751243843364
29,0.49301149927138865,0.4377596330043957,0.4561005857178914
30,1.1933738130645613,1.048610950586598,1.0995902414794103
31,0.4409778226477497,0.35017158078827915,0.3858934126865231
