id,h1,h2,h3
0,-0.49902633090713366,-0.584860772433081,-0.639565909671497
1,0.07491498129368854,0.09000246352345212,0.11813033115125088
2,0.721261564355689,1.30954184953198,1.0501367146263412
3,-0.6133354976223847,-0.6751498683159404,-0.7188749222868777
4,-0.007585309667704154,-0.021697427848387685,-0.029229999210172164
5,-0.03263047174772438,-0.018027554535115953,-0.00537469394341028
6,0.44484084593305084,0.47258311265772346,0.5165056409492876
7,-0.17694031937219085,-0.18492076181793915,-0.20431297906855106
8,0.8889040719625689,1.5178289459165732,1.3474274613775115
9,-0.11839437536531566,-0.1367010959539639,-0.11695055211650102
10,0.11293844884074061,0.10893295879273085,0.1086975600382672
11,0.582754804506665,0.6151702516815486,0.6255621347307938
12,-0.1839296595531982,-0.2008065646303441,-0.20756258761818672
13,-0.48528881617307895,-0.5574020089752065,-0.6126866723418526
14,0.9708852204499561,1.5273865363821217,1.0812994704369299
15,-1.2358559387475607,-2.377502505726269,-1.6224920582878857
16,0.39805348570440635,0.6617390115086004,0.4506256619666765
17,-0.021969519260770454,-0.05900082565163406,-0.07940534747685951
18,0.6743772473907177,0.7266113528416641,0.7728738863062303
19,0.17539797544262464,0.19601223497526898,0.18362644627558744
20,1.0329196968445213,1.6268420063043032,1.3627333495872327
21,-0.6104333716680261,-0.6560460044138352,-0.7007135554319173
22,0.7363990829032951,1.3379632669543011,1.128332731382195
23,1.0313684260086957,1.5645400821390925,1.3433210737178718
24,0.140580031157916,0.12890485318280262,0.1377657275827855
25,-1.201723750291372,-1.717233347159906,-1.403086158250992
26,0.29732042080586374,0.3079701765414506,0.30485014868363675
27,-0.2517395668417865,-0.24216272189574206,-0.26437341599248604
28,0.4601516659999399,0.4978925476319279,0.5059009812842656
29,0.10428204401220037,0.1417895250606125,0.18092851817700478
30,0.494909544070977,0.5546935531965292,0.5886522264811036
31,0.14128454522170136,0.15692850273947184,0.07838512719017798
