id,h1,h2,h3
0,-0.679726495849278,-1.1822585008189421,-1.0475723043076717
1,0.16118094473536415,0.22724055083560396,0.2437263188453179
2,0.7204074828894479,0.908482023414443,1.3545725072195036
3,-0.5636889532335205,-1.217371663836189,-1.2718751902060903
4,0.0935865332292079,0.1427981123120008,0.14775617250239903
5,-0.009236848993194033,0.04098020725385823,0.02709315083463837
6,0.46738336450803164,0.9961578882379591,0.7946410016528901
7,-0.15862869678629982,-0.09977956694519827,-0.13781901621676665
8,1.1351793423814116,1.826573384869687,2.334972114650535
9,-0.18070348848495588,-0.2480208487691647,-0.23900163359939935
10,0.33433346550755905,0.44127196057345686,0.514835990145674
11,0.400333936691734,0.8766796422744267,0.7470515068176948
12,-0.19365016070378044,-0.6494382549110745,-0.5009870753836696
13,-0.5753949768997364,-1.0726419077507336,-1.1880314376737084
14,1.0302063783464845,2.5742364634570896,2.220254405023211
15,-1.171770844415979,-1.6923030183495837,-2.078136560570209
16,0.39615942893550665,0.7905556932203952,0.9003884125974267
17,0.05716315410379019,0.2042890682576819,0.17751854419840962
18,0.6278414982474982,1.0768099556457658,1.2160889932858083
19,0.3204447780044699,0.6511531754003383,0.5729283439877055
20,1.0121347921171882,2.4226589371123235,2.4784383317595386
21,-0.8508776383933548,-1.2218401989517895,-1.4154484567377814
22,0.9513077278930385,1.858105026577427,2.1377919882204965
23,0.9843226958985787,1.6190289166554246,2.17298639793305
24,0.013326739533462834,0.0015138452133830749,-0.06050850973136754
25,-1.305117459782023,-2.5790072323883804,-2.810947272757619
26,0.1825991864400357,0.37365343007930035,0.5299723028669444
27,-0.3967939624635809,-0.5194353243852846,-0.5473979254822423
28,0.6036443722856523,1.0938878150525466,0.952363962666475
29,0.21659116859687227,0.22646034110939856,0.2620196342907443
30,0.49708499479514634,1.0727176634836526,0.9398622363209449
31,0.25917002084967056,0.403932752346084,0.39931250377989025
