id,h1,h2,h3
0,-1.6896157568815584,-1.8962550401969085,-0.5675510156631087
1,0.42289176323707534,0.563907841985534,0.15801781988216562
2,3.044934220955799,3.3159195725740456,0.9329736896147648
3,-2.0289984683610753,-2.2338190169764403,-0.8233470109573815
4,-0.2913723036830854,-0.3497735944154161,-0.10544764246145547
5,0.29282738993600665,0.37506718074230017,0.03950479313265476
6,1.332296910237144,1.507785173813946,0.4905799785536212
7,-0.15593637161911997,-0.1344095115003331,-0.18831778895381532
8,3.5199065517843784,4.052556303974341,2.0400250001785847
9,0.0036252354131257603,0.03734793515265927,0.00018913658798314081
10,0.3536340459844749,0.33608048517022404,0.2859821355698343
11,1.9958404567179073,2.166966676347773,0.7437093591396371
12,-0.3167209016891622,-0.35825526802507446,-0.12246539064325673
13,-2.0176925282369442,-2.2924812200863505,-0.6389264886264339
14,3.452511374119653,3.672058115001441,0.849022055185428
15,-4.204435672107247,-4.560015763818158,-1.7548479302851825
16,1.4191969835152265,1.655217782520006,0.7145075018823179
17,0.1269296153665792,0.20408969077864575,0.005761925720736416
18,1.988208946651256,2.2650914460241345,0.6518177936168326
19,0.8323785419080187,0.9180150647527116,0.2728476097575234
20,3.8326796375280914,4.272798016949884,1.5788933919557366
21,-2.3122684082167275,-2.6000056563840563,-0.9655704132829642
22,3.1609819348605517,3.8115057508303023,2.021515116248487
23,3.3944663237918946,3.719746535070169,2.008272231250611
24,-0.24891039692093136,-0.2919988141159144,-0.04566986592932806
25,-4.3951870005471765,-4.987044427468055,-2.4108788447313843
26,0.7646285148857503,0.8651692745836034,0.42213399509943994
27,-1.0599059664784383,-1.207230496731458,-0.6035023156160539
28,1.594687174606913,1.8565592411177354,0.34212772001898084
29,0.08396793795589319,0.00016591569174204124,0.1841761226281856
30,1.257972769132179,1.3911181862823614,0.40192882341727504
31,0.4673436512778876,0.5459882511217156,0.17890976207323162
