id,h1,h2,h3
0,-1.1120368314272597,-0.9079861400760428,-1.0376499687261433
1,-0.028019365235414373,0.010511530208776959,-0.015533459098337005
2,1.697392195488574,1.3389550927778044,1.6421491697426134
3,-1.4048540202614692,-1.0563744560469273,-1.2391774864860776
4,0.1692776399000473,0.08152344652097049,0.130789404038815
5,0.15072463416301934,0.14667772867825848,0.14434952062535958
6,0.6719764460125582,0.6015601634478983,0.6263234844063947
7,-0.5138815714306276,-0.37601463815547015,-0.4570695878659084
8,2.2148257072837314,1.9078258161099222,2.073891936209704
9,-0.07644447775430485,-0.10896563142285348,-0.09037429486380788
10,0.4803474710472936,0.4042194996929383,0.44089567270236973
11,1.1054093160305734,0.8256955925060265,0.8802324817635508
12,-0.4518334221860484,-0.3514432710922678,-0.444615828424743
13,-1.068946861985165,-0.8466697815616077,-0.931359034451688
14,2.2323305726685607,1.6196053595802518,1.940058509980683
15,-2.804741064845227,-2.2452494593905423,-2.495034903918069
16,0.9164068302911087,0.7105284112374299,0.827909433585295
17,-0.17574906937729914,-0.028716012487123313,-0.1414950658686545
18,1.2390895354262383,0.8650860022845276,1.07966892648719
19,0.38668396458001336,0.35913311227460376,0.38170860954739655
20,2.4890015581586002,2.0031227268725678,2.0935363287518096
21,-1.2049962991143786,-1.1007253017936174,-1.0699976700971328
22,1.9058834463056258,1.596307353828315,1.672375949601491
23,2.59123022441807,1.5909984661123395,2.3391655475861297
24,-0.2413887628232791,-0.09039679998520544,-0.17313094791953537
25,-2.9293617882778715,-2.5379740248444813,-2.7230796642607853
26,0.29915888832450543,0.3086970152037867,0.30907060530712327
27,-0.49401149908431075,-0.521449729900309,-0.5341849859779683
28,0.7592295595395571,0.5701446390827214,0.6935917181997702
29,0.21867561541538033,0.12473834413126156,0.18572933112399787
30,1.0637176957238557,0.780627135853174,0.9471855277192889
31,0.2780158839153589,0.28837483770800815,0.2685982687074271
