id,h1,h2,h3
0,-1.3136477298563838,-1.1946476135297432,-1.3016732316453592
1,0.14028671865370845,0.1325865948112384,0.1532411290240217
2,2.5954261762902293,2.2042822099146924,2.4448159670454626
3,-1.9767545737483025,-1.6298578734861473,-1.8928830882780145
4,-0.06485498068185289,-0.06911146395416828,-0.06471408783794118
5,0.42773005768255695,0.3499630634470594,0.4460606187077228
6,0.9952895034728808,0.9606616841202296,0.9951961901278322
7,-0.34592431476726676,-0.31205087928793707,-0.3689740817563293
8,3.4246596705553856,3.061582451871757,3.341236460835544
9,0.06680040639845353,0.03636581986437109,0.1096970453810368
10,0.779249891810629,0.7042685281042089,0.8063380661929711
11,1.367501220538447,1.233330240617096,1.341427279927536
12,-0.7587343622952487,-0.667969674393557,-0.7994361106573782
13,-1.5073455360404309,-1.4536309461732742,-1.5221711732695449
14,2.7376249035821494,2.5017079849411825,2.642956407004175
15,-4.1154173243704895,-3.3079785708192064,-3.6990464954595392
16,1.2819722985330184,1.1808735659275187,1.3062876091936733
17,0.10724768786782896,0.10483880015906621,0.1216588269210252
18,1.6196161791032915,1.503848238032468,1.6358246868244342
19,0.8387540296545051,0.7703553311721123,0.8734356435330949
20,3.4265812051607463,2.9542712912043054,3.2187574889328103
21,-1.8691893583324215,-1.6381943194347697,-1.8544790390103931
22,2.2908493243343044,2.1198725714935724,2.133766410217734
23,3.004137587940921,2.827487786615589,3.039514177819966
24,-0.06468870829456858,-0.04420357634401789,-0.07828085770812188
25,-4.30646244853104,-3.0750740673283796,-4.091790922602603
26,0.5398597234581193,0.5512392946376607,0.5341203164971495
27,-0.8438184462961342,-0.7759819872675229,-0.8709733462220962
28,1.2716928398593157,1.1686991077780355,1.3057271828761337
29,0.40958218193600104,0.3876549144747636,0.40503690548999494
30,1.1388260951390539,1.0288205222832723,1.1383427679017573
31,0.4396486398994359,0.42245180396023657,0.45593693500601234
