id,h1,h2,h3
0,-0.8300634912813982,-0.8516259098258425,-1.0006327015466578
1,0.28967149629620487,0.2973985075830985,0.17795605886579346
2,1.5132135803112496,1.2380285673025502,1.444494296544808
3,-1.130082189537582,-0.9181791074814571,-1.142356146006258
4,0.012593587285253505,0.002343657919218603,0.061885372779634795
5,0.18272896702694147,0.18375550404563645,0.20577403650113996
6,0.6041080725248129,0.604622483373311,0.683549502322848
7,-0.18403811010140617,-0.19057917093702292,-0.17392114167630646
8,1.8302750492422017,1.6556472281578756,2.1153022217667927
9,-0.039323937528228436,-0.06369180415285877,-0.07319493390287857
10,0.4455019860993767,0.461970333334077,0.5526540947070822
11,0.8577980013053527,0.8816222827549303,1.065765597630858
12,-0.2854964192371118,-0.3121247939458901,-0.336606343302859
13,-0.8827271788399573,-0.9276259677061148,-1.0973779653152163
14,1.770836765316381,1.0748953185850234,1.28107028934916
15,-2.2867082181675134,-1.8477961692481923,-1.9421163293620967
16,0.8642984951710284,0.7971762886811576,1.0637418626052313
17,0.11975537556557406,0.14927298794524263,0.17254217624216506
18,1.0279996974941534,0.7628137475203729,1.1103497150238157
19,0.38035620510048995,0.35588692373364145,0.3838745868212276
20,2.1214883414357915,1.7092001088461282,2.083194836363105
21,-1.1485771164671637,-0.9529777191101305,-1.2937158304523877
22,1.6031173799831624,1.340316409131586,1.8409901456851299
23,1.7862324724954664,1.6074081317618667,2.078849284275445
24,0.05424734605066017,0.0485037483154338,0.005125827732942789
25,-2.3688507921085313,-1.9586458228531174,-2.618370364038959
26,0.3703784133153258,0.38019646146038844,0.3882959221776497
27,-0.54606848005841,-0.5366762943114274,-0.5753124606683179
28,0.7131026994938475,0.6603139631538799,0.8215614306513704
29,0.31479931087884205,0.3191782892212605,0.4013699194719044
30,0.8600847205892109,0.599339522157656,0.8322400782394367
31,0.35274038539544034,0.35393621342291837,0.4077465103202243
