id,h1,h2,h3
0,-0.41019730770154544,-0.655465845185586,-0.802374669777816
1,0.01152016240980716,0.06763180642544442,0.06536526511005022
2,0.7181677227073224,1.0986128670339865,1.190845822335949
3,-0.4686474245871615,-0.6873004184647826,-0.5890618909129911
4,0.04964778599044595,0.06557159626157993,0.16325252387227862
5,0.02516490397383918,0.03501132996654415,-0.004395641860206967
6,0.2568257326775983,0.37923879325387155,0.42090227723409157
7,-0.21021823655779825,-0.3079877203745174,-0.4671874790030942
8,0.6989824895005607,1.1913954923906025,1.2513186572235617
9,0.052226654331920405,0.0736099371463777,0.11906879402339025
10,0.26498675917843445,0.4223704006536702,0.5203035251638495
11,0.42757877701741315,0.5348273165607187,0.5166459086514616
12,-0.26801165648796005,-0.3579525954922895,-0.23708268570102078
13,-0.09015449016950783,-0.33123238919490355,-0.5791831312508343
14,0.7789088694237445,1.1603456231295965,1.1684434151428118
15,-0.7757803755501986,-1.5592369846609262,-1.57293386011508
16,0.30646403064239336,0.5788877466565917,0.6260000805441025
17,0.03843805985601109,0.057482140277758165,0.08428821102366149
18,0.3401920544311861,0.5532816639827534,0.6808384867345253
19,0.24933499226212708,0.38722145789703044,0.4446515234795879
20,0.848152892862124,1.217905196908499,1.1565204659523192
21,-0.45067472595320285,-0.8252552765476395,-0.8232639074423077
22,0.5150546154435879,1.0833409200528306,1.0316257449892647
23,0.8284902067507732,1.2316996365542794,1.098450492373988
24,-0.04265038677430488,-0.020116457907879692,0.0325415223601096
25,-0.7807464112513287,-1.9219767418346083,-1.730479167145564
26,0.20488240012462974,0.27481466772715246,0.1993202225762755
27,-0.17756857377974258,-0.31195297609725453,-0.41961747589210635
28,0.34330178846954135,0.5253517843228066,0.6660633650508881
29,0.14136834200711068,0.15702116194716242,0.18387142513259558
30,0.33602961736504317,0.41288984499656617,0.4570038086452881
31,0.07480317473988174,0.09641598393416273,0.07517706613550001
