id,h1,h2,h3
0,-1.429711690381721,-0.9472901561211824,-0.656633672661931
1,0.16486187208566871,0.048218658543454584,0.0016561967276696454
2,2.1782585086257074,1.1899409290076097,0.861128990767392
3,-1.7558758432160462,-0.8583935275237156,-0.5471178873316977
4,-0.052214263106813374,-0.022491657642301682,0.009740429120793925
5,0.18126843851711888,0.08971470273503751,0.04243347595915198
6,1.0241697703755588,0.5162099825556525,0.3792000397524629
7,-0.4160346760838275,-0.2478442450389608,-0.11507425602477535
8,2.888822643352242,1.7109697482627162,1.0273480272111006
9,-0.14879094103621643,-0.14006182191564368,-0.13739283840162445
10,0.7082404975873735,0.3897057622545852,0.19497136106883042
11,1.3777194323976825,0.7092323582005025,0.5577619351929061
12,-0.6259297923473732,-0.3615891048202081,-0.20832946725015258
13,-1.4319729634437035,-0.8257914270164961,-0.573303852615439
14,2.6045290040985147,1.328214313220569,0.7698692453638368
15,-3.618752847880944,-1.9490618334643999,-1.1824974662991083
16,1.2818429083514753,0.8056310321998121,0.4916454839156973
17,0.2201844439317346,0.12887971840184534,0.057930209755014006
18,1.6508387624946372,1.016544668467906,0.7227891622657483
19,0.6926769467593195,0.3676301538149185,0.17433021578135768
20,2.9906356598712085,1.784517343539226,1.131590346778489
21,-1.651537861239136,-1.0342467803413429,-0.48295816472231917
22,2.347163020184147,1.1144314553673924,0.7643160846026693
23,2.779752293147161,1.7235698323633575,1.2306707300400395
24,0.06090270730062275,0.054108899851590064,0.014103709205107562
25,-3.612554136103097,-1.7755648433785856,-1.0836126116795421
26,0.9564336442832003,0.3909404692248336,0.17681074686149906
27,-0.7942518552623579,-0.6350410768313888,-0.44562266125364863
28,1.286349579683518,0.7072888687400496,0.372886831422835
29,0.42279096783715003,0.1595258259062211,0.06333686446430561
30,1.218973007760167,0.7987389462468716,0.5470301007072331
31,0.4428013000149599,0.3839702601769889,0.3124149903853256
