id,h1,h2,h3
0,-0.7710961142308906,-0.8024565281378687,-0.859886816653286
1,0.21401742299425705,0.4770903104995449,0.3342072890243143
2,1.4154417206870984,1.9299145439679606,1.7527243410233058
3,-0.7798426060270321,-0.9716586538339436,-0.9564024470178962
4,-0.007902249136748807,0.33547122210066693,0.1334756467018492
5,0.05525564469002968,0.08260660310348711,0.07078585909384641
6,0.4779409835803212,0.8830247874818569,0.6306109033215568
7,-0.15008984179200785,-0.09582688174816736,-0.14095846015305108
8,1.4899260230060578,1.893563517206854,1.8468777594474206
9,-0.03073127190448674,0.3777873545453557,0.12039695398498532
10,0.20869025883736964,0.3066315985257325,0.25729209649075174
11,0.7623527168656352,0.9414459530871006,0.8854912568585255
12,-0.3069258404447807,-0.10737983802986911,-0.18766665425241405
13,-0.8874908539342912,-1.2386377414094858,-1.1084312586378633
14,1.4277876751843597,1.8926106894217063,1.6770364996425673
15,-1.6023691250319458,-2.1265015066530975,-2.0115923592122043
16,0.5334985179339359,0.42020536338660774,0.5061410765689631
17,0.2730280187577621,0.6902778191652492,0.4614419696037325
18,0.6566698312943542,0.8980491565390335,0.8392442545651883
19,0.266497455914366,0.3811766476612625,0.33751701692628644
20,1.8713812182367395,2.286270372218421,2.190252853142061
21,-0.9338420330849861,-1.1002466065660292,-1.1075535993343126
22,1.1660460699102142,1.7301501154365133,1.5750669706507112
23,1.529273603197209,1.7494163336350506,1.8998906334275945
24,-0.01023868039442477,0.1280525622273344,0.04757407828538596
25,-1.9340179403250484,-2.5426577872327085,-2.4838320631192254
26,0.43798520188785084,0.5416753001703289,0.49456862806429913
27,-0.494664026232675,-0.6478485326097619,-0.6036590358791651
28,0.6601405366353619,0.9903261972192606,0.8378311335601221
29,0.2542946085125682,0.2970486275338613,0.28387243849257626
30,0.5710384401206223,0.6316922280548074,0.6092944282996972
31,0.482746339441035,1.0323253115453777,0.7049065481886965
