id,h1,h2,h3
0,-0.6223170968133471,-0.4176619909995146,-0.5125608021157164
1,0.21595290159878056,0.1491033881435933,0.16677049274662004
2,1.1516124926282245,1.1005697710527667,1.0894279310727577
3,-0.8518071187817382,-0.7442912478790559,-0.7361419439414194
4,-0.060717972112758645,-0.029992896759089782,-0.04061224599286761
5,0.15319618398666882,0.11873984903544813,0.16828313836874487
6,0.6302548395432882,0.4713226586796162,0.5819089356753084
7,-0.1885843545374094,-0.1450620360548882,-0.16286022010821902
8,1.4545144586106713,1.7003050144574319,1.5161847307554934
9,-0.08310177880315034,-0.05289737792970339,-0.06973810839631758
10,0.3187692854592581,0.22048617722145814,0.2671834909060461
11,0.7439215045727898,0.6951230821402785,0.7300123063410248
12,-0.266571167847184,-0.21955366127577647,-0.24604774463379092
13,-0.9064612065073452,-0.5912385036991761,-0.7449468905746877
14,1.4719508356343767,1.5453544658255027,1.524920307769857
15,-1.7419835953166847,-1.7743083853485513,-1.8673455394611636
16,0.6233113612297804,0.5677867264017908,0.5229928330634763
17,0.07920803950148092,0.1229882966383955,0.11158288086020901
18,0.6122125979501113,0.7668608572093515,0.6498170407528115
19,0.42156201527576376,0.2614029112656151,0.32780274366250967
20,1.503415042607454,1.6970266737442083,1.496218315166293
21,-0.7976091019710971,-0.8732626880700536,-0.7094241301770451
22,1.2052704756317232,1.0245625617683358,1.5657020315181738
23,1.565590257913571,1.5764169111404214,1.425784468101991
24,0.10645172641393444,0.08198997221589506,0.0992617904077902
25,-1.8768909663050168,-2.223857375579489,-1.96233769493531
26,0.48559391341841296,0.2504078061585256,0.40311668364190206
27,-0.41434115130229937,-0.25283156134876955,-0.32075994122165674
28,0.7193192140968271,0.47755991766941003,0.6096725359183817
29,0.2509547648936886,0.2020970291293428,0.21362338307450146
30,0.47245819086720847,0.45451327082912096,0.4225826401805634
31,0.2624061668051282,0.12959518178545618,0.19274542062104266
