id,h1,h2,h3
0,-0.6885411084191937,-0.9485269513894263,-0.7906601074903046
1,-0.058991453084224,-0.1295374310597926,-0.08866588691873525
2,1.2143574166891504,1.504802797963199,1.3565509461237542
3,-0.768748003290434,-1.1344073704958337,-0.9700220465086338
4,0.06254092175150114,0.012815396347986063,0.02597462499382841
5,0.18439627167412762,0.14757252724968287,0.1969684713845758
6,0.5657150490188207,0.8510352776609039,0.7280365709663098
7,0.008218728133313757,0.06140495194355347,0.03736237051125693
8,1.5805947561724907,1.911962668971069,1.7618687452165385
9,-0.14583538286567133,-0.22504943388229012,-0.19984966695367462
10,0.22872294118526337,0.3631276095537327,0.298959286282977
11,0.7452012282779336,1.104126294527423,0.9276286725194604
12,-0.32417082714679624,-0.44665034830126105,-0.3654849090384329
13,-0.9161424870521816,-1.1502009844062633,-1.0696658507413879
14,1.2497395518045065,1.9919727157528488,1.5934335386344152
15,-1.8300028470156195,-2.683918016800255,-2.1330251907109568
16,0.6969660281018921,0.904159834727119,0.8236936547726548
17,-0.12867178170591304,-0.1711956814811084,-0.15259177613795075
18,0.7236889397931852,1.0294934709354113,0.8907609888612334
19,0.38582469842916856,0.5695187544609135,0.47555541910366633
20,1.7829851993226704,2.6026860110019374,1.9686055175297739
21,-0.974282446731237,-1.2354188945747502,-1.086792688676982
22,1.1584925426421164,1.3692375996033501,1.1062591962064072
23,1.5515942970198244,2.1525210683872644,1.8296849363380476
24,-0.02740818830867553,-0.04290620196747941,-0.04086600969888293
25,-1.7195723711304383,-2.744443181245597,-2.3764004970239356
26,0.42633850972290044,0.6180325708772156,0.5669407163392206
27,-0.42929822649890265,-0.7771764284082923,-0.648330406956793
28,0.6499580006474204,1.0212360679063006,0.7033445066459687
29,0.23325520224576912,0.3946091271005131,0.31708889487537284
30,0.6137394600241446,0.8831826429360572,0.7075774257567997
31,0.3035153488463934,0.40469479091743144,0.3784531751698193
