id,h1,h2,h3
0,-0.4891174937015406,-0.3906485990143706,-0.590854897737996
1,0.07324498234791932,0.07005786119164542,0.132032770946668
2,1.0332429720817375,0.71950142623958,1.0253603976081531
3,-0.8588525147605981,-0.6951708005713826,-0.4684234204311634
4,-0.03974335586195357,-0.029905063706153978,-0.021996762018014038
5,0.136134194879248,0.09884413882927334,0.11629172573171803
6,0.5240286380783241,0.3854282572260931,0.4480867154975911
7,-0.04024109364848646,-0.03594301465242508,-0.07237116259511402
8,1.4733848081399052,1.257366137645075,0.984764389924766
9,-0.09648937103507665,-0.09465197974244002,-0.10087366565305997
10,0.09453404591657066,0.09602691882968306,0.20148369250438738
11,0.6589233006976533,0.5182075798542016,0.6288834218175181
12,-0.11258231559998044,-0.10759988154517508,-0.2468835764616159
13,-0.6677040729903716,-0.5411538845575452,-0.569759885006045
14,1.2326590692650303,0.9586646078929179,0.8501969042853712
15,-1.7749954906636984,-1.4367790142004064,-1.2015147654998464
16,0.6329580217831651,0.49244403921148017,0.4558288814594583
17,-0.056696430142131715,-0.059067568541020965,-0.07589386758744504
18,0.7285271417833818,0.6067521182932408,0.5979194515692332
19,0.27927663791416235,0.2803538967165859,0.3623290900969351
20,1.5432553541929033,1.3004982182793428,0.988588456071964
21,-0.8649256334758032,-0.6387461941856611,-0.5525975394717023
22,1.1437349241013068,0.8481633066537928,0.8320067592075828
23,1.424944612023236,0.949181766886172,0.9130942997005534
24,0.11516307559999378,0.10852662678895664,0.08621516552097158
25,-1.9595306380777806,-1.1430637947302134,-1.5102803973918841
26,0.2499607743234668,0.24535582206485052,0.2523203985158603
27,-0.15643011093161063,-0.17247297834749967,-0.2262731549938646
28,0.38210074434771846,0.39280663183300957,0.6272827702092405
29,0.16775907553642122,0.1803925180254578,0.2799797609959545
30,0.3903385485145209,0.4053851718627566,0.6209820058175596
31,0.07158586001209144,0.10872867495454508,0.1641303934582565
