id,h1,h2,h3
0,-1.07043744954036,-1.0348189229385296,-1.1757817523936511
1,0.35658245490515705,0.350262263881592,0.3933210739646965
2,1.9193908671643478,2.0686911905843477,2.0531640531668307
3,-1.5263226809135688,-1.5422870090591154,-1.6029775273298148
4,-0.06056643860405647,-0.07681472306205,-0.03864715206326799
5,0.04854535282374001,0.04146670929072788,0.06215796969833404
6,1.0245478503268945,1.055419346172858,1.1410455131003623
7,-0.09611543962700898,-0.1053438890908144,-0.06168450992617256
8,2.3350442310446766,2.332924969036478,2.454645747833556
9,-0.12141064460602999,-0.10373092711713242,-0.16001921622166193
10,0.5076875004282211,0.49365497607894593,0.5978543007016928
11,1.1714672633304741,1.2445738016238368,1.2157043788085597
12,-0.4325876619238903,-0.41543663039930334,-0.5049471535491429
13,-1.14242348448036,-1.151978081379371,-1.207210918475672
14,2.236769843614978,2.2714949416495736,2.3834837149602244
15,-2.840744407480264,-2.940276192502841,-2.9635661032342706
16,1.041075529251221,1.0946186677533658,1.1415609080968903
17,-0.0016865571866470641,0.002068079487372365,-0.01828888496996925
18,1.4313816080737918,1.3920600626811401,1.5811232648432219
19,0.43352717920615236,0.39199416082643906,0.3724821230018493
20,2.5232145097558267,2.5825813656589762,2.6547149927487776
21,-1.340669549953909,-1.4072528159644258,-1.3603707796442588
22,1.837599437313721,1.9271503388408793,1.9362882124395009
23,2.2730095736307967,2.327583678325593,2.329496277453233
24,0.04794470987264893,0.04520142433450944,0.033065709148285244
25,-2.8984273870533346,-2.968980610292145,-3.0880233598524036
26,0.45818425773290833,0.43926296948652765,0.46457613008537024
27,-0.7013734061908193,-0.6932908144058546,-0.7166674831117199
28,0.9351913680391996,0.9131849977211747,0.9917575701084933
29,0.2879921851402284,0.28268344713706417,0.2981721277794286
30,0.8335167130720474,0.8074088176297434,0.9109305028333496
31,0.520475532618311,0.517365699814476,0.5520319685065626
