id,h1,h2,h3
0,-0.8655596943642134,-0.9267606508257863,-0.9330439844515324
1,0.13341562077221417,0.16428655938144954,0.05060118825655997
2,1.940392289604249,1.8116597338707847,2.3981078470080552
3,-1.265515034803203,-1.219660349013168,-1.3818969127286007
4,-0.11267617514900521,-0.10498740849882393,-0.11567249978115801
5,0.35266500001927054,0.2946448781258193,0.44173796119569925
6,0.7306019222483654,0.729300398178684,0.7951064777098972
7,-0.16950286360491082,-0.156200563828911,-0.24211050561384811
8,2.2323745359692664,2.1414539069866185,2.345103042856701
9,-0.32282357875036366,-0.2984824600378594,-0.4371488268805599
10,0.5034498718358785,0.4982927147523398,0.6133536303081877
11,1.0656577884442735,1.0301994467943079,1.1580531755216297
12,-0.5267973553878057,-0.5245097131286411,-0.6866678108802109
13,-1.188638250117542,-1.1475459675493325,-1.4506092439540503
14,1.7961584038529113,1.7808812497254145,2.1846712452840285
15,-2.6082714619651113,-2.43720390671031,-3.046835489643136
16,0.9366231253505048,0.9135463605955536,1.017386564147394
17,0.024394434732308512,0.013032818304524463,0.10084955290748898
18,1.1566702058255638,1.0876003994026004,1.256352022457209
19,0.34280880072076064,0.34912844643486945,0.3386856119527779
20,2.1884563069172507,2.290181622408223,2.5876861136175546
21,-1.3555843662513567,-1.2785945021898502,-1.5922031349228833
22,1.6649553190591464,1.6746011978366802,2.0411431296426135
23,2.296751401423577,2.026446978330833,3.0275582445961167
24,0.23617325045336995,0.23841781460993805,0.37813466997908207
25,-2.602846302641276,-2.6565330410705363,-2.923021145133929
26,0.6270886529249433,0.6077762647716469,0.7595583141494036
27,-0.7027624164645858,-0.6990670902626723,-0.9187034889592787
28,0.8446421675707306,0.7973142495973798,0.864489852497262
29,0.2729387245698478,0.2764735391368631,0.2501749954925933
30,0.5683834112767787,0.5473041906681141,0.5895127318736302
31,0.25692732373519467,0.258789374770391,0.18380774329701893
