id,h1,h2,h3
0,-0.794212559053565,-0.5682158116083118,-0.7822796417128969
1,0.18761949932193928,0.1496039576931517,0.20073274436323502
2,1.3889008274102703,1.292426230395401,1.3085586401386742
3,-0.9062629810267009,-0.7881383465968539,-0.9091287049121287
4,-0.12857486120796324,-0.08284192611271812,-0.11375865252283507
5,0.14600509982843518,0.14924669022062462,0.09558358039380195
6,0.6372818132774514,0.3600022074783504,0.6620827012697166
7,-0.19478894747702874,-0.051201388570742745,-0.21782866305182635
8,1.7056008955474407,1.2456872148436475,1.771184654358143
9,-0.1347805448303866,-0.043206915507676885,-0.1545275902545599
10,0.30604682902778385,0.31359595042513666,0.3450170134102831
11,0.8079291465184184,0.7119886411097146,0.8641801498134849
12,-0.3209089569809076,-0.21477839274680918,-0.3945027295101453
13,-0.9542068608169082,-0.6544957317474359,-0.9633462785943747
14,1.6040758274717999,1.1960984364259037,1.7334174169880432
15,-1.984434542874307,-1.6909189061018597,-1.862882199237252
16,0.8690919569267535,0.5656070471592445,0.9227378538107187
17,0.0025687429002594388,-0.005046394640915901,-0.027440495811890103
18,0.9516822790420569,0.7037087052213158,1.006716695586106
19,0.5798020251903805,0.36271196767100317,0.6502851350377828
20,1.817829503022616,1.468081038360937,1.9717479155909248
21,-1.007871540676653,-0.7010079030706023,-1.0580904203193062
22,1.4133967644521994,1.2691714740892877,1.3326779791310506
23,1.7473309810026243,1.3187206422533722,1.8025770024231362
24,-0.05668245723848178,-0.030419459821850015,-0.09371530406648933
25,-2.113872442612556,-1.5694357968912633,-2.3956621410048147
26,0.32097896315422475,0.23020617244042474,0.37463224825727864
27,-0.4943783330156428,-0.4600832257355042,-0.485960346516564
28,0.690218821749447,0.5334827903075983,0.653390100192538
29,0.13352488715891814,0.11615677957556128,0.11866523967155973
30,0.6058648370326668,0.47581731982954867,0.6376163212579236
31,0.42687817065736455,0.27384961236272576,0.49880515058273445
