id,h1,h2,h3
0,-0.2613687429031627,-0.4103985488994393,-0.5492510695006554
1,0.10408782466156302,0.1669914563314845,0.3552972749322043
2,0.7413604942641142,0.6905055270954428,1.566150432621936
3,-0.5711890840681042,-0.5348975066611157,-1.0736278198401197
4,-0.06400365460416754,-0.06128779565412143,-0.03786137274373749
5,0.07934617116453248,0.06931803645820547,0.0679274766184709
6,0.18287079436362147,0.28866768625179773,0.5884905370293105
7,-0.11997494553421287,-0.16766769063892212,-0.3449889178533174
8,0.9027855519411315,0.6876604906865214,1.5091887740210006
9,-0.07083941597080812,-0.07099787482478453,-0.11430880076670559
10,0.19600609258971596,0.26828524328256875,0.40891475631017743
11,0.5771422238930011,0.5280031624016247,0.981533724641733
12,-0.2253657718854391,-0.31400406676851755,-0.40804334901937833
13,-0.41184034799321667,-0.42555194990124534,-0.8759887869954616
14,0.9613702717448371,0.8889773074261191,1.6875436057656334
15,-1.2041130512961165,-0.805996406599043,-1.485474056800116
16,0.44330263571411394,0.2802262619745633,0.7694697736560451
17,-0.06349396059484569,-0.09092248070152342,-0.1980320619744462
18,0.49196135331991914,0.5682468691517943,0.8930416791612608
19,0.18016344865222628,0.20368903134864075,0.248339243485745
20,1.101959494633156,1.058063618888177,1.507384711113669
21,-0.5213771987279965,-0.560007848465486,-1.002418548551594
22,0.6665905156039859,0.5496871227316772,1.3118958079898244
23,0.8586191701253012,0.8474104990440448,1.8740031440064335
24,0.0326776620442103,0.015209545242243414,0.17525563475555656
25,-1.2467959451325605,-1.1085122609766735,-2.0564600477027106
26,0.1838022273331094,0.16904241573858014,0.5216054383683385
27,-0.11950955745590647,-0.23199106524964166,-0.5962885300547549
28,0.452572753833836,0.41425778472445324,0.6762829288016478
29,0.01519582799570196,0.06476768877319419,0.2713278783130868
30,0.2976805881069706,0.29010807811340356,0.5215508480986486
31,0.14612396627456858,0.13976588305489024,0.20512612359588545
