id,h1,h2,h3
0,0.07758202192531971,0.07940068599021377,-0.04875465132174478
1,0.18571873070200579,0.20524892609960832,0.1933925717128956
2,0.08775272560704134,0.06362418609017462,-0.1009338098241514
3,-0.058246080498692177,-0.02955827715596343,0.23540197550296255
4,-0.05490583660600573,-0.054443421425054234,-0.011255159290996797
5,0.04113512151390804,0.029423954956659656,-0.13725194628996262
6,0.024777693123981315,0.058286097475156895,0.1778535814635283
7,0.013127882232517735,0.02726893952235747,0.18658603832986043
8,-0.044233098600699045,-0.0033099758964243997,0.17082238974814645
9,0.08585435471852298,0.07839862356571348,0.011537664775723933
10,-0.06140398394714697,7.93059428427223e-05,0.3229090733728963
11,-0.23529987856013823,-0.2255245970255369,-0.1096118545496523
12,0.22757063532761754,0.22203930308803885,0.10202050015560826
13,0.08381709550525572,-0.0037875072031249013,-0.36690533031969863
14,-0.0841921461962341,-0.07125232341588508,0.14302153137981585
15,0.03824515964604279,0.026697160989198637,0.03597143333769752
16,0.043428277804435214,0.05936600147414656,0.047865914094031015
17,-0.0985998106509946,-0.08753138451707776,0.12556931626909124
18,-0.040865029827694715,-0.04732825021534495,0.12855174559418553
19,0.004391499847065883,0.037783146031134085,0.16907816620675536
20,-0.022154578207638498,0.04390027143072439,0.19308691812603976
21,-0.025716927881712953,-0.01060748399424779,0.12555109045767693
22,-0.17409811989929277,-0.20763665203876402,-0.13422727709262847
23,-0.040196487504812306,0.3120111386789637,-0.3797466542776056
24,-0.028621722202870653,-0.05437441061671504,0.023614410678919673
25,-0.04271961068147612,-0.046015354347165416,-0.06309243800350661
26,0.1381447119982397,0.16430651405622168,0.11306648094393768
27,0.01178665315615604,-0.03129270222214581,-0.34591319120358827
28,0.17214825300473532,0.188269547604735,0.1035852043792036
29,0.057166807420685264,0.06775373491813844,0.16326401287603762
30,-0.031201011260917844,-0.0036658023013123597,0.30144763131924934
31,0.12793749668290416,0.13392161574400008,0.12656940669654587
