id,h1,h2,h3
0,-0.025836858590319686,-0.05210788833650212,0.019409456707969605
1,0.1952310512275358,0.17096280318190255,0.09863511170056827
2,-0.16093539328088027,-0.1724090015108333,-0.035040890209952796
3,0.4295845609941399,0.4269799624917725,0.1396679536880338
4,0.055444215073873364,0.0433256960557665,-0.0003216398953041974
5,-0.2749887716286881,-0.31787734444018,-0.1170847141314783
6,0.05706154837657951,0.056931632313420855,-0.02001515968490636
7,0.1254664214968993,0.12105446764348421,-0.019358082363900728
8,0.1344093785004064,0.13357577246321659,0.04515808870772593
9,-0.1265082144402429,-0.1360363750613051,-0.040937657715494985
10,0.3837972366527481,0.3777376654247029,0.08650881835697392
11,0.1951095469848012,0.1659476913239858,0.08198070319687317
12,-0.1804837585718092,-0.17022703461874475,-0.08395402627066204
13,-0.5239110832466065,-0.4683500572823183,-0.14385840134033417
14,0.35436551951667816,0.32668688002947555,0.13747901690375755
15,0.03679454433029017,0.03836555124041835,0.06413589086038446
16,-0.1214681607964811,-0.09881655120857319,-0.07164743266684964
17,0.21738243683805047,0.20566962302411507,0.04503625980895504
18,0.23975391401743612,0.23477829576100312,0.06912873748017642
19,0.2753832098580865,0.2326203675318854,0.10521072200320575
20,0.1590851728521771,0.14890441530613047,0.01825393153324005
21,0.17334124688372904,0.13007340477602214,-0.04340517228846469
22,0.08295510328920058,0.06464033374076622,0.04038876126043396
23,-0.48928550319223296,-0.4827466642535903,-0.15134926840067242
24,0.2797216193319139,0.2808094060822698,0.12514148989553217
25,-0.17633491524072345,-0.1355246416309847,-0.11340704691938058
26,0.02683608237106777,0.028684017455973876,0.05216666099942552
27,-0.3564418336129185,-0.30838289158903465,-0.06397150202673041
28,-0.12770715890745926,-0.12792872214022943,-0.029615827780446136
29,0.12208183011743126,0.11144336343337471,0.05770653181545515
30,0.3199123692610212,0.3336792143457299,0.05836389331999725
31,0.1433025149071716,0.1095182387407321,0.18452455370464918
