id,h1,h2,h3
0,-0.028921888928206116,0.031240860547530308,-0.050693311939610526
1,-0.07465544518222578,-0.08772517215098463,-0.06407022786403363
2,-0.004126005848727132,0.058380633016982764,-0.04460922195846184
3,0.01674755564416469,-0.05595833827123026,0.07192752512757283
4,0.010689752834746824,-0.020846099441666877,0.024101824172505393
5,-0.04522025563213472,0.006477578246362914,-0.0910325132631375
6,0.08911539077236963,-0.0009324060799986156,0.1632889326775107
7,-0.028268807683918457,-0.06119910358458648,0.014430658535380239
8,-0.19178870906164452,-0.20825005785129147,-0.1158708934508422
9,0.12781160158138896,0.14914393977966667,0.10775820197212976
10,0.029447673048982687,-0.05056873040939261,0.10108840773462267
11,-0.02873773729248824,-0.02684847887282797,-0.0017672554501585724
12,0.04706537601611985,0.07609268305367073,0.013233211695835273
13,0.38410867798394316,0.6536167985240102,-0.5947538274791451
14,0.034976703781762236,-0.04804023190143902,0.11302420750140241
15,0.03267382042311043,0.03270549060263242,0.02363950923775987
16,0.022765819425034417,0.019074595191127308,0.01697599997877891
17,-0.040398096715340504,-0.06788691656581033,0.015301697515165663
18,-0.027779096865343453,-0.11468411309828848,0.011531654452545767
19,0.07966779107960545,0.04822370979502416,0.10333261091038734
20,0.10907148788547105,-0.11533059439648247,0.07720486307008578
21,-0.025824317996785195,-0.07891078569733066,0.012519775580856513
22,0.14440981832159233,0.11470999210453797,0.12915143282657954
23,0.2666581458979782,0.34389156730486464,0.26084859737873967
24,0.027331780068387573,0.011349668981265437,0.08163835886888322
25,-0.027881280568652467,-0.033829641988044445,-0.03654881318835351
26,-0.06896193305861886,-0.10983042402779132,-0.10159693518170508
27,-0.020675077805025588,0.052455395291060025,-0.09334205916251892
28,0.04766751586283338,0.10208421836736703,0.025464283709338453
29,-0.032727225107142044,-0.028086102557931758,0.01951862313950925
30,0.04749604604251298,-0.010224839781651673,0.1257381691577402
31,-0.030991762656850563,-0.0267947709910421,-0.04622769393977931
