id,h1,h2,h3
0,-0.0939889010114,-0.08212141906975806,-0.09880551619533995
1,0.04296073704269715,0.02271051505535171,0.0390240536193604
2,-0.13866294797543302,-0.11238645875600362,-0.11498607900391183
3,0.1631890921650856,0.12438135942369694,0.13341033175899866
4,0.10666124305853139,0.10846415602632681,0.11282634497501311
5,-0.08235237000223783,-0.07003813653555296,-0.07549867397953913
6,0.1510259768671903,0.1585419887118554,0.15930096035673363
7,0.13992197652301835,0.11868710807524702,0.12085152833094104
8,0.13429219776646042,0.14629425901390622,0.10925812949705188
9,-0.058679934918894006,-0.054992264943268726,-0.060272439099729125
10,0.18970517540203574,0.16295695879353694,0.14684279244931897
11,-0.10517895934952853,-0.11826861227237834,-0.10542498626871957
12,-0.018397586305733626,0.00016765898206366758,-0.0051506232974358745
13,-0.34351812913750707,-0.2439612610149532,-0.2553967071651553
14,0.23968381328948848,0.16222644756112775,0.16891856036750913
15,-0.04674828531083269,-0.052176298974424856,-0.03457366263852324
16,-0.1761484670266357,-0.18957561820426788,-0.18355084075163974
17,0.13399220606155843,0.13901498365330137,0.17092352558143944
18,0.18767490901188671,0.19133988736495838,0.15968627216401726
19,0.04337295042671635,0.03460616825160834,0.031639846937468324
20,0.1655790792043274,0.1490715332009545,0.1585161453514212
21,0.10424351524505426,0.0914422905116451,0.0926514440552862
22,0.06074960563225193,0.04130769456919675,0.05879205141937843
23,-0.23047798191766383,-0.16655603977880212,-0.1528072714776051
24,0.1733152674449021,0.1385200922559624,0.15481817375567203
25,-0.03024258507479256,-0.03253359149779231,-0.02442001754890424
26,-0.08864922141725706,-0.09494304595057734,-0.10324323794698148
27,-0.21003357612165513,-0.1722316098485081,-0.15391688586590085
28,-0.09398914389762597,-0.14653990486762358,-0.1184404564559837
29,0.11835877668907921,0.1142991642827269,0.10477767523046073
30,0.12343655656645569,0.10054170962511982,0.08505006261094838
31,-0.04018200479671851,-0.0319502355153333,-0.04712717993450988
