id,h1,h2,h3
0,-0.15520326354265487,-0.3245041009703018,-0.3204526957013387
1,0.14089888124242744,0.21198329588258555,0.18232404760291837
2,0.112061263226854,0.018438981033781665,0.006425209338659921
3,-0.20878293742568318,-0.018517153368615286,0.003116584969473174
4,-0.06901547257400781,-0.02192719365716203,-0.010148913976066376
5,-0.009277558522883589,0.03630691465358671,-0.1143368858567777
6,-0.08532550973245881,-0.03223217925878028,-0.03248080442760522
7,-0.16591068197628367,-0.0339028293453702,-0.050251022879329754
8,-0.0006027893696535502,0.09654008013116122,0.10604204949293644
9,-0.06794814572620766,-0.05914806735516642,-0.05304974233682225
10,-0.1186462296405969,0.05679933073720611,0.09006659185491614
11,-0.018450906514310417,0.002886561466161369,0.02032988572393249
12,0.2392721982124258,0.2139019119063573,0.19705393881973235
13,0.0676623110306212,-0.32290306385773804,0.20767852699226438
14,-0.07791671685172019,0.029255747168508678,0.019296597859657982
15,0.25409535722152343,0.2603238846113578,0.2818721299626734
16,0.04055139874933508,0.04648259505164454,0.05108443690875478
17,-0.058382674415803026,0.02806812992716995,0.038672991534252854
18,-0.03655694287325112,0.030707469211792793,0.016167592976279982
19,-0.035688032942854164,0.01508596856576655,0.002589828683631723
20,-0.1731150734711953,-0.008610588341853909,0.007489555515010349
21,-0.16942871384034297,-0.022651678740566582,-0.01758879745123905
22,0.1889065996610652,0.21398585984289542,0.1972614456140654
23,0.18973630324197022,-0.06348216566435089,-0.06081567562354834
24,-0.019170009743655347,0.06196199407833963,0.014019648177475141
25,-0.19525835072133127,-0.21914410574411625,-0.23999687006706488
26,0.0384904891242957,0.01298360476172139,0.025460133658804285
27,0.1429173222505457,-0.11555704043475487,-0.11047415267234578
28,0.14949946641097883,0.047256436558795814,0.024661960387720006
29,-0.06345178670846585,0.0009686993685028567,-0.003580851973510518
30,-0.14820684256090366,0.0829278453629542,0.09435045354332232
31,-0.07238758389974881,-0.06839988334116298,-0.08312320318213678
