id,h1,h2,h3
0,-0.5605178461334074,-0.6378876964253478,-0.5973402771961585
1,0.12062934293850491,0.11730972131637102,0.1291882541695861
2,-0.7341821202300282,-0.7471656682832805,-0.7744804462462525
3,1.81154051093614,1.7988733912049637,1.8853418311822294
4,0.28224163660619406,0.2719991320470227,0.2705059780414019
5,-0.6850195763073029,-0.6664590012067652,-0.695517563774056
6,0.39650532223081375,0.39573742663711736,0.41229046523223944
7,0.5373756610101723,0.5250990654719925,0.5209658384717559
8,0.7187234765083415,0.6823990417754997,0.7937653587072657
9,-0.26967452542743714,-0.2667027998373454,-0.24448352665092032
10,1.1380531822180409,1.1397250265998902,0.8346332582392944
11,0.1948757889584053,0.20882645669446753,0.16540805254343122
12,-1.0515674343581267,-1.1428410401147315,-1.2247899176508932
13,-1.6403018411826844,-1.5978590977267866,-1.4494266115528376
14,1.215487038727893,1.2047798044892244,1.2853986305241356
15,0.24520514256845766,0.24876669233893778,0.3253455911743456
16,-0.06705274524539612,-0.05715624222971938,-0.05765445761545729
17,0.6920982123415735,0.777806712017551,0.5272530180600687
18,1.2057912059656197,1.259696668105568,1.3342577415153873
19,0.5359841966678832,0.539428436594522,0.519927032054449
20,1.2548205864735738,1.2627028210067437,1.3484533806474113
21,0.7643712713893548,0.7719302886376151,0.777145760625711
22,0.10088392310260591,0.0950941115097663,0.09950626178953359
23,-1.5759424117586343,-1.3165858082064776,-0.9076690011453462
24,0.6277613223386241,0.6030858263791627,0.6261049371530196
25,0.14401339080944114,0.15510148206238616,0.18073738078145957
26,0.027266117149779945,0.011579415650402214,0.06647546003248195
27,-1.1036467986012917,-1.1217349890314086,-0.8506892090767767
28,-0.45833801819014997,-0.4663134727466538,-0.47161494720610553
29,0.5297915489921435,0.5519270489299503,0.5914452422306153
30,1.042161691068321,1.051855832005554,0.972679842770031
31,0.044687747806620715,0.07955976752621662,0.19254261298620187
