id,h1,h2,h3
0,-0.5372022457111212,-0.5280334707522465,-0.5532122438194131
1,0.23829293768923865,0.2325756675200205,0.23229505166361575
2,-0.8332012143281389,-0.9526484597250804,-0.9276379872585576
3,1.7326069169195248,1.9336762051313598,2.1839097245577657
4,0.3268898334390817,0.3646800734884258,0.3646975076032452
5,-0.8633807984268695,-0.869197008635798,-1.0683275505350833
6,0.6296988006050767,0.8638411709993423,0.7652883234019009
7,0.6997003415151696,0.7305866423475101,0.7281327675988113
8,0.607162175593063,0.6693037534031983,0.6609302797862899
9,-0.5188880217404457,-0.616775679401363,-0.5774343767251354
10,1.7536401668238195,1.936152993399786,1.9384377026075905
11,0.7069607048895643,0.888805407162847,0.7978256214721382
12,-0.9508838119737046,-1.0917432428572553,-1.039082723292063
13,-2.484519152839529,-3.1608795986719223,-3.3057463125468507
14,1.3076316733092317,1.5802830386311735,1.7971891738623476
15,-0.09922697172961065,-0.1254310452300043,-0.1121446348850037
16,-0.03909075351347896,-0.021541004572753264,-0.04307431794733774
17,0.9382378467089596,1.008487798464453,0.9973442994317013
18,0.7942718654083576,0.8527343194138557,0.8500240137246826
19,0.6262733051318108,0.659883308242255,0.6832430324859655
20,0.8529665286868381,0.9273034629642602,0.8928669513031213
21,0.7266954313435703,0.878121824349443,0.8396371645615877
22,0.07721651330439533,0.1294465062530032,0.11053479569325497
23,-2.2324714099494862,-3.054077286882018,-2.476099755061964
24,0.5784948685883603,0.6645386938350606,0.6287863519914468
25,0.11464891010471256,0.13675187273154507,0.11601404315919947
26,-0.34240873760684276,-0.4186441219536451,-0.40834538566161077
27,-1.6789715255056157,-1.766948921056522,-1.8820455621102141
28,-0.5889546794293516,-0.6949137500588811,-0.6636384421385108
29,0.3331234020307278,0.28688579240140405,0.30846177627955307
30,1.4062781855608195,1.293094894056289,1.4470285142966868
31,-0.09488132304835906,-0.0854915581549952,-0.09282858360596669
