id,h1,h2,h3
0,-0.32840147110950657,-0.9549141661506063,-0.5713948921334054
1,0.09747930878614874,0.09851505261768234,0.10340849218917511
2,-0.6366152601634634,-0.9564583310128949,-0.8239726557781443
3,1.2278514841687345,1.5508150780599472,1.4638013714441256
4,0.21734520283211042,0.1536281362320437,0.20405743595170991
5,-0.5321556921452962,-0.6349126197051438,-0.6287243049693557
6,0.35821672740735633,0.5356096790056165,0.4715952277571911
7,0.5793490013010478,0.6649341370495403,0.6762712879371952
8,0.48477404884965314,0.6257946089267719,0.5890378828411182
9,-0.29567844101763024,-0.45132776710854433,-0.38057687870659596
10,1.2599959624984658,1.5802703476453015,1.3783721833350813
11,0.2530519235401772,0.37795797770239237,0.3262285752189355
12,-0.505630062780794,-0.6589981510580798,-0.5575636828118633
13,-1.412166648086257,-2.523616208232523,-1.5289060997506632
14,0.7498628662848654,1.6958104441248953,0.5721356215307062
15,0.009545688972881702,-0.06615343530484388,0.03009698939377295
16,0.050656285741367324,0.06295666156314322,0.06080115696511659
17,0.5961619100482672,0.9962226905779173,0.7787215585688164
18,0.5464335135282671,0.9329645645237253,0.7310214839765738
19,0.35110063928118684,0.37761909842040325,0.40048794947715793
20,0.7126639842884024,1.1170765286064877,0.9086941981897732
21,0.4259366658189214,0.49855035552209576,0.49847831679032056
22,0.006611620925639328,0.06765333937258938,0.059773018863574556
23,-1.3078286562264096,-1.2428380712024192,-1.0108019257763956
24,0.5152075854876078,0.7746856663568795,0.6678683674215272
25,-0.06119934070758967,-0.07501603585075807,-0.07543513613097312
26,-0.031026311650075966,-0.03137594838025626,-0.02228969417556287
27,-1.0007413982875877,-1.8912710698578574,-1.2544527047045775
28,-0.22537529072437373,-0.3271418536574745,-0.26885270831868274
29,0.23172687652859206,0.3591466588372645,0.300553257211758
30,0.8969073518427162,1.1714930998639774,1.1091027455852567
31,-0.013097298028349885,-0.10172197256866627,-0.05581512024391233
