id,h1,h2,h3
0,-0.23951479329510703,-0.18080084525629114,-0.40953454724473953
1,0.05493123622182777,0.05477592141007098,0.010959609305264129
2,-0.5840673744511218,-0.5150934549210795,-0.8208799022019475
3,1.1391855039072925,0.6797439813094924,1.9064705259948374
4,0.3287470513201207,0.28036170923233433,0.3924797118234652
5,-0.5874012960187286,-0.5272061907113852,-0.7501346061461773
6,0.2767728606532428,0.23290989757227815,0.42613080939963766
7,0.5628600254286275,0.5116384738822659,0.637313251450299
8,0.4476192230473469,0.4140626338523231,0.48064255472842665
9,-0.19041499452846608,-0.1719191455159239,-0.245696473680149
10,1.0538267093051583,0.567196259975514,1.3163805623871208
11,0.3794373361266011,0.33414736448820787,0.5990957739725232
12,-0.4732434348260709,-0.41243972236910187,-0.5568946459320829
13,-1.4224385809968525,-1.004059286799318,-2.5387673584483332
14,0.9536411235463012,0.8051498028652289,1.3067756632776528
15,-0.04786736265030872,-0.04193383324559549,0.005491896478617614
16,0.012786963112432048,-0.008015415644760049,0.08643800747723279
17,0.6495562803147019,0.5637157057447696,0.9488998856802032
18,0.5622056537109017,0.3611394493730944,0.49343915024433815
19,0.5703173043550572,0.4981922933832031,0.8157097088750281
20,0.7945053018213202,0.7052800187523822,1.049180942353491
21,0.5578658723720301,0.4971668879991394,0.783756899738912
22,0.1828184637202789,0.1562753277293184,0.32715932783698054
23,-1.469093074715238,-1.29625598159113,-1.964309218622697
24,0.3595141689463518,0.1586381047377869,0.5750872827289987
25,0.0002839089578169571,0.00562695013444723,0.12909972405849582
26,-0.18129616097679904,-0.16338777077065642,-0.2625465935388274
27,-1.03930354198401,-0.5833389083500993,-1.5427256762964858
28,-0.3318911816909285,-0.24800234637845012,-0.40518607856380107
29,0.4708816662664123,0.4182610377095313,0.6760235910957613
30,0.882528977083521,0.6699045684781357,1.1203517995149697
31,-0.17234313251822636,-0.1437935173308982,-0.2741833756458272
