id,h1,h2,h3
0,-0.6622896771849813,-0.6450603684296843,-0.615921635585196
1,0.2449231817055343,0.24543268274409186,0.265384969332972
2,-0.9935781829098349,-0.982846493525015,-0.8824459314313295
3,1.5726342240231936,1.957634360809418,2.609787965434212
4,0.569366520013234,0.5425540589006326,0.43790987563889566
5,-0.7658399758245342,-0.744257819629049,-1.2939913932739107
6,0.5573697313696239,0.5654610649407301,0.4947835827771746
7,0.8366556609700364,0.8473716978428685,0.7805002610583958
8,0.6015088538147111,0.6034077699911455,0.557991703991591
9,-0.29790087603780496,-0.28855749228642835,-0.3073273466322859
10,1.4854911968867655,1.8319026143260506,2.1580937575720323
11,0.3937016515073231,0.40812712041096066,0.3841459487222262
12,-0.667015914026635,-0.9750936665770763,-0.6408910429967445
13,-2.524771758971235,-2.103160169726704,-3.209117848579002
14,0.9923673241453339,1.2441429510643491,1.610059370988279
15,0.08674927394622417,0.06370733525793026,0.050744321522396385
16,-0.08910512935444423,-0.09944529552891529,-0.0810998828092063
17,1.2010421934075008,1.2084307400050358,1.02025796205078
18,0.873796743228292,0.915248703864011,0.8456963867538166
19,0.6381822931350857,0.6417374606970323,0.5903825988378488
20,0.9239031884478772,0.8367100968976794,0.8843546276296432
21,0.8480568771772691,0.9314660258654982,1.1653897463520795
22,0.19393315064205308,0.20410160639464384,0.16438218341493724
23,-1.8909714958523987,-2.0001753580035047,-3.0721126487550747
24,0.7655546871888638,0.768782858699408,0.6943641075616342
25,-0.08278420643899642,-0.07480169626253713,-0.06899595425516197
26,-0.38356669561928725,-0.40499559546294206,-0.32273549681533925
27,-1.6317306207849742,-2.26661533359617,-1.7902251721645153
28,-0.5994327518978299,-0.5565348052885571,-0.5110525234258995
29,0.7300142848335651,0.7035904519705891,0.587725832220708
30,1.2309867261920113,1.2460918398359733,1.7847965241382888
31,-0.1109050441939643,-0.10720951719899874,-0.1031632925902734
