id,h1,h2,h3
0,-0.44298675350213496,-0.47949287359525306,-0.5575065621641285
1,0.295393491575343,0.3483773981523052,0.534971189082704
2,-0.6285769217969115,-0.6694703965363565,-0.7312248577367012
3,1.033341309052385,1.155177380844713,1.4312995846593974
4,0.3424774508018347,0.4107483516191606,0.637742949822766
5,-0.6082647983879808,-0.6636022280810641,-0.710942438521071
6,0.5347064036561311,0.6571339288190421,0.9990233731741216
7,0.5406021131664527,0.5497996525687301,0.5575821254080869
8,0.5447496004723903,0.6326551708085504,0.8650411138693965
9,-0.196740707892397,-0.23280993052795884,-0.2707801675571944
10,1.4069246050375839,1.8835184728895036,2.0604851615853663
11,0.273663496688915,0.22337660571271895,0.13315469217018805
12,-0.5900648649023076,-0.7030619635434071,-0.9734159797751053
13,-1.9804258420844971,-2.2128063353952925,-2.7728596850581075
14,1.084415185522335,1.071757788025723,1.2499799807386398
15,-0.07217947346051753,-0.08662954310745066,-0.04171831124498543
16,-0.0518674005626789,-0.06114116813782757,-0.07832120464321533
17,0.8538946013998312,1.0132357257081621,1.0421021565593973
18,0.5466807536724916,0.5985138780916501,0.7430395913402673
19,0.43343630214681383,0.4572099476014808,0.5236269724094553
20,0.8647326977628845,1.0322453202932567,1.330029968965883
21,0.6520388791818051,0.7123811485559576,0.9129183753215815
22,0.17252677459620902,0.2042422032149202,0.2709873814366029
23,-1.7905650281482244,-2.000339582234913,-2.120811564501368
24,0.5156093027355599,0.5865685374146198,0.7794436594543324
25,-0.054593938943098885,-0.05155360997157038,0.0027307717918440277
26,-0.14973529531020094,-0.14939962191572992,-0.16506097295900057
27,-1.3058356848960502,-1.6241959178485188,-1.8462519864160505
28,-0.31066489470668146,-0.34382243091100645,-0.3180760901328202
29,0.13243032296842078,0.11887356972463758,0.03640409921668836
30,1.3648263967516503,1.6235887349376226,2.065052293605958
31,0.05385370073895026,0.03126936188102636,-0.06467424707072725
