id,h1,h2,h3
0,-0.6207337647175933,-0.650699551665621,-0.6786404635200769
1,0.31157090902401263,0.29629800339262125,0.3423920760325323
2,-0.8309043808463197,-0.8330178362527354,-0.8711586048490896
3,1.3245380398860434,1.4034905930338795,1.5703821330398677
4,0.21233468411728482,0.228063904822147,0.23754628384326312
5,-0.6529491324559843,-0.6794879989437164,-0.6931597971534307
6,0.2755485311852877,0.29281421882107295,0.30028209950427115
7,0.5328153516904846,0.5466726293150629,0.56508503302739
8,0.6076995513165513,0.6100999980434696,0.6252682918547792
9,-0.25091742965727176,-0.2549051379788784,-0.2744411471307632
10,1.2907080656112542,1.4453042684687885,1.4907398716483633
11,0.3598244193061899,0.369456779326122,0.39293857358461537
12,-0.5311600099070068,-0.5424286763051682,-0.5626899977256934
13,-1.9193440822767565,-2.162306101753921,-2.3671445970389797
14,0.8593210465086204,0.8709027998202027,0.9038402794921289
15,-0.06898569548934763,-0.07249001189794795,-0.05788917452353847
16,-0.1983935715794469,-0.18591729652530944,-0.17403313922355285
17,0.8345108124957026,0.9064527203164083,0.9997443359302579
18,0.6556842416918007,0.6682630590182361,0.6997289390368214
19,0.44306612722788663,0.4307212870084043,0.4626755664961875
20,0.8874546032431057,1.0119787566933462,1.0934915681167703
21,0.7481370355283876,0.7550689599945039,0.7844264022983871
22,0.06177616191990476,0.07328971907347814,0.10822423396970554
23,-1.5003970634729793,-1.918037590684694,-1.8455604346395302
24,0.35759181261187617,0.3719978109040519,0.37418723868467907
25,-0.11981123754691764,-0.134846170295992,-0.11551864433067977
26,-0.04649034085913271,-0.045212571325500446,-0.04293476706183943
27,-1.2496436216817919,-1.3729472696537548,-1.5347632538207703
28,-0.35878712058325407,-0.373355838216574,-0.3902909210612654
29,0.2032516591611878,0.20126444267480373,0.21252470989318886
30,1.0352561178057578,1.089747376943206,1.1180122046082561
31,0.061645675594939775,0.03672643860006397,0.04218192286580569
