id,h1,h2,h3
0,-0.7758638581052851,-0.7411612646345392,-0.7643738500962123
1,0.18182969980504615,0.18998342210196242,0.17157842714018312
2,-0.9688968290281077,-0.8968626851695592,-0.9397097123397179
3,1.7399172837233063,1.5496849555434236,1.9201563898723129
4,0.41119427220303495,0.4116569494546523,0.4113503976594308
5,-0.8599116144747364,-0.8275031870120654,-0.8542731518036923
6,0.33019143326722533,0.28565384642308655,0.3201738073740353
7,0.9207643883568765,0.7732946574223859,0.8916709458514649
8,0.7191117597218043,0.6891592811075551,0.7260285639889708
9,-0.28598299548220096,-0.24594976986259098,-0.2700769064304016
10,1.7227139962908866,1.5039900600840364,1.8572914642718346
11,0.5019319499631438,0.4700113900432809,0.4943770375270345
12,-0.8139601575009066,-0.7643857311317784,-0.7933297514501421
13,-2.4418489092264135,-2.3563530052602655,-2.881848575335679
14,1.4353237997918038,1.308291098715277,1.3679073668168966
15,0.10498966244397245,0.08433138065909002,0.10645433661121104
16,0.028091759198508592,0.03951258798892726,0.045491570517457
17,0.9817853546110183,0.9236692275408847,1.1272676887360666
18,0.8869435341867322,0.8061723774049748,0.9832626633290555
19,0.6316454358822156,0.608195368018468,0.5909478085100082
20,1.0564256929288478,0.9472063044856891,0.9956466295629338
21,1.072450326661065,1.0138984483399889,1.0411748679509163
22,0.031319537970278366,-0.0046064691238284355,0.00834010283636829
23,-2.320853585531209,-2.109073709909722,-2.8114697294289983
24,0.7182506005793252,0.6456317409978419,0.6913828419662718
25,-0.10865922407554654,-0.0836425450073481,-0.0995159169854116
26,-0.1244178645791124,-0.13276364897510723,-0.1418613365400908
27,-1.3173791798169494,-1.1850031040627615,-1.2312808584718924
28,-0.46367005596976313,-0.4413657710654335,-0.4714257415229034
29,0.6393726638780461,0.5777012607687279,0.6021298804027059
30,1.605233969008274,1.3862963770986978,1.769415082197078
31,-0.2699674737044787,-0.23124019698887224,-0.2576477532338203
