id,h1,h2,h3
0,-0.3570745616293518,-0.4223137935493003,-0.46939694137422283
1,0.10401901785398976,0.14716318735394535,0.21043923371565396
2,-0.5413082710286532,-0.6401434661189489,-0.6888368983091666
3,1.1589054444562137,0.859899441296034,1.1801658363465846
4,0.25481094204855115,0.3418731376693763,0.4414070916936227
5,-0.6647195332744578,-0.5000796627972373,-0.780762913618313
6,0.30385727998246115,0.32233294097897625,0.33440761118481843
7,0.48249679218845887,0.6566079160930712,0.8447229760102759
8,0.3531966247899411,0.3584381783439994,0.3767917156890964
9,-0.10958017279435639,-0.15625035000783077,-0.15784902750138108
10,1.3021642401834086,0.8178943910685799,0.9807730165433262
11,0.24662175458416824,0.28372007525639886,0.2955784962502772
12,-0.3151641629817516,-0.34410354307456803,-0.3842713715513134
13,-1.7722102995890134,-1.5126513495902547,-1.87302900035012
14,0.7956115891195207,0.6873170907160913,0.6649134531443351
15,-0.009221324826573313,-0.03323508418301602,-0.02730610914184644
16,-0.07398886772538188,-0.11372190754453898,-0.19921413475214927
17,0.5005368991549937,0.6441997043169929,0.8484742953465134
18,0.6739569937524553,0.5489215366928111,0.6229082128678394
19,0.37713788764705364,0.42269429056556324,0.443213745129989
20,0.558995775175707,0.697704005721232,0.8215181129996996
21,0.3809476018336505,0.5010356021418667,0.6407705113582998
22,0.12681321838631687,0.14413038636020492,0.2412814158671679
23,-1.685600890103105,-1.1706225696381662,-1.1605096090144442
24,0.42293021042250195,0.4993299776542285,0.5173010400892748
25,0.036559911839886605,-0.04901327600556099,-0.24966468833146255
26,-0.10516342297027098,-0.15365257434704918,-0.18133756171968748
27,-1.3444052720220472,-1.081560883841264,-1.120871690899684
28,-0.2354482990567442,-0.27433210810949105,-0.29592043117558214
29,0.3333602084706661,0.4152684859334862,0.5216394050298565
30,1.1593180871366602,0.7914613391646066,0.43875098450978206
31,-0.03735385968523419,-0.11323700515343724,-0.16537516742266167
