id,h1,h2,h3
0,-0.2859167402924063,-0.16948264628570237,-0.21962197353019486
1,0.14493109617866484,0.10729869381172698,0.12524922760011314
2,-0.6164597940985665,-0.5049459061420447,-0.5010887107408915
3,1.256731094455845,0.27196096697911476,0.8810926553934724
4,0.261522366323492,0.16407709719137042,0.19867156873786768
5,-0.5807526400173354,-0.06592222861898121,-0.5136345179317271
6,0.27744660852080083,0.1736091896243694,0.2523862199759092
7,0.5366878655825178,0.36146070558335563,0.4318119121170634
8,0.3585278572320258,0.1927354423368584,0.25873959022034265
9,-0.2665958915067365,-0.21037965150104235,-0.24883147760327703
10,1.2453943607326337,0.33767624259414614,0.8114240221610276
11,0.2810398795587531,0.16268577959846028,0.200512747238009
12,-0.36609092020177764,-0.23988844157639086,-0.2691356129580485
13,-1.7737631328792665,-0.9294770758518063,-1.2809910473615096
14,0.7602924502037987,0.42117457973825456,0.5356052830534563
15,0.057016130686361896,0.0851063677112446,0.058717375889186435
16,0.053388704848039224,0.04779192294169681,0.03829831097315484
17,0.6430769785083716,0.35330424030634017,0.5294512263172801
18,0.41944613774581685,0.20074469607702783,0.29670794729805305
19,0.33204656227908486,0.21540762166795152,0.25611555101822864
20,0.7318941630423699,0.19287605371225003,0.627319483719661
21,0.542740296694413,0.376089859491622,0.42431686256129947
22,0.01620927081067948,-0.06891544947656417,-0.03256369161433609
23,-1.4677392181225044,-0.4918654656448114,-1.2434672930998234
24,0.4370958099957593,0.1355050669931807,0.25616045405341276
25,0.030081444257036377,0.04408943865792518,0.05554138675638119
26,-0.06426986451724703,-0.0027759846889142126,-0.04000656042979159
27,-1.0951513242373079,-0.6853055692708914,-0.9441243687545195
28,-0.22612952841466777,-0.11929511416194459,-0.16408144352570794
29,0.3026029375004097,0.17939520925288757,0.26507180990131934
30,1.0823807007436745,0.6150953772649549,0.8564055450313761
31,0.0311023666037739,0.024201362185873668,-0.0019683659012300903
