id,h1,h2,h3
0,-0.5583753803110851,-0.5243567528718789,-0.5461671237328913
1,0.11348956784651537,0.10647398620692028,0.15204528210525675
2,-0.8422559390061817,-0.8125547474553654,-0.8916206784182523
3,0.7337529671636038,0.847675889206026,1.010036651674339
4,0.46990428130373496,0.43533400036513503,0.5119193368976606
5,-0.6653105733219756,-0.553060424555826,-0.7369930708760125
6,0.5211312284024099,0.5031686286069975,0.5345263869072698
7,0.7980547592694357,0.696668025301314,0.7799959076573743
8,0.5260365057896178,0.513977162176558,0.5397356731371517
9,-0.1960258871225875,-0.19371185022053572,-0.19585713914021363
10,0.8341234264789538,0.6543169754223058,0.6942045047821668
11,0.44269255769288246,0.4300384431078706,0.48247802703430553
12,-0.7294093912962905,-0.6828083538003136,-0.7400328422657972
13,-1.043594669042131,-2.630719949897582,-2.1866604636301794
14,0.6111157170651472,0.9973273140811821,1.217854264943916
15,-0.04800639263072268,0.006373286078389662,-0.09741785720574736
16,-0.09036287786245811,-0.06273440823702858,-0.09591785157943133
17,1.1765562132924892,1.1146730216548175,1.2592996778907146
18,1.0521934195207372,0.9652517708806339,1.137871900827704
19,0.49796820475220854,0.5209348723221979,0.5169426014302904
20,0.4192653450387356,0.7639739085823721,0.9289038679915833
21,0.7104964533942182,0.6802592118372238,0.7677804100350165
22,0.0874152376773829,0.07372773456795467,0.11109485907425548
23,-0.9369871859113111,-1.862047385999096,-1.7896171069299636
24,0.37881241251045394,0.500200813741223,0.7079550050082539
25,0.005363718537276303,-0.028784060626955904,0.002207639738760099
26,-0.2505036495583041,-0.21651868111145128,-0.32992145935931183
27,-0.7884240056357243,-0.7796569339725468,-1.0795201465004487
28,-0.6384826419542156,-0.5586090331001139,-0.7224563556476453
29,0.4704815358743298,0.44024767193596703,0.4593574289012248
30,1.0078360667053625,1.215494871216158,1.3110134899391834
31,-0.14521120820443026,-0.15771389294006502,-0.13030275521090026
