id,h1,h2,h3
0,-0.8875168545428087,-0.8703004684419255,-0.7606033366249612
1,0.09578856506489344,0.0797882338187706,0.08742592776386018
2,-0.7391328320137549,-0.7392040102780157,-0.6682991529752504
3,1.4320457051806148,1.4595656173690137,1.476024605463422
4,0.5029199937065029,0.47674691506281675,0.4265867139921633
5,-0.8119485295916686,-0.8065598609748006,-0.7362392309018629
6,0.4219283210267182,0.4052263361216285,0.36602491164888196
7,0.6780253347243483,0.8318515955055331,0.8502276250169221
8,0.5727736647982569,0.5557683281450719,0.548953980056031
9,-0.254334819589936,-0.24034068257911767,-0.22690456441656914
10,1.5028897041776357,1.725780979033886,1.7539910346107535
11,0.40368492513512744,0.43085223820851415,0.389535042264712
12,-0.5811755948582571,-0.5914887348419671,-0.527322126200507
13,-2.221896661824939,-2.594100618595385,-2.278608039075107
14,1.0676999760925359,1.3529554916756228,1.206408745839861
15,-0.05309307225800963,-0.0492479492620338,-0.052812697131376096
16,0.07833915675246811,0.09011061560523975,0.05644901802072849
17,1.0953788632751236,1.0201293779007137,0.8797180511001301
18,0.9976893838944242,0.9622604718579625,0.7705794339363685
19,0.578139445543282,0.5661674012648543,0.511451291616762
20,1.1025260891006488,1.0661871360118735,0.9504810110532368
21,0.5876210675548588,0.5771324076791413,0.4232540735106342
22,0.23136556505852257,0.2241020351715538,0.1742506056852676
23,-2.014279392820946,-2.455661660456621,-1.9458948844596557
24,0.6151762956520112,0.6548556548156244,0.5936537532528572
25,-0.050657843210659415,-0.036435705968999144,0.014916644319938832
26,-0.09682843052264867,-0.09881814626224456,-0.11964690947543444
27,-1.4161116159092533,-1.5941138274101616,-1.5201728567552462
28,-0.5961904418762521,-0.5696369030005588,-0.46481179272307094
29,0.3147406097381179,0.32552865144028814,0.3121806827802578
30,1.3835233060432666,1.585297191416613,1.4706729526287117
31,-0.07296094585858956,-0.06702015450444503,-0.05378430002510082
