id,h1,h2,h3
0,-0.6534354789334469,-0.6571105277664298,-0.4928470384792281
1,0.058810994306867204,0.06203899867732554,0.05431167506833462
2,-1.0823304309198516,-1.1735709132030214,-0.8237021931215988
3,2.1179928146739826,2.135196240835471,2.3080496235417067
4,0.49961787644960115,0.5210432027048032,0.3648811524177132
5,-0.9772390113453033,-0.9958458351375322,-0.8965917662184328
6,0.6660044300024048,0.7046358546095048,0.5341482230337502
7,0.9144586975089273,0.9537644761767092,0.6955363360515234
8,0.7298364127426209,0.7792545240758482,0.5417911505531853
9,-0.43941525646420476,-0.46650312322611953,-0.3279719382285698
10,1.8882285659704414,1.9228521894535782,2.023116789818055
11,0.3973701796116107,0.3989900483857046,0.29520842661829727
12,-0.6759054377004549,-0.7151670110408335,-0.5285876501159175
13,-2.821213928930465,-2.6961670419472576,-3.230053960454033
14,1.3828924688173976,1.3966732674431306,1.4856821442853418
15,0.00314652338476493,0.003615214459270391,-0.002043316757557454
16,-0.09656427383297062,-0.14443799869832086,-0.0032731733203754665
17,1.2963221988277245,1.172158773980774,1.2576164889779868
18,0.9054142508636338,0.9269530839902235,0.7218889755156156
19,0.7381259979734469,0.7671749356626745,0.5364272514892328
20,1.1268394746700552,1.1897455500179164,0.8316930735367516
21,1.0271763999117636,1.1137420493115955,0.8202889930585683
22,0.2043102572996745,0.2447984930302745,0.14320332187550977
23,-2.782058723414797,-2.6516764967915494,-2.7729576275421746
24,0.40904324340076603,0.433700343276966,0.23835957668981445
25,0.05818359472808399,0.055558084382357764,0.019168928542957597
26,-0.15837917386535283,-0.18447787734118715,-0.0931908658905265
27,-1.7996010828630618,-1.8634307391017901,-2.27147436341325
28,-0.6409634324018163,-0.6776638809822584,-0.4328586213249488
29,0.4411692104679259,0.44548468058950963,0.3702985742149216
30,1.5905881844475454,1.6574553432303243,1.1581269273904877
31,-0.08944881153194006,-0.11584240879264746,-0.06705309456280989
