id,h1,h2,h3
0,-0.37456874991656713,-0.4259120923311863,-0.45015778119547434
1,0.21143237223700673,0.2457510173541125,0.2611753744156128
2,-0.7263818882746926,-0.9735763977562135,-0.655720405232184
3,1.0431070946365024,1.494348047085232,0.8811387727328817
4,0.15878997679143603,0.17871210102634394,0.15804197579251344
5,-0.6240499204113776,-0.6713775782973128,-0.6989473411711975
6,0.35462239655827393,0.3758769420556854,0.4086719214534492
7,0.5612650378498639,0.6381135292463582,0.6268720869845125
8,0.5123810691006025,0.5766025927500017,0.6037485386970838
9,-0.25597148541559867,-0.29504853539323694,-0.30237794713327637
10,1.0383205359650094,1.6088324440738646,0.9138308086152397
11,0.33404841871963503,0.337238352340702,0.3384150445483131
12,-0.5230683226393609,-0.5763101706849503,-0.6210399553324213
13,-1.3679500670129827,-0.9237077305634072,0.33541403658071545
14,0.7473402935833149,1.451156540869996,0.6373485644285024
15,-0.10538701734901146,-0.13222348277568388,-0.14297218636910236
16,-0.08079280476740862,-0.1191044736301099,-0.15316797589990228
17,0.699964518670434,0.8066800331262407,0.816936584213678
18,0.5379851120943158,0.8335682467624224,0.5400528348936044
19,0.4295324276137418,0.5046401484360301,0.4845491485473318
20,0.5659076217233328,0.9860183747286417,0.5744982710667732
21,0.5520883059468922,0.6236892702557381,0.6616196618118353
22,0.17326277860454778,0.1616396349059636,0.1803163848771649
23,-1.4538261687494347,-1.970888948718092,-0.9123977784095634
24,0.17820743436872882,0.24051533497403177,0.27079114007128025
25,-0.10390205260047514,-0.10749201283223932,-0.11461871307246592
26,-0.21572680713772674,-0.2635206425383644,-0.28677034172032395
27,-0.8080556724459171,-2.261719834421618,-0.4103310183452578
28,-0.3456117943488307,-0.3846557329307993,-0.4042665297138881
29,0.206198587487272,0.21216420114238427,0.21521357437935001
30,0.9321203156509719,1.6448132900062706,0.8874022755952825
31,-0.04110454920527512,-0.056289389669252565,-0.07738567831784327
