id,h1,h2,h3
0,-0.48428922374366157,-0.5259905774840152,-0.5286629856947633
1,0.11643559078547117,0.13674033702427085,0.09762863365473795
2,-0.6033391614074382,-0.6662126039265428,-0.9566536661020152
3,1.428004468324807,1.5444709401347727,1.4031810018958917
4,0.21458914662384376,0.28374017329675766,0.3677229359007543
5,-0.6522719356901899,-0.734997027320922,-0.8205047027267267
6,0.48611692860312883,0.5289573710174388,0.7466461422199981
7,0.5087657998488748,0.562025942280261,0.6908934140924127
8,0.5871500942756769,0.6665409506409167,0.9693460487990896
9,-0.2433804603067292,-0.29347950557633745,-0.3982346133923892
10,1.346963051899003,1.7117808667547671,1.7006493698224983
11,0.3146320581197516,0.3394932944565968,0.5497334198176203
12,-0.5425360314176154,-0.5906582051085182,-0.9135071331496151
13,-2.055186986404696,-2.34869278237045,-1.6208522351541754
14,0.947045084643704,1.0334703523621345,1.3605711629828627
15,0.0021011851920038627,-0.014069933096456377,-0.0974483374147519
16,0.09664439931561192,0.07187627899028565,0.014882556331213548
17,0.6508310980574535,0.6808658826185514,1.0714988655768092
18,0.5735525409269344,0.6660838229345569,0.8854335171327763
19,0.5200765013817203,0.5395044342822704,0.5895952411615473
20,0.751713678861215,0.8254728001187461,1.1431887785560169
21,0.6762117244578323,0.730782429462053,0.9221846355352085
22,0.1355327683983638,0.12203600612422189,0.10487504337571246
23,-1.588069787532844,-1.8961338259712228,-1.7894676884513967
24,0.4921793436536741,0.5210558245263998,0.6231197268517715
25,-0.016620766146697885,-0.014129280244435327,0.035858768665125634
26,-0.19867818287964378,-0.18322968563203423,-0.1813203244209648
27,-1.1732044867751674,-1.584219105712404,-1.222708123681917
28,-0.36785583393820276,-0.4068065565969579,-0.5051576942062158
29,0.35807979022448017,0.46115765662273606,0.7247903674287173
30,1.2734548504872083,1.2921687067525545,1.2158230564418673
31,-0.15755009559057703,-0.15224476352835625,-0.29897539726484085
