id,h1,h2,h3
0,0.2323679774336897,0.21474820654564353,0.23213731125662881
1,0.025755920492781414,0.1185455835162772,0.08455560537715191
2,0.062117601225491925,0.12587783260423235,0.02552312073192009
3,-0.15624822829442708,-0.29822960405380394,-0.15360759082573444
4,0.0324076661764007,0.0029560631181003993,0.03756517928205272
5,-0.020607315779806346,0.00446752658713781,0.004468389678409027
6,0.19778919630046365,0.190061277091216,0.22593676416260278
7,0.029975036634127428,0.011596550621511548,0.01814389160065938
8,-0.14854167520784725,-0.16400528777108414,-0.14474378199829294
9,-0.048864544147770916,-0.05243390234806261,-0.10574219957519748
10,-0.08606696362002675,-0.136233496814344,-0.0887448490353045
11,-0.12671467226460767,-0.13871758530632936,-0.11731001353487658
12,0.022903836829273973,0.047271588907496054,0.028236301797798825
13,0.20551671542212901,0.268641268350978,0.20486545882369483
14,-0.016517475275601684,-0.03783045140995828,-0.016423084831470675
15,-0.0754041152585897,-0.07639507925329751,-0.0704506637518439
16,-0.07066518926800236,-0.06686088751934804,-0.06548033776358225
17,-0.08654748641787502,-0.11365277003704805,-0.08920198958523443
18,0.20793166067709512,0.1519878732930497,0.1689243814640229
19,-0.1723082302670232,-0.18516590508054476,-0.17528707509959274
20,-0.09446908368673762,-0.12419777731611298,-0.09531298192241072
21,-0.002988141602758565,-0.041565466072145646,-0.00011061429407890899
22,-0.02555319620159674,-0.03334631784135261,-0.025596026524926874
23,-0.29470228735353765,0.3911050168197636,-0.6082410587193484
24,0.05308164961812345,0.02581651383378597,0.009604953781692738
25,0.016828575115549443,0.01868688848108363,0.009139129996923179
26,0.08272326722869305,0.08796230464997734,0.08624666252500351
27,0.022139961973676597,0.1452858006623859,0.053700445045473
28,-0.02973282654820964,-0.009067536596634854,-0.02132644922078375
29,-0.04515498630690912,-0.05199753360099657,-0.05377421473999597
30,-0.1511115937560216,-0.19174989647352705,-0.16797703752338267
31,-0.04947172134759541,-0.04840310218727326,-0.050324327698274385
