id,h1,h2,h3
0,-0.10181229791472463,-0.09296282774452885,-0.1140819157294869
1,0.02449723438970261,0.02896758069705971,0.02422404823107399
2,-0.13654786802047514,-0.10735513321103024,-0.13796657159611503
3,0.2791341353516558,0.2182427482333833,0.2741513266482831
4,0.22632883554991273,0.20928017913889801,0.15751640845954631
5,-0.1618963577762396,-0.1287438076366446,-0.167889072333124
6,0.07439466036155093,0.04441058616211477,0.08478564601853672
7,0.13923891747431913,0.1143731345540963,0.195840359968815
8,0.059591498125584175,0.04566318574322881,0.06344996561666777
9,-0.1376296752912402,-0.13020079678904925,-0.15450868641923365
10,0.29732924872182365,0.23066993222348048,0.26117413080346447
11,0.05620227802080796,-0.0011226894100741097,0.017521865394431957
12,-0.16257440431069642,-0.14875784931135247,-0.17084941710144488
13,-0.4739167656759756,-0.36286188794219515,-0.4213900225753451
14,0.26817258322753285,0.2450988926544458,0.24172347576068992
15,0.05212937219152304,0.05872407611783651,0.057051475311901176
16,0.11580752625264212,0.1112341888199613,0.11525880196189896
17,0.11153323952648739,0.08916872378921561,0.12029967452906817
18,0.11080921334272764,0.11000720910002879,0.1055579331883246
19,0.08311350158124481,0.07196849504426767,0.08877023573814291
20,0.17810329939412692,0.13503600985707098,0.17621264308050827
21,0.1463403903710599,0.12246922129828408,0.10057001619798644
22,-0.06344010105698727,-0.06922033911123995,-0.07738762808696628
23,-0.13264943110072264,0.759176614700188,0.040450831321914946
24,0.1507246279028274,0.14611530701217126,0.14001022700327104
25,0.005906431313169674,0.04358759473200825,0.08024033732570318
26,0.10453260105013387,0.06353456446736451,0.09068260391789623
27,-0.26772211716081407,-0.1946107386232343,-0.24955217759303372
28,-0.1123786152306184,-0.09910433173092376,-0.11705157033451835
29,0.0031911200730706524,-0.01771970283836405,-0.013212819586219837
30,0.2812985720332679,0.23354695545140847,0.2804045066830159
31,0.011310728572906603,0.018109868135600893,0.02076812319853183
