id,h1,h2,h3
0,-0.048534201787631986,-0.09646878519367583,-0.19185353109524556
1,-0.13301589133255304,-0.1233436409383935,-0.049559973766604204
2,-0.006545396527758138,-0.09538021462484833,-0.21697911175514922
3,0.018093754872211237,0.2057178677696683,0.5013525056387815
4,-0.014845436482302854,0.023768354640406386,0.05364016446205061
5,-0.04935640111031975,-0.128747358791458,-0.256699059311573
6,0.03342158854515981,0.0932832863236302,0.18843268033042437
7,-0.00922484864314825,0.08303712474018501,0.1843123203846625
8,0.09312329275768882,0.13841624824596568,0.2462406588743195
9,-0.08130690640612319,-0.12380132405674575,-0.07332932537542756
10,0.03506152693172018,0.20665739075446707,0.4348983754553535
11,0.2557582621018153,0.24693859614946334,0.24207457902095902
12,-0.08039843416461584,-0.12613290868431837,-0.1953851823720481
13,0.5944807568526544,0.9497154053464376,1.2604478247179565
14,-0.005776233150739829,0.13135551885306507,0.3403675808997144
15,-0.1012539330100285,-0.14474769477620394,-0.2644713087891578
16,-0.06448333390482595,-0.06238469208639841,-0.047691123594273084
17,0.08437871062426087,0.23868804987104747,0.3086901707649613
18,0.005682830531069827,0.11102024543492989,0.24311572400345016
19,0.05590674972229209,0.11329470764987373,0.2325818100452106
20,0.03775620534345825,0.12542309791442155,0.27152903060959727
21,-0.04120162536663963,0.04161504094216123,0.06307567513229528
22,-0.02540874379848332,-0.021204909547689776,-0.22219037240374132
23,-0.16821646008103083,-0.3652421522883133,-0.5510950968440824
24,-0.03826175268757882,0.03801281186348311,0.08434665087302862
25,0.036830092971848874,0.022165418588990918,-0.004965768548375105
26,-0.19926755485828263,-0.19063224003870238,-0.15560685324320378
27,-0.10346877354143719,-0.22500987067345157,-0.48896455038617503
28,0.015894914174009706,-0.01474614314803463,-0.07362819916709978
29,0.10455691161884528,0.15414137939996536,0.180254481964788
30,0.12274221983353029,0.2905730850434648,0.45746754289036434
31,0.0489992958842676,0.022944320074674618,0.03158991858695441
