id,h1,h2,h3
0,-0.18765139844822726,-0.2107040245671424,-0.038413272577407995
1,-0.13205302021744691,-0.11082223684705578,-0.0379604067326067
2,-0.38956279508387354,-0.3976255809394749,-0.07086789024594065
3,0.6024645369731905,0.564819213807997,0.13965585500571243
4,0.1870340159335339,0.18781449472995515,0.04900618199985193
5,-0.33948163604153586,-0.3531993328536055,-0.11610574874643309
6,0.23426131788627344,0.2303702152483203,0.08798783901770763
7,0.3459292577555691,0.3965977952791898,0.06418115435077887
8,0.24683730209204946,0.25018257299213487,0.09425157299879844
9,-0.11767559134061945,-0.16201910051156954,-0.05833336685746593
10,0.6084144857998772,0.6189043915476473,0.15479827034046736
11,0.00784897508916528,0.014753483955616375,-0.053367467966416074
12,-0.20755315351190334,-0.21066367265211458,0.007695237267104943
13,-0.5318051587847965,-2.315051462723857,0.5313324758543863
14,0.3567658447982852,0.3696641283083935,0.09801369763114398
15,-0.062365064564190706,-0.07175168107202759,-0.01858736762101737
16,-0.030802910908556247,-0.04638232129728914,-0.042646265502833736
17,0.3103126821801965,0.32494100447105045,0.07852891129648776
18,0.28826011648270433,0.30871600309596725,0.0715804738166384
19,0.28528020009419996,0.23500544692608413,0.12468845184173175
20,0.40732591747885294,0.4164189658393623,0.09414061233360402
21,0.2168354090537331,0.23112071225328168,0.00435400659766999
22,-0.0717172079675248,-0.09955104074820584,-0.05309182674909932
23,-0.7753848345266704,-0.8264099524446955,-0.1738447481302372
24,0.1946754566677001,0.2007839324827861,0.04968515875942796
25,0.003229603234723988,0.008243799609621738,0.016167925032716635
26,0.11006643750732731,0.09453191229448482,0.07642577447530235
27,-0.4656404625209986,-0.8438610033662626,-0.018972399032330334
28,-0.250121944368341,-0.2675738174556455,-0.03523365673658202
29,0.23755049985180257,0.241588369321481,0.08018720363888976
30,0.5587309690924105,0.5573093509236358,0.11037564317521117
31,-0.19959812940526261,-0.1435006435963435,-0.24016070651866073
