id,h1,h2,h3
0,-0.10522819566317768,-0.0209816085117481,-0.06428389827598391
1,0.07395159412267044,0.030844757132361816,0.047684871483481966
2,-0.25125669593012145,-0.11695099429183115,-0.20334654496224025
3,0.18508507739292646,-0.28058675939648814,1.4425135333362094
4,0.028638026325713772,0.02501198916776398,0.024491498012612745
5,-0.15123726815711808,-0.02018604716301639,-0.09618859082013478
6,0.0761791523934268,0.03677129687314944,0.0697666677673519
7,0.15510460279853894,0.06518476268846013,0.1254693851919071
8,0.1365371356162593,0.06760838608369053,0.11415922522676235
9,0.04880024673600347,0.1270419360652591,0.086914704839329
10,0.009334786797661865,-0.3917563393941225,0.04820617772232161
11,0.04911390939201543,0.004413249132844632,0.029465138247645684
12,0.031849195305825,-0.006244496732528082,-0.015538078764040508
13,-0.3589518145116907,0.48710770047757057,-0.6712156052334854
14,0.1647394013834042,0.03816179915746726,0.120293410660814
15,0.044230464159155436,0.037646151072859235,0.04245309066559577
16,-0.07537413930448228,-0.051748681595439716,-0.07786006472185472
17,0.17906750463290097,0.042820687535632396,0.1309578805670548
18,0.2562283431294029,0.11591185604957477,0.2071156723709304
19,0.20120257124645807,0.08360023399096583,0.1539289562610116
20,0.08600837249907589,0.009414370035039421,0.05175288348718715
21,0.10001316122156784,-0.009275837400111397,0.06602846228378242
22,0.08301903003590377,0.08472381838953472,0.0799831033521905
23,-0.3948209255695828,-0.07725668332484315,-0.24255049400458706
24,0.1889480846062786,0.12927581923273712,0.16942457051020055
25,-0.047659185055315245,-0.03433227389422866,-0.044881135992260957
26,0.043303975997327215,0.11546100025054218,0.07839640059211184
27,-0.15154425746393776,0.23920177649702323,-0.7473109346198727
28,-0.14486459016272846,-0.06412304519696888,-0.11651072291005471
29,0.08319993875857908,0.04388781431553204,0.08295188188112025
30,0.24031700850485782,0.06577856220412046,0.17869306053131115
31,0.03798428196643194,0.05125050389111374,0.04259557728711555
