id,h1,h2,h3
0,-0.016201291567066456,-0.011353252200442199,-0.019328757640449112
1,-0.06965805065824303,-0.07485553002622568,-0.136741766172054
2,-0.2701317914026823,-0.259304222258607,-0.2319920564923605
3,0.17311350836057582,0.09149206398625684,0.20892449409604893
4,0.06402598085290793,0.038309668936653926,0.03436995778210489
5,-0.17613649126751868,-0.09725723623525867,-0.24002775916315505
6,0.07626955911234229,0.02639804487359043,0.12271884917792203
7,0.08282219122661186,0.026053967617914522,0.06855727598400012
8,0.14054419275140662,0.10570206814730754,0.20074285054772645
9,-0.11857339208783643,-0.07498591750801514,-0.12272847070015863
10,0.19842505110252512,0.098315973801752,0.28546502613249936
11,-0.0094064990996022,-0.03933006387983101,0.017513866015353444
12,-0.03539446509094879,-0.003209252427786191,-0.0373116897020867
13,-0.9013099804328911,-0.7645334313826402,0.516443687455393
14,0.17019809162814864,0.16020155642727207,0.195997782377069
15,0.057350710033831326,0.08544053152431579,0.012203619046440684
16,-0.037322742886876675,-0.04581788867565453,-0.04586145257116303
17,0.06292396382177595,-0.027172937238429562,0.168768432723521
18,-0.15415552784071557,-0.18818848578304212,0.006729108768610131
19,0.2430434359983511,0.27556612940705866,0.23034557121441834
20,0.14235030862217563,0.13387778019090246,0.1434927084032516
21,0.20366486194486583,0.17383681448225768,0.18488600632049068
22,-0.00782055856008157,-0.007903214549261045,0.07496655199449423
23,-0.19000623990798712,-0.09897072532520096,-0.20563182582599274
24,0.08246163048688143,0.046004390962185115,0.08661548388234891
25,0.08088963338277161,0.066913825476693,0.1133170120954192
26,-0.009004564290980122,0.011437418108970254,-0.045146742402114914
27,-0.06478723389358765,-0.0012564822628343686,-0.10634561235667478
28,-0.11362032760943336,-0.08843837037746916,-0.09475223659072018
29,-0.015683932571743164,-0.0258799378729353,-0.018574486051990247
30,0.08709746182923633,-0.005153563278707307,0.13164606745289714
31,-0.06058858755054136,-0.059722681833697555,-0.06883320856724874
