id,h1,h2,h3
0,0.022776060032347695,-0.2881530479333664,-0.027698391824331925
1,0.04248311481812066,0.0903425306655528,0.04836761185354306
2,0.24375118005018204,0.5731346503553092,-0.06592563380880065
3,-0.041591327344040474,-0.4523631865495714,-0.11311236694123425
4,0.03927383371789994,0.016451302192498074,0.0350791845785321
5,0.019694844761996455,-0.030615490033125747,-0.01278005662544801
6,0.09052076270506404,0.42873750528432786,0.1630034207123307
7,0.04570222718899998,0.03749016505723314,0.003759724026068112
8,0.4642853402214751,0.7407278078939787,0.12483604940173271
9,-0.059356339579682754,-0.04687730393632683,-0.0845067923266546
10,-0.05119152687204892,0.09414720631387652,-0.029663417847557383
11,-0.044152803153980236,0.3137627197897027,0.009532951182774585
12,0.057006174101096596,-0.11221015157351288,0.03271585288451323
13,-0.05865257926958778,-0.41462613364911083,-0.059190655173460394
14,0.1731208120570235,0.8219791167378014,-0.15479583259165625
15,-0.45014452631890545,-1.249776426963166,0.19350125205871743
16,0.16476566914001647,0.21540559477475943,-0.02517919859779849
17,-0.053695274454560904,-0.25906255577924964,-0.11048945150960365
18,-0.004317618699556436,0.29847376395987774,0.053221390048157166
19,0.04512600782391765,0.33072132175733726,0.1359956247563975
20,0.4304169748240745,0.7018548032790302,0.14010309142088997
21,0.08013348522891023,-0.2186573326524648,-0.057775967815695384
22,0.2594496828643598,0.5437742651847478,0.008534696271210895
23,0.40044984045781007,0.7751177779684455,-0.056673134354098376
24,-0.05438823741869031,-0.03161078291089037,-0.04695052827534191
25,-0.3271886349096697,-1.030773210274577,-0.05666330178372042
26,0.02081154818460096,0.1761953547339578,0.04132984098508716
27,-0.03719566886703368,-0.3196255649002521,-0.08367920772467446
28,-0.019397419146722827,0.2315944901039625,0.04261596748674987
29,-0.0829640481928435,-0.06991860192421331,-0.08704790429485726
30,0.008050201896767917,0.26204537103786774,0.03689847553225789
31,0.21563031381734044,0.16718526550271584,0.22473513329377925
