id,h1,h2,h3
0,-0.058185248226399644,0.020340032353603488,-0.008275036545044245
1,0.019528871355890876,-0.0054287625215437285,0.006246783542796425
2,0.01953730693119682,-0.12389015811307247,-0.06335857359159175
3,0.032808758321532586,0.13188087447791025,0.09006520054369566
4,0.17512866958848394,0.1849718111639285,0.20725164963965254
5,-0.059633485967151956,-0.10523011246252406,-0.07780658741311397
6,0.07381244845684462,0.019748088820840774,0.03439730657890263
7,-0.08568117705496961,-0.029740747025265614,-0.061923617197164084
8,0.11962463232558289,-0.051921763121134085,0.02679687650706608
9,-0.06449397681786032,-0.06317329269058933,-0.05078236057021998
10,0.06930680006218187,0.026923106022266052,0.0665263298743537
11,0.10041691289636115,0.005266368866222559,0.03716288863838889
12,0.08556996963032987,0.1204451986505497,0.09798860807665485
13,-0.03922437990739877,0.07515024418763594,0.03075987030928105
14,0.045558470809438284,-0.13947674660328543,-0.05013446412830008
15,0.026150343238821927,0.3565084281337758,0.39935545114556115
16,0.015477505694216964,-0.07387514406296464,-0.03596589950430423
17,-0.10792873364114061,-0.12057638379978053,-0.09157207457535613
18,0.11147291117486893,0.03461771568059829,0.06881526470563293
19,0.054771682460054504,0.018520195116136798,0.02174807922607864
20,-0.022135289817955636,0.0008980203623533134,-0.1640712551380691
21,0.0023334052677260186,0.11331265481853336,0.044954656128078696
22,0.049104709461935944,-0.10270429348776414,-0.05686082600879111
23,0.1399020903360788,0.3405572024589389,-0.0953741764503736
24,-0.1926773379547792,-0.1868798992173602,-0.17326716587878394
25,0.3724073467382515,0.520187876197193,0.3976102926346367
26,-0.025151497103812537,-0.09523459562352349,-0.07345311661603376
27,-0.032281922249817005,0.02309320160055576,-0.010943633827119822
28,0.033767611619021975,-0.05153902604251634,-0.01586701084875966
29,0.08991840017653721,0.09840761460328837,0.06645661634032488
30,0.10596436987277637,0.0389371080809187,0.09348789147878064
31,-0.19257505594039193,-0.2168750849357523,-0.22327096069895452
