id,h1,h2,h3
0,-0.11627151315475395,-0.08916788911568621,-0.08911118068054044
1,-0.12776330878433456,-0.10438448361864798,-0.12139062607947743
2,-0.0771678677130958,0.170520499223699,-0.13625039981993403
3,0.014371575368654299,0.04000448790722386,0.24997884088154446
4,0.014128288857239144,0.012851710566959329,0.00922956267677414
5,0.03309265048130361,0.019019896810197723,0.01953771360679679
6,0.017090599819636246,0.0036205214015314,-0.00955150448440878
7,-0.026693054528474147,-0.0725813847948864,-0.0697973700582103
8,0.0006735008961289979,-0.28641107997402965,-0.08814002058241455
9,-0.08787586564708647,-0.10963115877701174,-0.06668916189879703
10,0.07125391536253001,0.07167050418108128,0.0613824724739645
11,0.04552712856759061,0.05462371090345236,0.05391090096637652
12,-0.027781895581243554,-0.027583893876950982,-0.03274753342625181
13,-0.021430614873175727,-0.13353341051441217,0.04337409885014282
14,0.28194663418142435,-0.1086753792426255,-0.39604234394244026
15,-0.08851975949008362,0.2117424657212975,0.26566657603198196
16,0.08431089145867804,0.0630231868680406,0.07009020705446312
17,-0.08375938333722943,-0.06901443917141017,-0.07068920655989913
18,0.04265973784767785,0.03041515938822653,0.024937776498760167
19,0.0652175986403819,0.06102977508242982,0.06513975381855415
20,0.026874373838917165,0.3460611460755329,0.1307455582282407
21,-0.09402173867335464,-0.11744940157022282,-0.05275893511812049
22,0.1346885473966502,0.12872448595351926,0.12120618230883817
23,0.23105523574398923,-0.020757868603278606,0.5782253148739204
24,0.07497778771126362,0.002659267067117499,0.044033481614515924
25,-0.02941990585726001,0.8552363270402928,1.2093157940140844
26,-0.006749653409876544,-0.009076343945547571,-0.02070368485990265
27,-0.21374166455854873,-0.19879180481830377,-0.18134002486405412
28,0.13338133219514423,0.14901663832190654,0.1386451706014577
29,0.04106563161721144,0.03657485557738349,0.02202429497529751
30,0.11113863945995761,0.10400119464510021,0.0975363808987666
31,0.0974993841479812,0.09664154680836456,0.09833139761240561
