id,h1,h2,h3
0,-0.13678696499509674,0.06049518100517792,0.0012496209818644854
1,0.15387104970920296,0.04867590370823355,0.06081003871027374
2,0.4164076784357438,-0.0018678544072571746,0.05722164195201794
3,-0.29251667889069416,0.019603241873004506,-0.04407595435786888
4,0.01632125200275436,0.020625109592865065,0.009102237383714185
5,0.14947341278638257,0.09811950880309175,0.08055932936519727
6,0.20789864581627687,0.023676509768610243,0.06409058378276533
7,-0.0027175447564555255,0.0051999705089975645,0.002323023812722036
8,0.8075669151370602,0.6929296484197285,0.902170393959046
9,-0.035711821741423955,-0.03183862523559727,-0.035837323554211986
10,0.1478099354476746,0.04063406226622504,0.042023724338224905
11,0.2354280984633055,-0.062441588004524734,-0.015069830550214297
12,0.00937423795928273,0.08703531853940433,0.07875963628875893
13,-0.34523854465403475,-0.02855980016084686,-0.3972690728007218
14,0.6689030501166153,0.061128692608162616,0.6623402762692647
15,-0.9344526464757865,-0.04355918173156009,-0.5527502715446008
16,0.30485603504341763,0.02065759319219443,0.06853728669389966
17,0.0705119505338781,0.04570387745454732,0.028606950678392196
18,0.21693428057420447,0.01300880440366467,0.05128476545062016
19,0.0864094059414599,-0.0786154669199773,-0.06738716970579751
20,0.621691464231741,0.4128240257825587,0.6116720718370945
21,-0.294984394782022,0.02200074626253709,-0.03375825303646807
22,0.5546394403094255,0.06811496774208003,0.16648385046742148
23,0.7237252604246509,-0.7404101731355943,1.2247058786499507
24,0.04917986476223185,-0.010371755219178554,-0.012680099893027576
25,-0.9808967391604182,-0.0976040176139722,-1.0774373721460897
26,0.11786117896731811,-0.009316792652802566,0.025685434714033742
27,-0.22417823297166278,-0.07898697659793041,-0.1017842505625211
28,0.3115411961657678,0.06347632490925201,0.13234815948326292
29,0.19441675496599659,0.09024598981857279,0.07677473724694461
30,0.2040206740192472,-0.02610660797165032,0.03831272977539468
31,-0.05572902979967184,-0.0532202723696211,-0.017341356088062893
