id,h1,h2,h3
0,-0.37190272756775383,0.11188197453350451,-0.12411764215803936
1,-0.10124847041416313,-0.11363367255365447,-0.12591661462350373
2,0.6686803260534817,0.2033124730386133,0.5111681223918905
3,-0.12543672367314368,0.00032299140793484726,0.06541323987305311
4,-0.029915347263743126,-0.009017980164799766,0.01469214908952643
5,0.11364000266790253,0.10239099898373684,0.09637395578663172
6,0.22705520483863942,-0.03235906083976904,0.05856382336340206
7,-0.07505039921948203,-0.057798175297096105,-0.025397171696617704
8,0.6716730274751735,-0.3752597959937496,0.25810560651284736
9,0.018084905105312077,0.03898445180438709,0.025242799397402482
10,-0.033070234859683426,-0.05083406241878517,-0.07630930746244653
11,0.4102203347476835,-0.2200259065388227,0.07973260236961577
12,-0.05520618598524912,-0.008817955878126837,0.034732522697937585
13,-0.16238982275343944,-0.03777747039658552,0.02488199802550342
14,0.695314250429218,-0.4377552037256377,0.32327977519052015
15,-0.9278654740401797,0.5210446730109571,-0.3208527643769289
16,0.21262002939621347,0.09891435274638588,0.0351401220578329
17,-0.10722765835802957,-0.08516931063648847,-0.09443083994721996
18,0.47637973649619264,-0.24946508501214756,0.21055892358855718
19,0.06568800633360833,0.017111164697834746,0.010839658603506275
20,0.8204632932110395,-0.8762707346827159,0.8390042400942539
21,-0.5260044409677853,0.2147060704790074,-0.01020408316600185
22,0.4836865845005395,-0.5329015748305306,0.5103696390253933
23,0.9327307348771524,-0.040324883133917966,0.3603676281875691
24,0.03832842872691748,0.051972746312021034,0.05466456370263789
25,-0.8242648499616575,0.8429073435245743,-0.3941819843584463
26,0.08229868531349813,0.021266010200886726,0.003101839086583555
27,-0.18070604148709613,-0.1312202516496735,-0.039327862364565536
28,0.11874461512353157,0.014431744897182158,0.009918424936926074
29,0.024354995605330457,-0.004248121830559719,-0.02121794676899528
30,0.22289247209951268,0.133819215274045,0.0830350562635197
31,0.10324461121554829,0.05098445483607578,0.01026685924171522
