id,h1,h2,h3
0,-0.024155298408425174,0.010486383077366823,-0.5100637304454092
1,-0.0021167533841706387,0.02274186378255874,0.06856127513258553
2,0.12591303063745343,-0.059641801116558396,1.2359146527333214
3,0.025588532722052637,-0.1174339256970422,-0.5595652476893933
4,0.001757528273015646,-0.021218452597614165,-0.11870662217425015
5,0.029916865652425767,0.03410067657702115,0.09702276676404195
6,-0.05240519936553581,-0.019532464881618,0.4374342349301701
7,-0.08758191602873247,-0.08394970856615,-0.29062610156010127
8,-0.07508976376510568,0.05852595985923781,1.149569749854483
9,-0.07601679432388495,-0.053640149364175244,-0.2799279067084546
10,-0.00686353374621454,-0.0012736627622772778,0.23548078581963644
11,-0.07347620342927103,0.0680350832529778,0.6021770613560586
12,0.044753241066129296,0.0014963338027358941,-0.21735706229523624
13,0.10074481179085842,0.02962998943430184,-0.515223272835636
14,-0.12347894064219983,0.2718321035247425,0.6881223562231495
15,-0.15001612373616866,-0.0019404052685987883,-1.5058024414991347
16,-0.09382440038000966,-0.04253380937425949,0.40282708138741297
17,0.0403499843609864,0.06472671269501823,0.08390955416589374
18,-0.16376189231642296,-0.0782494173679125,0.4426111940304151
19,-0.07639138644860344,-0.04321980510718476,0.19352342561599759
20,-0.018525831058602116,0.23181553517882336,0.8757222490187202
21,-0.11504174622617186,-0.1528941165382437,-0.5402602444812258
22,-0.003765613570838107,0.01915548619323442,0.8282594636197395
23,-0.157999116675563,-0.3988440738522986,0.9564335874229069
24,0.02197522170755367,0.05212279646207241,-0.05036223314084687
25,-0.08297706419994619,-0.15619912114040999,-0.8329897146439962
26,0.0782559084384463,0.06933709454527655,0.3959221271915805
27,0.016707195912646106,-0.04537946148042088,-0.36210090751226753
28,-0.11550859582824724,0.032944231771246696,0.5615661110265473
29,-0.04098425481677913,-0.011661511734016458,0.05093153800749475
30,-0.013061649639776338,0.047512861111722274,0.27427470692650013
31,0.03410975227893598,0.06308321525498028,0.2351752765167497
