id,h1,h2,h3
0,-0.10609457107544995,-0.1885096749616628,0.00939037465355147
1,-0.07732499291679956,-0.059703547492189146,-0.09104394537972013
2,0.043149978369810604,0.48598275195075596,-0.10385264173099396
3,-0.09994707674225625,-0.18875566715678854,0.10970686209720071
4,0.09003940574391872,0.10522673868531371,0.09770664279656419
5,-0.1010849350644388,-0.09716806798281591,-0.10715094613584769
6,0.1409433516752167,0.20544940901098546,-0.014771637829214201
7,-0.05740390076332377,-0.06542828598697664,0.023678388092389008
8,0.15956971989361673,0.7492975482106251,-0.9166799986286609
9,0.02964207561203698,-0.0018122386716905997,0.051265641191464026
10,0.11996092951011078,0.15058731755048338,0.0398018979122593
11,0.10277214485215519,0.16664129432102232,-0.026593311320467106
12,0.10932239712502644,0.046461937128922215,0.13553860584597177
13,0.00010219935190572405,-0.07072107447146092,0.16425290140003476
14,0.09126414449532055,0.19493367131377656,-0.15392966247492923
15,-0.07684116093472033,-1.6373449367570552,1.2006085802304125
16,-0.004585979071678861,0.03747691236528215,-0.15138523573846668
17,-0.07930439779108561,-0.08838649725436026,-0.0605089990920491
18,0.10803537436851432,0.18096969774496208,-0.07039767792493787
19,0.1085822558490227,0.1394901782035571,0.024348249708742165
20,0.07461878343097622,0.6558936186922016,-1.0671986785755958
21,0.0237190739645739,-0.09319750307802394,0.19604625321110447
22,-0.0010735467846831291,0.6007312894429362,-0.6977326934071247
23,-0.1355407653326245,0.7302396202809159,-0.898064133901721
24,-0.003942601954113223,-0.005012565871892388,0.019381428175073573
25,-0.24679104229654386,-0.2882873891654909,-0.010315105766734972
26,0.047580923945023224,0.09554044672901668,-0.019783742782031766
27,0.07629027571038513,0.008262603388792852,0.1473436736460767
28,0.09601573588482493,0.15786169883358508,-0.03920128904472381
29,0.0746719817586848,0.07954695703087515,0.008184361703218318
30,-0.01791223253699642,-0.00983328715991627,-0.13858288428635546
31,0.11283953603036637,0.1483900273184232,0.04623820305252935
