id,h1,h2,h3
0,-0.2891135824078533,-0.6442158293205612,-0.36882927903903645
1,0.1307003556499775,0.3009552052210871,0.1766095679115053
2,0.01722204618085188,0.6427897364949492,0.38324357409195486
3,-0.054789671194826,-0.4620188817057019,-0.3380334222988618
4,-0.0620851062632809,-0.09788262692278907,-0.08403239612191049
5,0.0953022377717444,0.24550578307201462,0.12419860204949892
6,0.044835559516693185,0.13843150374662372,0.10942871465825574
7,0.03427450197153031,-0.3165256347517821,-0.03075499060774578
8,-0.09524224077203852,1.0328690234276463,0.7476934169465929
9,0.004270879074776468,-0.35860736383072234,-0.014025939491726924
10,0.12496170389244535,0.2651483291482094,0.16919863588109368
11,0.10102508821468481,0.3815709482266416,0.2802873526489432
12,-0.13643894275141327,-0.2988264950334707,-0.17950247287935525
13,-0.06003843745948592,0.058146376474041195,-0.059249559588326395
14,0.041527005708314635,0.6633808981816018,0.4330550788732557
15,-0.2905312419331829,-0.8652429514643682,-0.47671058798159033
16,0.14650783315384333,0.25535465510776056,0.19512634330728573
17,-0.05494062430887642,-0.17137299385175525,-0.07078457947124178
18,0.12924362446285986,0.47221095244734745,0.2310450222637108
19,0.05159060795859499,0.19093850589581327,0.09895395672924512
20,-0.12300620813896525,1.46560898777632,0.4468251037105723
21,-0.09476476224145924,-0.47222585663400213,-0.30262831121864664
22,0.2010721145493075,0.2965699684665992,0.2836127965562385
23,0.2584123275831654,0.8399667684671028,0.4088325647703602
24,0.02777674897044169,0.08866715769733008,0.03303190483035401
25,0.12636042333021766,-0.8255723391179631,-0.695577858395324
26,0.07275497540036455,0.2834169787438582,0.14358674601988258
27,-0.06415095724523193,-0.16618940027872806,-0.11416431136225486
28,0.1388174647469444,0.2857643307576534,0.19697474048556318
29,-0.02206833233159533,0.16192225999729704,0.03887525632908462
30,0.15335576724355351,0.30527265749020066,0.20402117938174613
31,0.06016900026122104,0.1981847767478388,0.10721881899773103
