id,h1,h2,h3
0,0.0027173392357978943,-0.1781117035158702,-0.04404397835622999
1,-0.07883996432675705,-0.037524819711403534,-0.06597128092193083
2,-0.11814164820574863,0.19898214822104893,-0.01803124111837598
3,0.02192370863595597,-0.22975632106354632,-0.03416205138269397
4,0.05302107247270221,0.05105141269194985,0.07161539765576735
5,-0.2047991464952973,-0.1561598403498808,-0.18277091624657005
6,0.09653647701399498,0.18278235342282478,0.13172752293817896
7,0.04443751868286887,-0.005549773327264147,0.03552843144251343
8,0.14721144005197406,0.8544409270195504,0.5018154194416122
9,-0.06668477662412359,-0.10838534898362923,-0.076363184733656
10,0.034745799328614546,0.14266180918074856,0.04712333338561153
11,0.010841649396168052,0.153602289665767,0.034229048773748216
12,-0.05918080864071501,-0.1530718228089904,-0.08908024255903702
13,0.04802814159124494,-0.1313484559500562,-0.004951001338314984
14,0.002205654292306375,0.130243326741034,0.2661553270570318
15,0.1070994621257362,-0.14098481449086153,-0.42922540838615797
16,-0.08942088795298869,0.051455589439472454,-0.05188011524076511
17,-0.06411795642434351,-0.05101371405413099,-0.05834878508172672
18,-0.08188716796185902,0.31243717698774454,0.11932865704002216
19,-0.23462856270112478,-0.13813942660673256,-0.2161745312680288
20,0.20664763357230195,0.9497470830585575,-0.4223018674188421
21,0.03517925478686307,-0.23495381357949355,-0.04503921631826821
22,-0.1037691955156762,0.2071198624299288,-0.006607421485102738
23,0.1045065506244243,0.37410837910793504,0.6952488642792384
24,0.04380837887242267,0.03472094598353387,0.0383448267082622
25,0.040777647235632375,-0.5103693634808623,-0.5884978907478695
26,-0.10971044492896037,-0.012528121762997405,-0.09252482900069892
27,-0.04074263442912146,-0.16894314013183692,-0.09293731811280312
28,-0.11747954631840525,0.10068150405507847,-0.049685206959774894
29,0.037315890550594394,0.140451723142562,0.07540140138964002
30,0.014795527497138833,0.1681593936353918,0.06278527945896473
31,0.05544286388517393,0.13184530948772377,0.07449265401763605
