id,h1,h2,h3
0,0.07369908586743057,0.14862076243732347,0.11379872879250247
1,-0.029245976093126194,-0.02916292234618953,-0.02069832953811611
2,0.24478180648184833,-0.22919890311722974,-0.37282218823043495
3,-0.09848915667352423,0.22687201106989377,0.3841626423287932
4,-0.07353999313708498,-0.07241936075278388,-0.1031139678280803
5,0.08599369394355005,0.07988293880192288,0.07036814135633107
6,0.05109621889369498,-0.013625644606760301,0.011529276097336616
7,-0.023050234399465484,-0.06353943607265533,-0.03534522668362832
8,0.2136020320566942,-0.4859567426923834,-0.38656292541155945
9,-0.1442941598327862,-0.13409134267182987,-0.15206549096158395
10,-0.005303266802162809,-0.07218154834876955,-0.045322740021071894
11,-0.0921446107312027,-0.17711573355965768,-0.1408339651157418
12,0.027525872959561548,0.09100435006807633,0.08164302208740143
13,0.10835454670491558,0.2032946509668137,0.17795742708851886
14,0.16317231776421295,-0.045073216432067964,-0.3764229502900038
15,-0.29667570549696837,-0.004289871565885339,0.5728714612164021
16,0.026801991926622082,-0.05794024240824208,-0.005800411164601116
17,-0.1129895926190391,-0.08292665888790213,-0.1085558893898988
18,-0.0686867638604664,-0.1994723738308073,-0.14722952286311158
19,-0.015662596088933,-0.10838325745334883,-0.0851331054983625
20,0.21116950793647876,-0.004969159498870189,-0.7512017534363254
21,-0.1467941485725296,0.038941675879361315,0.28048103631520915
22,0.07978418236421198,0.14436143306940574,-0.3148670498739517
23,0.14022554660123415,-0.3601711477966224,-0.537308758919401
24,-0.0144286713190942,-0.0473873543176796,-0.04672725985259302
25,-0.3884275909127278,1.0191681895351097,-0.022746160198621884
26,0.009810346511252288,-0.0532896636892613,-0.03258886995225738
27,0.1062617045515152,0.18255691253594158,0.1476912335118341
28,0.022985401560614044,-0.09592162329511278,-0.033333376275651694
29,0.03795341176784728,0.03067233704136954,0.02963364554827788
30,-0.023993049621077345,-0.10257088449242652,-0.07200381944706791
31,0.044408604970697166,0.01410685648940245,0.04923219812224739
