id,h1,h2,h3
0,-0.08201994534860582,-0.15549604120475108,-0.13445843060551696
1,0.032111996440994606,0.05903959018711058,0.05104632428028727
2,0.1273505195949132,0.07995515510905496,0.6785874539646506
3,-0.07152838527476313,-0.1341319930472225,-0.13701773206511209
4,-0.23473516461388674,-0.18989226017361432,-0.1774182534490526
5,-0.15274992750521227,-0.1343063700965714,-0.13583392257556642
6,-0.002191133467870199,0.04159579057246299,0.02904003872429317
7,-0.036667192393896986,-0.05584541545590891,-0.06191849838312837
8,0.1877188580889532,0.25266477554074446,0.7928747552235851
9,0.030947893080294664,0.023943075420828075,0.0070292987472390656
10,0.04708430786487644,0.0713564256572149,0.07233070710056061
11,0.13014037879564727,0.2315035720784511,0.2183759944694775
12,0.11817661619288189,0.07504445016961275,0.0721882350487767
13,0.023566609403972316,-0.06568354445483895,-0.06923509639032563
14,0.13991875910745108,0.25070546588736853,0.270004455655428
15,-0.42970427316307813,-0.10456671581011584,-0.8179298210202348
16,-0.059433100443438885,0.00117112774532932,-0.0029572373130924423
17,-0.11335462766966478,-0.10357881899196053,-0.11009897855853118
18,0.16585783015854877,0.24743983670854044,0.23988956322799998
19,-0.0992640191585755,-0.06863615536623202,-0.07082786739196328
20,0.34731726749077363,0.49770921393863643,1.0484565016602254
21,-0.17289612779240754,-0.26934812335040254,-0.2773032204013536
22,0.0962356094497302,0.22468900362657993,0.1959834480191215
23,0.34608526481951335,0.3340961436456871,0.8785738135012369
24,-0.13702563086919012,-0.11854324921497188,-0.10994207464905432
25,-0.4945580338078971,-0.5753451215651681,-1.1864025478198756
26,0.06195064615290513,0.09337216411881694,0.08666128208423718
27,-0.09812575313164407,-0.15310903402046727,-0.16188601125438867
28,0.0873981850224578,0.17791628967878745,0.17382262420029643
29,0.07458436843203736,0.13085486139130442,0.17691045042581077
30,0.017747729753005315,0.06912769689813131,0.08400022737134225
31,-0.05587607577456713,-0.03654984859299146,-0.03433266689604736
