id,h1,h2,h3
0,0.26068278087191876,0.23646008703443377,0.23208867174891318
1,-0.06012889281552836,-0.046337509538364,-0.039543360935542504
2,-0.32253002872436315,0.14262443298479982,-0.1247266839762447
3,0.22519420275191918,0.16838907462674538,0.14704080647968432
4,0.1694711027354165,0.20252426898060313,0.21261229025839817
5,0.03172936471578747,0.07543955435857164,0.0830515936416415
6,-0.20576594207251597,-0.08730113691229552,-0.07683579829195318
7,0.026316834988190152,-0.022727272493614448,-0.006480025348087448
8,-0.34544608421350276,0.1328594010624573,-0.0854882540040196
9,0.07729419698017975,0.09065514225162957,0.10030248836987948
10,0.0852335528060606,0.19832052855338586,0.23275970700128806
11,-0.24484237920969038,0.1265126767662299,-0.10952739718358856
12,-0.05623142627232261,-0.03369660950288128,-0.047951838279733316
13,0.2085563105778417,-0.12669732370833667,0.14836134075982368
14,-0.27687131717359703,0.3203135046679466,-0.13439093095128252
15,0.38258519942947555,-0.16795761698308262,0.009055776254190379
16,-0.1356738808024759,0.011686844309765188,-0.034489364632756425
17,0.09393538985931343,0.07246766741358696,0.06835306328980661
18,-0.13338701019808136,0.15683349978298944,0.03917077159416493
19,0.0364356446071421,0.004391209039964643,0.01595192893895358
20,-0.49301056334406873,0.15746886786325537,0.015688311243068992
21,0.10355020204361251,0.01681467353804847,0.00316355421544659
22,-0.20736427351181666,0.15518994567155153,0.08636617139989303
23,-0.35907184643969614,0.23707306815721102,-0.03440107046718176
24,-0.08197484289180665,-0.05577174042715252,-0.0953814563595613
25,0.47940752810481935,-0.289809051306002,-0.08430611509330646
26,0.11285210218735009,0.19225086942262748,0.1988191654391583
27,0.20462831680479932,0.15440158433324042,0.13046397325102893
28,-0.23757116721745491,-0.15889466764704224,-0.12850364868070593
29,0.01325765947379244,0.05092322773183264,0.059079314811832415
30,-0.20138717903675973,-0.035420477638503645,-0.015155652176669143
31,-0.025896358421672983,-0.05085262796620235,-0.06034341387692321
