id,h1,h2,h3
0,-0.14294863307345096,-0.011089884343283396,0.04404279822154272
1,0.09557154187841399,0.08197432998839521,0.08471447008722005
2,0.17462455441442457,0.01947218713473836,-0.1354824958527987
3,-0.20001560736866794,0.048201821021491134,0.031649132423896845
4,0.07592315610182972,0.08845098038032846,0.1087493744565825
5,0.09202105901564747,0.09524582911897075,0.11773966323948168
6,0.17404635851251282,0.1069638581265529,0.10357549688676945
7,-0.033868211674009996,0.02653671609724978,0.05754399037765073
8,0.27725185244773104,0.1271359152184805,-0.07946869382878527
9,-0.212897383856265,-0.20041040471538013,-0.18604814961778754
10,-0.08172046095528573,-0.1100362992823928,-0.1534846520424648
11,0.1125068121897331,-0.015417637479125945,-0.14717545458957573
12,0.1777785669370435,0.22138410771350042,0.22426102326428538
13,-0.11394038496569597,0.003263116868533228,0.1125786182691251
14,0.1835429086674205,-0.0276894445401287,-0.23428605930842478
15,-0.3362594221543636,-0.003912965571634584,0.3075805242437767
16,0.10433087689245141,0.028292676480502266,-0.053619527930038935
17,0.032762522511759734,0.03386890921195396,0.0064163922565278475
18,0.017155033735717473,-0.0061511324806557965,-0.017485208013793663
19,0.029435883204215516,-0.011248320842879758,-0.03587009922141121
20,0.4255689876912223,-0.01825473164224717,-0.21915527391884168
21,-0.1777730541055471,-0.01954371157810314,0.10753504372456835
22,0.15680000528268273,0.13974482119656717,-0.04710629921559334
23,0.2805162601518526,-0.031562825065513445,-0.14417069352913764
24,0.11097219631583244,0.07020631991222348,0.07069098303720378
25,-0.41751497935712056,-0.04874400776744567,0.176616275586281
26,0.07993821175244911,0.02436206005929642,0.01649537110635499
27,-0.15554818555429173,-0.012286001645701539,0.07962351149354885
28,0.045767783922929184,-0.041705659247796345,-0.11883959983387676
29,0.10646538563313135,0.07751707745683656,0.06762538293123088
30,0.04056699139998965,-0.09068690133229551,-0.1892833808999635
31,0.09329834880508837,0.11760355074759131,0.10874050411058528
