id,h1,h2,h3
0,0.018462065935217833,0.016397055454912338,0.03469371253577974
1,-0.11914708769843883,-0.10992478954202262,-0.09931572296953901
2,-0.1107607153713406,-0.17181564506901637,-0.11561776755131478
3,0.05153966306981006,0.06838411538307065,-0.04605305877140481
4,-0.053053272458240514,-0.08041590086769222,-0.07257312264578264
5,0.03503697692444649,0.1831267505287963,0.07720435347802079
6,-0.038865257745709286,0.12216288138152209,0.02617409799834501
7,0.018502450646168622,0.09438330318712668,0.018158914561392125
8,0.035545456872287357,-0.178840659472981,-0.013513931897489506
9,0.0725167295368856,0.10158708291069019,0.05265564654600452
10,-0.09770377428680066,-0.15686436421910177,-0.10847247147183559
11,-0.01605893257789437,-0.04030013413120842,-0.0471167105968906
12,0.03571953133243949,0.009520278997378867,0.03535493781062757
13,0.0020043709624734674,-0.022767783660679553,-0.11353570217711931
14,-0.21932066880999634,0.13175440943326552,-0.043694566937490464
15,0.07355962143224276,-0.008866920667265299,0.32117316705288546
16,-0.17102633687807162,0.03735395449547883,-0.09231883774072251
17,-0.07398707834198215,-0.14532701087637784,-0.09926473596504437
18,-0.15779782971729991,-0.056984883109372,-0.01944200491484746
19,-0.07836139676982534,-0.03577147755720589,-0.058353635898430345
20,-0.0829641530135386,-0.017760665461204833,0.009881173331885817
21,0.084017666345544,0.10124111933057367,0.1530711477539199
22,0.05864772673231358,-0.11196296385314758,-0.15619925891502529
23,-0.07349276336477717,-0.1200361290620025,-0.09040915472372235
24,0.031385929036697346,0.07178763472616123,0.038135990165407974
25,-0.07600689254020374,0.1627564007835629,0.13929255093322518
26,-0.01663860333476863,0.12378656404835134,0.039348969314283305
27,0.11181969595865329,-0.03781485108854571,-0.019023703946816545
28,-0.009553460368929567,0.025357561676188745,-0.07643811948280183
29,0.09491631025888463,0.14697285529731058,0.06838399336774087
30,-0.010353072051755452,0.14198365376332722,0.07687039971595322
31,0.0008341397088406644,0.07727204458781936,0.014985486281438615
