id,h1,h2,h3
0,0.10437421983183764,0.2431385569156826,0.18245243243107556
1,-0.08473521248740262,-0.15131857764572143,-0.134805420580335
2,-0.08178318367990439,-0.5679708819610785,-0.20349195606888965
3,-0.028613044897727424,0.29132019074627213,0.13483985729849968
4,-0.060446689689203636,-0.0714812112620985,-0.10027181340432778
5,0.09270584524254716,0.04075000644808319,0.0665504121450321
6,0.23482079037350803,0.1698442928160012,0.1895376862700584
7,0.04845029096214115,0.10235747633125863,0.0653964263945937
8,-0.162308913694192,-0.543152089300284,-0.3163043738496665
9,0.06306275666040503,0.08225405024315077,0.07738620806137916
10,0.10333126933654807,0.025597593681816078,0.07500992688604532
11,-0.08014115628464119,-0.21648308448621117,-0.12606398282994952
12,-0.005900572852525467,0.055220489648827295,-0.016149084110440276
13,0.019946352304017256,0.22228697492569954,0.11731178915853119
14,-0.1888118609560145,-0.42200086400004927,-0.3413535245579408
15,0.0366329507805412,0.6688397277508559,0.26608377754341644
16,-0.059161584783910814,-0.1238043794985752,-0.04049908282841941
17,0.2070329482147879,0.21861522082348275,0.23853553612000777
18,-0.04326980763324151,-0.1910081153296988,-0.148326627040112
19,0.08490739550989262,0.03559257561988444,0.07392907308284763
20,-0.0781213079609302,-0.37155158874156957,-0.23437010027988836
21,0.08262341796758581,0.2263169272922757,0.10479042228608389
22,0.05078812261563537,-0.6240233604354848,0.051093861327308254
23,0.0638438209014448,-0.2727502697277037,-0.2725640045147349
24,0.0016331825293560143,-0.0015423973562839477,-0.014389811908038785
25,0.1660879430142224,0.6157487049916943,0.36058330193867016
26,-0.027830507597968887,-0.098285833848543,-0.02851278024951829
27,0.021190563370554152,0.13354051907956543,0.0707743892103597
28,0.041381369190782114,-0.22282518554752034,-0.12531282697227475
29,0.21046528680578735,0.19563599926131692,0.19492343048798222
30,0.08453663925180539,-0.0601880178908966,0.018986962753044644
31,0.13602787983166,0.0886658837724921,0.12363009316490475
