id,h1,h2,h3
0,0.13304195535575397,-0.13178571200243083,-0.014259589587209902
1,0.0038043265210476462,0.04979950265036122,0.0343474881087574
2,0.10822561515232143,0.3606449126421186,0.0673052634098788
3,0.10552444930264215,-0.36434581245981756,0.04622686270724469
4,-0.034056352082089014,0.029736039811098958,0.06284377754054538
5,-0.13256000938939438,-0.14315820466826296,-0.07938702249029134
6,-0.020741928143853228,0.1618811871226158,0.020984667763355752
7,-0.013924748784057278,-0.07504480750619213,0.01919326533064869
8,0.07633269399632675,0.3782749270552969,0.07797506641436608
9,0.04853551942673062,-0.15762354655454308,0.033266339067318684
10,-0.13827664661639102,0.1119260406573514,-0.060864323537200005
11,-0.006985861071605495,0.215886356171894,-0.030778055338053695
12,0.0685331165277604,-0.2342096001311179,-0.010301305887784329
13,-0.056394141723742686,-0.3241614052995571,-0.008690660272320072
14,0.000880905900675133,0.7153291188943504,-0.3008777009827148
15,-0.023766245089018992,-0.6531061436802544,0.09076549757796776
16,0.0750372311040676,0.1614895709365678,-0.07606771759685332
17,-0.0977900203778582,-0.07747072310865608,-0.04419118873774619
18,-0.01698497230734479,0.1672938242944342,-0.03287684310862861
19,-0.04347941233179897,0.04051873153255975,0.016433848794320693
20,0.019149428259845447,0.41511642445255326,0.025220945187858418
21,0.04820171741094226,-0.21886451741530716,0.00755063499127509
22,-0.012264239766912738,0.4068753868811186,0.13856098734463024
23,-0.14979820319885456,0.08371763570335794,-0.19879522506205377
24,-0.058407271660606996,-0.15157457298072918,-0.15262181191570223
25,0.04027334924061421,-0.12127436935111136,0.24519947676258796
26,-0.12783009971207368,-0.11541802910832111,-0.08163638225063047
27,0.0381498360373389,-0.06113164646628877,0.035359052103706545
28,-0.0800628663719131,0.15981010141973934,0.031616137499576785
29,0.02303276057267259,0.14138889838233354,-0.031781131071759894
30,-0.07146053937274023,0.09901148985872504,-0.0249465440926519
31,-0.11212496807168168,-0.06192916571678198,-0.08519249710548432
