id,h1,h2,h3
0,0.05170704376186652,0.18004767965076057,0.03136726524011557
1,0.2295513816758426,0.16292408420118162,0.22993255938512958
2,-0.18678811068660572,-0.30888622922099557,-0.011541846024854474
3,0.15424024583594678,0.11495321437130043,0.03662833687422651
4,0.03732951260995243,0.047007360736611936,0.05088690497346471
5,0.018337656732192828,0.04290015948589629,0.015541360143019128
6,0.031206388463256074,-0.20054256783674004,0.034484434241247336
7,0.06319157313290513,0.1272704144421151,0.06862036573974095
8,-0.22950575759958214,-0.6525383302261026,0.038386537984330074
9,0.09688963597160702,0.05076990541461257,0.07534639040966604
10,-0.14605261232861871,-0.19587271228494285,-0.14450544122688047
11,-0.09255863131343947,-0.2661922301107338,0.0008742850048722439
12,0.0035191135010685104,0.33106681375345626,0.014068342562155306
13,0.05005412104731484,0.19904299240612322,0.036972415854721136
14,-0.263442000632613,-0.3796659968937971,-0.0539895618853759
15,0.32628363914692066,0.14698907223340174,0.0382175849609212
16,-0.17993415967113272,-0.1504835342493061,-0.12724614537375512
17,0.039705503031303324,0.08613008218632828,0.036330654924459305
18,-0.06409849912539606,-0.2302968373630357,0.08216097367793318
19,-0.06864936417721938,-0.026408193757124263,-0.04987410147226301
20,-0.22098899104773406,-0.19451233062958737,-0.046458412214392286
21,0.007777216672661402,0.34431341917597696,-0.12804801415040756
22,-0.19563841673012203,-0.18530645866531528,-0.12407888638669146
23,-0.23653126631499538,-0.5480147221304628,0.12207058488729493
24,0.3400926817540816,0.10843623295041771,0.3274351087879369
25,0.28483623471122976,0.3125793643321059,-0.11171601838436274
26,-0.04813908674421197,-0.08812381943454822,-0.047948902062970034
27,0.13014964571446297,0.07788007140865974,0.09217464953474394
28,-0.11196866865307326,-0.22508121753049534,-0.09152123066519008
29,-0.08358698653938701,-0.14192544927577216,-0.07544614606754865
30,-0.089415494636085,-0.22067457250425604,-0.06343821261875171
31,-0.01654835029181248,-0.28515778714460127,-0.031545025724960096
