id,h1,h2,h3
0,-0.0015604191856321004,0.04452783248242595,0.08914548441122919
1,0.008090094063139028,0.007934056932816728,0.04017662913051192
2,0.3811765871023986,0.03272831924272562,-0.02306158707675518
3,-0.36993386411514023,-0.10008121397729325,0.08278152502065407
4,-0.06214198196716007,-0.042268436252213826,-0.03497038907938917
5,-0.09805908925898671,-0.2255525604396551,0.07583683497954896
6,0.008992542853568208,-0.010173946480947771,-0.14582471229825333
7,-0.09084746881344588,-0.16407720357705718,0.08053467539309929
8,0.2860682504606157,-0.06189043088438495,-0.07268874397340713
9,-0.022105729201450985,-0.03915571267127815,0.012428309601057563
10,0.14640995967662826,0.14435308377584327,-0.006097440097461576
11,0.17381761537999157,0.15878766267788907,-0.1143732269757955
12,0.05196680326624248,0.00442368222854056,0.03301556650516982
13,-0.2091457079674306,0.026645596497719692,0.05795718862432914
14,0.43380774006486145,0.19665098938587292,-0.18943503210407198
15,-0.3739170955667801,0.13286926216545472,0.04289662690676117
16,0.16603694040791078,0.02856635448426792,-0.02577883221144467
17,0.049926771684668136,0.017009673910122536,0.022017839958028806
18,0.18388848731097263,0.057276132276598724,-0.07551969018359733
19,0.1277856821624339,0.10613392234631752,-0.026471772008060085
20,0.21075339572543625,0.20939308322734881,0.18697690847217271
21,-0.22577887068952684,0.01815917622810398,0.038533292714149625
22,0.21742661104794686,-0.1825278135368042,-0.0664572612957634
23,0.2572932154559501,0.07644063655531819,0.14857229775447178
24,-0.1312480294052425,-0.1276813640606076,-0.0718716789657573
25,-0.5205154472676188,0.3493164767035358,-0.08603596199884757
26,-0.0033867889110716365,-0.019977100708584883,-0.12372666807945984
27,-0.15001026861874342,-0.14717130806932277,0.04332277954696319
28,-0.10663830283146256,-0.1507921381215065,-0.09540886848430138
29,0.04961382082595303,0.08259953187446889,-0.10012144539759982
30,0.09025057989496602,-0.11825013778333013,0.009182041756363446
31,0.10702530545103561,0.10356725537164546,-0.0687984800770565
