id,h1,h2,h3
0,-0.07816097008731163,-0.10245420950218422,-0.18199602118433283
1,0.09568552641539524,0.06542778937578242,0.07970144220846015
2,0.16375806220997552,0.13820300779244232,0.3493100769307947
3,-0.04016330078868219,-0.0007011156920107564,-0.11229438711763778
4,0.03403511678484694,0.06701004383193315,0.05968940215971119
5,0.041871146613318866,0.013571906070012067,0.04868689287423263
6,0.13971181545029854,0.06882863305292969,0.1160307289045111
7,0.028585238853566286,0.04605587600622808,0.03711159603862774
8,0.34439101228267865,0.1407524508760131,0.29032327029077437
9,0.007856361544913038,0.02291927612240907,0.01582840006823044
10,0.211346261564974,0.2138048091332445,0.20632620740077276
11,0.06508073740925702,0.003957762867397768,0.13537401240387825
12,-0.00937485486348616,0.00827650627919213,-0.009254475066535095
13,-0.11301959590108362,-0.10507685425834132,-0.13776006271370278
14,0.23520349235056776,0.1201193695339795,0.2557435517105071
15,-0.3486887788274544,-0.12522165043171216,-0.3968237389900281
16,0.11769191922334898,0.09060109871283731,0.1521654086680447
17,0.007539880296311807,0.028054882926845853,0.028927765297936225
18,-0.010446727475204226,-0.012344161123074737,0.0024248338084141285
19,0.12108976232063107,0.08719210697114105,0.1172064560085298
20,0.16827712369886969,0.2725468215310908,0.48542427201677063
21,-0.1218423133901918,-0.15320761553918272,-0.05376701082114335
22,0.14437747706787518,0.12668321358315737,0.19938197074779174
23,0.24204677519931023,0.0677707927350067,0.5733213289705182
24,0.02487930583429729,0.03892869643830854,0.20810030762797907
25,-0.32192492892306473,-0.5206956897775552,-0.4598404318292066
26,-0.0368307821212881,-0.04003544049984781,-0.03866989625077677
27,0.009156132080940071,0.0028708055918225672,0.015859178337137625
28,-0.004436084322295142,0.006479732192014531,-0.00795153592688852
29,-0.18436243262079047,-0.18172025541279446,-0.14598178701335723
30,0.07471303319577732,0.0673510446613324,0.1118730779998402
31,-0.12124036789938009,-0.12254525705790692,-0.1020769846553608
