id,h1,h2,h3
0,0.3263900773551566,0.2163150932423225,-0.030446060116903095
1,-0.09623501319381786,-0.11089830048004952,-0.08648115588252425
2,-0.37242471743194394,-0.4744575789720174,0.3181662229131198
3,0.29796034292782747,0.36029085611574824,-0.2836787243117641
4,0.0071415876611652385,0.007501205093033647,0.03092798573934913
5,0.21750301971328584,0.11418774401828827,0.040724148133560345
6,-0.4381672266584235,-0.34257643098566826,-0.13575241414104172
7,0.006262125238417418,0.03435434880351718,0.018212253055506805
8,-0.3952577571192137,-0.6755646029756437,0.5515464857576886
9,-0.011435104119111417,-0.049126813126125206,-0.0864482158103399
10,0.012540381519137667,-0.040736492629511456,0.05348627836605363
11,-0.2111827616386136,-0.17741101092334471,0.2895415500128712
12,-0.047871869255761104,0.014989160546392474,-0.04145076126678676
13,0.1964452915644187,0.28172116086317556,-0.10857968224723202
14,-0.31528597781921497,-0.6764530458014817,0.424732882518652
15,0.5736752166365451,1.0390908495838365,-0.5145268410117633
16,-0.1764110294096921,-0.2593557274290653,-0.039967627270413475
17,0.10606262106714098,-0.09251891795296491,-0.0654393270820785
18,-0.23631062422431326,-0.30403960064963786,0.22028873378889308
19,-0.05202934034368917,-0.07154491063569773,-0.025472059457967544
20,-0.5693348785738725,-0.6579059987512934,0.39035136344859483
21,0.2129212914545407,0.3717686344078487,-0.23749268446934793
22,-0.39340232502490236,-0.3753580026537097,0.08484000034567708
23,-0.6162964566519303,-0.49014313903736706,0.11905172898083433
24,0.0903447861959744,0.1029831530754514,0.07510594920531147
25,0.8858631712205249,0.547707236370071,-0.29712575816361586
26,-0.02933070820015922,-0.0017922395657396367,0.08072467625388151
27,0.06662001063356618,0.08790275590955263,-0.021389481602487603
28,-0.086260475529635,-0.2887166139338214,0.23336716008624667
29,0.014411199987087064,0.06903262193324061,0.18387446389265166
30,-0.19258360211239436,-0.24791302006600546,-0.037462342007483176
31,-0.026810520432573037,-0.020007252067885534,0.04766009610632824
