id,h1,h2,h3
0,-0.014431386026061699,-0.0790260433214871,-0.1570201070300774
1,-0.25872787413063664,-0.18569442746907103,-0.2087205091880542
2,0.1876910204720792,0.01935930066774417,0.4061500408236531
3,-0.039928335480982444,-0.10750508461930275,-0.16165916384214152
4,-0.027049813194914313,-0.021188468979237762,-0.026288660186221446
5,0.13663189882207644,0.15248376933771826,0.14010454088866556
6,-0.1703600763333905,-0.15217747508286278,-0.08216463733195759
7,0.09261937018876373,0.09897049976210964,0.09564709933946938
8,0.24767318987704132,-0.00304764610381264,0.7242361655847037
9,-0.08080842074748879,-0.07972897092226208,-0.07420543660200116
10,0.04573261449221111,0.06299227316876756,0.12100825061267007
11,0.004081870698785184,0.048947515556207494,0.11055208615778495
12,0.033287534101925864,0.011578844317036208,-0.007359343753347181
13,-0.1364778112417806,0.0033825701895089655,-0.13831797674123641
14,0.11552995913398317,-0.0004265082567780909,0.46045568021168265
15,-0.1813528582182818,0.1710605222094218,0.4917757080000137
16,0.0705148505503069,0.1195489949034157,0.17037495713022188
17,-0.06589450436679872,0.004072957655285037,0.01943889349540734
18,0.04603224839561704,0.09641988131541265,0.1988460716240767
19,-0.0637765955458699,-0.038175948916765845,0.003678323220366486
20,0.28072575717525716,0.024463000593098305,0.2522862982917336
21,-0.11000741352075433,-0.16974684375066645,-0.30268149882265155
22,0.17231660913371663,0.03814783525698057,0.1871434923912111
23,0.01654398767551546,0.2119105445119597,0.386019968243859
24,-0.06399227383114331,-0.09050106556073945,-0.08326623244326214
25,-0.047549904878874893,0.05169108986762444,-0.36549643944077104
26,0.06267413630555771,0.09922615044518601,0.1375404259501674
27,-0.04740623195532011,-0.03541594514746596,-0.06975932986224945
28,0.12013346216571352,0.20327772168036037,0.2373710064288749
29,0.09741214226399475,0.12786463557758845,0.11141405040611707
30,0.0941481192077025,0.07375711733451829,0.058274704697816815
31,0.10129535852323812,0.0957494648096779,0.10812332700860222
