id,h1,h2,h3
0,-0.04324958306822943,0.037033514692124514,-0.03608535586894285
1,0.018800126938483472,-0.024853214430982734,0.016637953735524347
2,0.1274807666916982,0.2061501060981021,0.09887561585536281
3,-0.013178138406131884,-0.104043515598303,-0.062208874043505724
4,0.20435881769360745,0.2160649852773323,0.21734012845237563
5,-0.06231952591265083,-0.0752795187450094,-0.06505142903383856
6,-0.04696024937534804,0.06103033698066185,0.011222953929685253
7,0.16622264804857922,0.17410067248856526,0.141926369393072
8,0.05225912315815731,0.19642277819815476,-0.003069525113899435
9,-0.03926812120415442,-0.05080729298838332,-0.03431051349164511
10,0.13318114464206687,0.06293735434591144,0.12779697995317413
11,0.26629455453825224,0.2525009032070994,0.2613243424917976
12,-0.02462972418605136,0.018507047251604042,0.0012192090626547136
13,-0.10062860068030188,-0.035850098605024305,-0.09809159564532505
14,0.11153719915525562,0.1214533031694352,0.10210767889113503
15,-0.06905587590176665,-0.33281014405147585,-0.11576848878966572
16,0.0819215654942535,0.009169232655498155,0.05376320403975371
17,-0.10191716530945183,-0.08772964172860898,-0.08873633060032299
18,0.13147425877992874,0.04850955125595591,0.13438459745931253
19,0.00883717306089011,-0.0252186160427965,0.006217160025146232
20,0.10687669469142833,0.2683079297156572,0.1493235675913832
21,-0.26978232085282694,-0.20471809592023343,-0.24323766688561135
22,0.05771945298451844,0.22526021692504772,0.029148233246210464
23,0.022979935885800634,0.2865296598497996,0.0781646989451455
24,-0.07113068852381899,-0.09608193814427035,-0.07508362812702579
25,-0.1087206674321313,-0.09521752547245715,-0.1633424736835752
26,0.07043700161054178,0.04743635587957257,0.06856035683195655
27,-0.009214662632047066,-0.000270903314456894,-0.008596555817053902
28,0.04970633138947228,0.059785918283761175,0.07131315859155476
29,0.002222449002108516,-0.017535577513381834,0.011219272668612452
30,0.20130566727093419,0.2075442844086059,0.19099622861300192
31,0.1795840985893116,0.14934901480745272,0.1804291374101686
