id,h1,h2,h3
0,0.2770335630734226,0.19406331300765572,-0.06738800857901564
1,-0.07444575715795099,-0.04609310561684474,0.10905231274377183
2,-0.06952395040383993,-0.18575672975439933,0.052428772554719255
3,-0.1381297535231309,0.05880343847569125,-0.011145912800283653
4,-0.2391342812961229,-0.1797313097960333,0.0020407139770249327
5,-0.1694814959357133,-0.15734294879620042,-0.019484575896661943
6,-0.022208452490764863,-0.009818618332542384,0.07105661500416804
7,0.046722083351136645,0.08223938001566844,0.1296725261986092
8,-0.48904085913406276,-0.35319247182080976,-0.06793208354572644
9,0.04808241251919382,0.03950395631283565,0.03921140819834773
10,0.1940058244481759,0.16817763996251167,0.12036613304872032
11,-0.07199278067284703,-0.19527907117022228,0.10653295599569693
12,0.08099424927438983,0.07162666497486064,-0.03445902297122494
13,0.20377674697022105,0.17056525180373264,-0.14884154060216462
14,-0.2600374626882579,-0.26029524504302665,0.0648681610563202
15,0.15710206703762247,0.054249049797318094,0.22044844526119395
16,-0.10548863778931605,-0.05293396742685674,0.16302052764236757
17,-0.018405109306023404,-0.034087881823186006,-0.0024219296084151687
18,0.09773359654104588,0.03529192877217846,0.06230902645602868
19,-1.5398341189076792e-06,-0.008163826251974288,-0.01191233098336722
20,-0.13578695457240922,-0.30833288262646946,0.11302390554711383
21,0.09550086779170353,0.1276225580335919,-0.1522010522276197
22,-0.3124321283043019,-0.30393977525086135,-0.10200817541813866
23,-0.2227619280700559,-0.18579335309336598,0.09318347894174805
24,-0.18351620599740145,-0.177677775577248,-0.14037988516182423
25,0.5677296147211874,0.3050848277267158,0.2473637040972851
26,0.2513168300711255,0.23006842908456326,0.11473378997325137
27,0.07665882162385534,0.08091024119028373,0.061610841968847696
28,0.21981575459228836,0.16118312538051505,0.15013196378676752
29,0.005538107623519084,-0.0022663118971833485,0.008785879263773722
30,0.036823842271571705,-0.055367700974919054,0.16561337209810814
31,-0.042525418181996066,-0.029332206378907655,0.02049021538907364
