id,h1,h2,h3
0,-1.047880450377297,-0.9993768165893798,-1.0535767185159306
1,0.4127039494453489,0.3894288770397791,0.4118412469022145
2,2.0179781308091322,1.8346391004902591,1.970127936979663
3,-1.2505846080050185,-1.2023484040746202,-1.2350030930691809
4,-0.15574389306740405,-0.15871987463144582,-0.16004527038068517
5,0.3371551200960725,0.29959301041592606,0.34851203693299754
6,0.7200770406515519,0.702744331550668,0.7199147808142142
7,-0.34434399043098074,-0.3108993379122672,-0.32413308148122544
8,2.6698640140181253,2.259367680227538,2.9401270769259846
9,-0.28146801969079843,-0.2698477092369535,-0.2869228948099405
10,0.5747669605511838,0.5396911830381016,0.5652526536789735
11,1.1887134461724067,1.1205807986978744,1.182289664356405
12,-0.5724223040080403,-0.5417098491614459,-0.5592566402277459
13,-1.2074106757622531,-1.1444478964025235,-1.1929833957448408
14,2.2814175387403957,1.8216800083168123,2.3962759650560774
15,-3.064728383826399,-2.3438201139539334,-3.6004350983185525
16,1.0225733590344708,0.9491085696241541,1.0219961332004086
17,0.2262171877031834,0.20150998153960523,0.2166638119240235
18,1.3642912366030284,1.279126209871553,1.324719008248647
19,0.5436463136100083,0.5185474721609331,0.5400726108300835
20,3.031025558920771,2.284260678797787,3.221322213545604
21,-1.4530882364202098,-1.3885223598305945,-1.4378951354413791
22,1.9809318618544536,1.6831329482890762,2.225284366410663
23,2.405412232670319,2.2539057913027385,2.3979294112880583
24,-0.11048132176345771,-0.09940623258668163,-0.10489719166173342
25,-3.165391078340568,-2.7113817150719877,-3.67988129968262
26,0.5656951937517207,0.5398849229305874,0.5651499606395816
27,-0.6261681889915212,-0.5972792755234199,-0.6188843788523947
28,0.9933385389177698,0.9376611006711586,0.988168717733901
29,0.2902943466346529,0.28262604065577973,0.2871001537885521
30,0.8862233795610703,0.824635634120832,0.8955804632839992
31,0.37880774133073747,0.3628850542195378,0.3834639023306198
