id,h1,h2,h3
0,-0.8371957399551828,-0.4692846982070228,-0.6734309905579408
1,0.21219301842961677,0.15526327462203748,0.2238713967485623
2,1.5943710026385745,0.9000596507806184,1.2923055037692421
3,-1.129756210154809,-0.7983674862979698,-0.9920449863268082
4,-0.1417441864597259,-0.0911978944188816,-0.15049722278693503
5,0.17962068072279877,0.13303539775601794,0.15893806503339677
6,0.5962249523086898,0.3454841498083624,0.503832092684421
7,-0.2870840736542042,-0.17746460436256473,-0.2511555718268085
8,1.9920191162706502,1.145675874794891,2.122635401029268
9,-0.03477898587468914,-0.0029298298009516333,-0.03171446306720943
10,0.3414984779557873,0.15891324549608313,0.2628398447557337
11,0.9303186667693657,0.5529661753131997,0.7706467716996852
12,-0.45598724683107267,-0.2995588056677331,-0.39742508073818017
13,-1.0849966083527285,-0.5955723902690127,-0.862672935766814
14,1.837563433852489,1.3018838233089762,1.8710131497415736
15,-2.2341118601210264,-1.1810631935154248,-2.1103404318057057
16,0.9302463062522129,0.524181723085168,0.764249907866917
17,0.13067189772599125,0.06814859797837974,0.09093424120685897
18,1.0296928289162308,0.5918027119072181,0.862325094892418
19,0.5613927842026101,0.3500471954035166,0.46064204484027693
20,2.17067396886912,0.9320686796933539,2.9390375738285397
21,-1.0966430314979514,-0.6203749369941226,-0.8938380317630217
22,1.3869020273830837,0.9283767268487608,1.7054893525339538
23,1.9969599226213748,1.122077881413071,1.6130035108976524
24,0.06165453496361456,0.06594614564159085,0.06559084280393201
25,-2.598023501840686,-0.9045448219567186,-3.567724682927607
26,0.4580121085461712,0.2993405212380373,0.4090645029512948
27,-0.6530520099465775,-0.4003689389863768,-0.5468121922432019
28,0.7135384046865424,0.38135470982634906,0.5528045186952075
29,0.2525591972872938,0.17313584901364232,0.22771218484812533
30,0.6817926423780867,0.35356812094230894,0.5336915463487828
31,0.29484745675207524,0.18764140434435983,0.2381309376266642
