id,h1,h2,h3
0,-0.9761046467800183,-1.0806599860869321,-1.096539950533341
1,0.20341633595654185,0.23101175000257956,0.24811475235957214
2,1.5676187803856618,1.876480165004079,2.2593422035254145
3,-1.0841106911166403,-1.1929919095363046,-1.2128062843096528
4,-0.08633635420275376,-0.08001645245715444,-0.12770397818082463
5,0.0410131698168784,0.029190282525669936,0.03115930288503807
6,0.7650804225898475,0.8520522287209623,0.8722409446778046
7,-0.38315505815100587,-0.4546081654602541,-0.4618408314884082
8,1.9821979756221406,2.204016930147749,2.258105057001539
9,-0.028459566274205483,-0.01727827856159589,-0.02168389665252904
10,0.5024265750638768,0.5568476204265533,0.5710995730155995
11,0.9059494495744879,0.9570467138983388,0.9910115354969824
12,-0.5345068846819467,-0.5869366250024005,-0.6024698842638205
13,-1.257150833985816,-1.439454627965693,-1.443889298152523
14,1.7818882184960165,1.9329426209573426,1.9475062893680684
15,-2.3133189596179276,-2.551478753300049,-2.5987402256584633
16,0.9294329143536041,1.012087553938958,1.0227206871945433
17,0.11846451901257704,0.1412259281619942,0.15593761245021803
18,1.1009508561816896,1.2341293503901618,1.2479592030108373
19,0.35945157480507867,0.42094944782006827,0.43328626044743146
20,1.658281130478623,1.8647269519918133,2.4699552421512925
21,-1.133000246110471,-1.2534749454099752,-1.2789032617430005
22,1.579431107104927,1.7507401994327936,1.7802495581639812
23,1.7715876572817986,2.1906335034927342,2.755662229036715
24,0.045350102885006474,0.01986750013737497,0.02729845716142988
25,-2.6996142467095354,-2.945685429639236,-3.0158758387396287
26,0.6009757161784408,0.6720370128965546,0.6765924655585337
27,-0.5317801475091275,-0.5620908779561962,-0.5578440905692895
28,0.7083364045783878,0.7189059314781056,0.7248677933392418
29,0.4076614653496661,0.4630389538927268,0.4723084169292472
30,0.9302691732133628,1.0219724054939747,1.0567741120878644
31,0.30657077385831366,0.34584903239387293,0.3582743108498341
