id,h1,h2,h3
0,-0.8920116932711047,-1.00495776524399,-0.7332815675106061
1,0.2024041818643097,0.19731246516811274,0.18311338044347014
2,1.4350252620012633,1.589019821826892,1.183618838016724
3,-1.122635679421517,-1.244258192617137,-0.9274156485759176
4,-0.19525434484015797,-0.2132039186821844,-0.1606154157394334
5,0.11229032081384718,0.12633651129623663,0.08752110383935177
6,0.6716473168501765,0.731499593658708,0.5695430996871782
7,-0.378220453256592,-0.4256622759343832,-0.29184784800470565
8,1.8891039067425321,2.051026080774095,1.5834923143445863
9,-0.10665245600655021,-0.18407035495027768,-0.051652154688529114
10,0.2906660336976857,0.29075911756286027,0.26363932019909586
11,0.7788600965484623,0.8499846574202915,0.6558663227741887
12,-0.269419634300486,-0.2854329800584008,-0.24101039363915144
13,-1.1048090259356587,-1.228731041564858,-0.9233844872754224
14,1.756026399746185,1.9022942967871455,1.4316750098466309
15,-2.225805211863379,-2.4364414043004174,-1.9045098633969673
16,0.8456576351751003,0.8594078130408036,0.6860902204091635
17,-0.04254829979246744,-0.05539837076338597,-0.04802701098490614
18,0.8874860238755913,0.9495605202605801,0.7778409833211313
19,0.37519488498916564,0.42043456872461826,0.27544629893632566
20,1.8231812378803853,1.9089164993713656,1.3753026183258403
21,-0.9622220178722112,-1.0239474739759276,-0.8480448299149501
22,1.4859702704020155,1.6272888406279788,1.2316550919471885
23,1.6857130929045736,2.0744056123656427,1.3136636118828675
24,0.042402575951042076,0.04793583408317156,0.023495802486308143
25,-2.161061351403654,-2.608383769480297,-1.651268294901894
26,0.5241922299516708,0.5695354715304999,0.42014921769914537
27,-0.42311711483125025,-0.42883108017067184,-0.3564592266812094
28,0.6794941886441355,0.759129008854813,0.5727072992491051
29,0.2507789905106997,0.28929436927463215,0.17941323036726936
30,0.567090711866269,0.5939750971411144,0.5072548029302124
31,0.3606168510481282,0.4070689268696373,0.30916738306755387
