id,h1,h2,h3
0,-0.7319501278025438,-1.0602993243115262,-0.9322020587945279
1,0.18074399420626897,0.27705848317310267,0.22549208603902288
2,1.4729277533863918,2.1357036980525144,1.8665867674720809
3,-0.8213590533370714,-1.2544326636771064,-1.0623034969557645
4,-0.012666009127967282,-0.0659353302505086,-0.04382898285602588
5,0.09737741079772788,0.1068633771158875,0.10841823726142147
6,0.5847999001812523,0.8094198739769527,0.7129459909111676
7,-0.14152147234670284,-0.23117025752767523,-0.20808457297835642
8,1.538369473977078,2.7184760438891344,2.249854334148556
9,-0.07118949929442164,-0.09077206567852786,-0.0740279565632635
10,0.3295115145057923,0.5103582877251527,0.426553826057601
11,0.8175093588035965,1.1347452641161266,0.9980841473349825
12,-0.2674280010317134,-0.38205264587085597,-0.3379133593759275
13,-0.7706119685452018,-1.2366341494133464,-1.041630748904917
14,1.336751870108411,2.477831624474706,1.6890631212341929
15,-1.9028855495799823,-3.0504341128283383,-3.011262016372454
16,0.6754782624626962,0.9753013517908836,0.8479746246776735
17,-0.007920121061103902,-0.016561103469016236,-0.009641876168518443
18,0.7323937190885652,1.0901442935939274,0.9117493896552512
19,0.4319336943197479,0.6688795876138867,0.5625638111516894
20,1.6950346756537316,2.1826815644207875,2.2975209022828786
21,-0.8904635460929301,-1.32046251148459,-1.1223086643701694
22,1.4525198655497462,2.0737091899516047,1.815355486766478
23,1.3958453915295224,2.9806862016956805,2.2193799143121935
24,0.11201747915571109,0.1608460747087379,0.13512987607253957
25,-1.8549280354156943,-3.1298155165124166,-2.9914620244291474
26,0.43635827370124747,0.6523270027086563,0.5429805783458618
27,-0.4788611340934628,-0.6994534430306895,-0.5991818327036149
28,0.7749315769165951,1.1216872709808854,0.941736370068837
29,0.20022694658950901,0.2664657749570795,0.24204486593657104
30,0.5497614053938863,0.7777259622696036,0.6635319839322614
31,0.16761938732746584,0.36386788041418516,0.27816543682669903
