id,h1,h2,h3
0,-0.6212623611708712,-0.8304660104048769,-0.8882796510803539
1,0.1008626332649157,0.13981105343107558,0.14242055102736742
2,1.059345777058967,1.3918738019665615,1.4560911731858568
3,-0.6665701853374015,-0.90481982195005,-0.9688497184889303
4,-0.03526278879588518,-0.029963596904212964,-0.03368001473778798
5,0.051129137764266884,0.10654418887260987,0.10976393132017645
6,0.340084894484325,0.48933765298178067,0.5007852149007629
7,-0.17060125114241934,-0.2307594145135637,-0.24591510149679663
8,1.514705936897841,2.3952400668094533,1.9230068508504317
9,-0.07432927917149118,-0.11236009567729782,-0.11813629162075068
10,0.16916719635911626,0.25363479646743964,0.2771091074238944
11,0.5248732316554192,0.7554566163514588,0.7902713134233345
12,-0.3376858674111201,-0.432020178509108,-0.4583575848734451
13,-0.6409204699020679,-0.8655449368547508,-0.9090852488942606
14,1.189278207156867,2.2279751016185987,1.7358131341275431
15,-1.7398257004397921,-2.5427709358102195,-1.8639232315568754
16,0.6209030833198987,0.8296536370757461,0.8510398768475999
17,-0.015154594446720987,-0.02608806409995912,-0.01866717820056249
18,0.6029201611841788,0.7962610230281851,0.8408956478539219
19,0.2810943238466925,0.39408776722589256,0.39996826997829665
20,1.223770760837139,1.6608612432720073,1.7608100177886123
21,-0.6714392533363438,-0.8729772651570906,-0.9049159325460641
22,1.0960952334224938,1.7086579276301346,1.5188699194882314
23,1.1614049071120238,1.5743474075345096,1.6668569109469622
24,0.02669464410264305,0.028010196086701245,0.03449084017568527
25,-1.4969767061563053,-2.287454967438868,-2.5513236314566803
26,0.30392792994214707,0.40170957885531516,0.43795037560629185
27,-0.37022716510587655,-0.4928298629420678,-0.5080939435656314
28,0.40275542069628156,0.5471357713045797,0.5775399218243802
29,0.2707276207328364,0.3569480891183291,0.3638067172667291
30,0.452656724135847,0.6036795840936,0.6323637974901615
31,0.29225931379045056,0.3821306359622684,0.4053809864757503
