id,h1,h2,h3
0,-0.7935953869402856,-0.8340830439319759,-0.9437685841767757
1,0.14857743859718997,0.1586507644740079,0.15725444605575306
2,1.2663050235838742,1.3306314680260805,1.4601594427957334
3,-1.120208879693824,-1.1998167937730904,-1.3861201623832455
4,-0.06184975376429,-0.05225451926897415,-0.04051629701026127
5,-0.005550596628280335,-0.01917505438017819,-0.0415298851259559
6,0.6179055566130256,0.6523595533757753,0.7708200364491236
7,-0.18599431286718252,-0.18499783993478486,-0.22961755719664678
8,1.6247895655495102,1.6925186388325804,1.9090774152459198
9,-0.16436355675096012,-0.17392772718973143,-0.2149533117455366
10,0.3853198763605219,0.4315668001221068,0.48172200303178264
11,0.761050266845856,0.7839064183895037,0.8694969374719296
12,-0.2828345415711253,-0.2826595930583949,-0.3263707579645887
13,-0.9671223955905881,-1.0113675441419923,-1.187042444813967
14,1.6023304396530271,1.6641009093905719,1.941115614595455
15,-1.696105464101858,-1.7726736846014306,-1.4093719490185457
16,0.7608727988473423,0.810308278279783,0.9484952246820609
17,0.04942714076268623,0.03539181664690949,0.022047775014266247
18,0.8414487440395912,0.8762820408729597,0.9693730086417709
19,0.3461521159715456,0.3487031890286179,0.39086175748751156
20,1.8880262360033033,2.1967705422366794,1.9459660762627606
21,-1.0191468223854825,-1.0741958841260983,-1.1662360101980667
22,1.3165325166255282,1.3931967305624757,1.5703305415565452
23,1.4561734339471026,1.5419527149556003,1.7216878432677205
24,0.09214478347769511,0.10218660548814507,0.08916351480716056
25,-2.11766693208452,-2.8591753228933814,-1.866446920637207
26,0.3681451175454725,0.4227111125146074,0.4416312637631352
27,-0.6974188130158494,-0.7262018081492094,-0.8687202286402265
28,0.6668709466994767,0.7052121085693188,0.8115672110559031
29,0.2445003925037168,0.26482898719524395,0.3189642318157212
30,0.5479280054935349,0.5751768911587618,0.6588465069318792
31,0.2438779806219853,0.2687871539328943,0.31112759943167057
