id,h1,h2,h3
0,-0.753092919776573,-0.7399128241787786,-1.011077491167264
1,0.1321644485192037,0.13467171076342271,0.18139027375100314
2,1.1102533823998557,1.0981208705901506,1.4938386414014044
3,-0.768459901147487,-0.7655522230125629,-1.1044995885029418
4,-0.02902873208470963,-0.0317768684419972,-0.10630280325915847
5,0.2137883720788819,0.21465971180900295,0.29337488668434925
6,0.437001766620597,0.43199974948123276,0.6621371566103185
7,-0.10370472472610762,-0.10607550580156153,-0.16091802306218927
8,1.5644456029386382,1.5588425469308667,2.211039872754087
9,-0.21870326327929898,-0.21769589225335745,-0.36353424930973144
10,0.4394919005958311,0.43978549412495427,0.6117952161422444
11,0.7804108785820218,0.7677248886529833,1.0432597034780935
12,-0.250792133963707,-0.25643436923837964,-0.3452287796149237
13,-0.8071002387648418,-0.7998732414903871,-1.1566183026357784
14,1.1869202922994087,1.1645073501144705,1.655421778297177
15,-1.4895059269518685,-2.334160317196938,-3.0538127674634667
16,0.6936885292045673,0.6428068003621904,0.9183189455530372
17,-0.030720537112764845,-0.02746274555704331,0.01672091090110206
18,0.875220533192196,0.8525890364349995,1.2311602567002424
19,0.31299243404072635,0.3036595195304025,0.4803095246730137
20,1.5919074120715895,2.00115491185413,2.4209845572145268
21,-0.8226472359150645,-0.811294428383636,-1.24748371049201
22,1.0766422334007903,1.0713816990788472,1.6128216414584364
23,1.373648123321451,1.342136935060675,1.957766629578306
24,0.06767381398631406,0.07341843259260245,0.05143921951879793
25,-1.91900130092969,-2.4973941839296767,-2.8302497322971902
26,0.3458353145802194,0.32545163145287676,0.5459701562384129
27,-0.5577809355093453,-0.5626500152539182,-0.8538022725571002
28,0.5205385748528617,0.5365539123665144,0.7115431713752308
29,0.24049219126112983,0.2671176983392948,0.30774177249772927
30,0.5242694819401807,0.5133622657847697,0.7696278731029655
31,0.28612378652278464,0.2847506958432562,0.4016699091825822
