id,h1,h2,h3
0,-0.8536627257885193,-0.7739576476146492,-0.5647051782963788
1,0.1566938712216338,0.13471638045695622,0.08142612912147595
2,1.4312042840330348,1.280008284408365,0.9570545233726878
3,-1.287416813534795,-1.1232714873716094,-0.8520857695159055
4,0.049181342570547404,0.04507841751845837,0.037185555530028114
5,0.13046062699871086,0.10990494387945776,0.10214515826214804
6,0.6498349412499009,0.5666634548235658,0.3889553676233465
7,-0.18495895263009238,-0.2283276158818649,-0.15347440065658252
8,1.4995300558558537,0.7718273826391243,0.7679372946671723
9,-0.10699478992241804,-0.07139078346752911,-0.04841753707132451
10,0.5526255513904569,0.47963235814649635,0.394134205092268
11,1.1561499189265305,1.0222108627634263,0.7873199062928828
12,-0.4303275221296709,-0.4132354551325129,-0.32926979897610265
13,-1.0271245611423634,-0.9379488337300874,-0.7184794510225052
14,1.582382418442915,0.8865726565259022,1.157584711611249
15,-2.4356119642747824,-2.1721344153050484,-1.6509199426338157
16,0.9247516400439066,0.8239991688618972,0.623038015799009
17,0.07454190170804303,0.08325714580260046,0.08980041437445224
18,0.9260702181237481,0.8212013921326692,0.5898263678542162
19,0.34374223125397785,0.30793175566914166,0.24654969447902642
20,2.0944488432213144,1.9079524507096062,1.396275879964557
21,-1.1424440132138252,-0.9757149277152013,-0.7123320106713342
22,1.3571776520061107,0.8815222558988123,1.0566400528507118
23,1.8840876902684414,1.659352977414946,1.2512638309675983
24,0.009067221212845228,0.04136277558776663,0.0045513837935805546
25,-2.481679320344919,-1.1469261880723554,-1.2919978333286029
26,0.4906579846317026,0.44242838079096336,0.3081445038925603
27,-0.6487972767388794,-0.5773267322359776,-0.41768495754156126
28,0.817152363652376,0.7724681564890875,0.5628658741841497
29,0.44058716184422875,0.3862170303846713,0.2929449705118654
30,0.6328542763707655,0.6004429262793868,0.463324466900552
31,0.377690522448471,0.35854942373930065,0.28561188214586386
