id,h1,h2,h3
0,-0.803628173204825,-0.6147814805316676,-0.7579595652386896
1,0.11568884652114253,0.08650415394289518,0.10640395110367357
2,1.6557620864685578,0.6374029460329773,1.491548041666325
3,-1.1028498757388414,-0.8263336451247416,-1.0167150701069967
4,-0.0488571131527509,-0.020508887027501227,-0.04661673717081731
5,0.11527381083722268,0.08635175708068554,0.12115025889158323
6,0.6850375346030481,0.5028930331961912,0.636611708676156
7,-0.07717988020669175,-0.057258045719753486,-0.0983316592173887
8,2.1828068793670603,0.841355845943748,1.971362096722085
9,-0.14141014882225156,-0.13532260468642493,-0.1505207955984874
10,0.3535004664126402,0.2314525220085587,0.3014132785709994
11,1.0093354402772323,0.7306430797719021,0.9363855007534877
12,-0.30387032085069726,-0.2352073637029547,-0.2943136599350834
13,-0.9742546080857832,-0.7560547865467957,-0.9134685817823259
14,1.6707669597778823,1.236825256716439,1.5109299028461898
15,-2.504931307970708,-1.351238995747177,-1.841617801237538
16,0.8682500110988347,0.6408167319053615,0.8076493748974345
17,-0.03556156824868298,-0.03824123048589767,-0.03563165416234729
18,1.1816835609615608,0.8780466888947007,1.084559611505667
19,0.38113300260359056,0.261637670070696,0.33484547802127257
20,1.9856397876308731,1.4240762014731825,1.802317867038435
21,-1.3583459443880286,-1.0302282170999215,-1.2579481991756476
22,1.7612063660625052,0.6859838518206287,1.3759025485781582
23,2.1809674272479542,0.5361996239638157,2.9188563381104897
24,0.06783284522246175,0.04729169756728485,0.06759044192768887
25,-2.6407960860778554,-0.6486151442315407,-3.3857139670969842
26,0.43672809004617186,0.34105602985161365,0.4176707983334983
27,-0.7036438033682584,-0.5214765616333065,-0.6513170916961746
28,0.7743622308190057,0.5733339968146849,0.7198455952819427
29,0.3507822186116556,0.2585397855327675,0.31188834003264776
30,0.8126977303448667,0.6210133042104251,0.7544148345720284
31,0.2807360786065879,0.22600175615786167,0.27679360918380025
