id,h1,h2,h3
0,-0.7583781633633537,-0.6407453165363874,-0.5876482526629023
1,0.09791608359588391,0.08038490534194398,0.09289923428280988
2,1.4561047905808373,1.1128966580364636,1.2899393346930377
3,-1.2849731467112517,-1.027997182325068,-0.9519786450428571
4,0.033046045317787154,0.021568140939241975,0.04715259151529022
5,0.03533440257518372,0.04869811879915109,0.043965553843367255
6,0.646324089326056,0.5349018264823246,0.4747643582758728
7,-0.372073610624442,-0.2874084740249554,-0.27518119322952905
8,1.7938902638530934,1.4866576605743858,1.3571822057131189
9,-0.15758192788814107,-0.1642336943187144,-0.1675665254492999
10,0.4900321159915651,0.33087056461516007,0.2822521801061478
11,0.9746205832208032,0.7945084189660493,0.7547194923966658
12,-0.32385229000008314,-0.20995245831192522,-0.23435426927195885
13,-1.1859185424343344,-0.9175370092702116,-0.8622134282411008
14,1.68558283740582,1.3224382252621065,1.2014103236388323
15,-2.0336327055366192,-2.158732895736231,-1.891788082003199
16,0.8585730032537773,0.6919698139914636,0.6619563011797824
17,0.005518957132200852,0.008856155338879068,-0.0053585306859950665
18,1.0023826977527537,0.8018102551842463,0.7549111629210482
19,0.45271702005017717,0.3844121570025356,0.3658779971823598
20,2.11440693302607,1.6814861848279206,1.5331556763360383
21,-1.2481163665228874,-0.9687693029831059,-0.8937809965523125
22,1.5949044476874612,1.2717001137181156,1.174404799734109
23,1.8254810568483506,1.759178898348729,1.4539525840278695
24,-0.042314063604084295,-0.06266793777128582,-0.058040966059344
25,-2.512256016938748,-2.170104335268689,-1.9165394907075681
26,0.5636134039477947,0.43283287479650967,0.39050970283706427
27,-0.7392216782796286,-0.5244215798297873,-0.5000853351914476
28,0.7812005987846689,0.6077824713971032,0.5805416866040018
29,0.2021273262733108,0.1322146638595913,0.1116988510933423
30,0.7051444172267256,0.5872541582887485,0.5451854740360569
31,0.2797890550310017,0.24613593786191723,0.217403862460679
