id,h1,h2,h3
0,-0.8609988492251548,-0.8205010931006569,-0.8641430355211499
1,0.24946767337854509,0.22977331540723997,0.23631920211698074
2,1.3260907635930743,1.3007467396715315,1.2438151376987268
3,-1.0081906741508166,-0.9879359589879884,-1.0045634102094243
4,-0.09971541433925873,-0.10424946485630926,-0.09569298495019701
5,-0.010937344690580442,0.0013806500661087129,-0.003225749921239418
6,0.6103089692891115,0.6061767165632849,0.6231446558021405
7,-0.16939532016839254,-0.1587718949106915,-0.17458657613420608
8,2.1569693630326334,2.081483736956498,2.1497792423858395
9,-0.11534539696101626,-0.11067979231636665,-0.1174592570434847
10,0.4307334763188093,0.41977070986107734,0.42455826033432276
11,0.9894566172092727,0.9544305290544258,0.9875588736827917
12,-0.35435336946696044,-0.34952023823078043,-0.3449670396830498
13,-1.1200266299093962,-1.1846270326057473,-1.0715565866724586
14,1.5294305799821617,1.5661682676789594,1.3299776570202277
15,-2.5253730247798183,-2.181503783534908,-2.2449497306074164
16,0.9265171120158262,0.8828860864888486,0.9215545003059391
17,-0.03999657224888617,-0.05500654328541579,-0.04784278670739578
18,1.0948416142160147,1.0422284266984194,1.0930802132653827
19,0.3590202816575103,0.33033008512313256,0.3545523449540843
20,2.1521503510326294,1.9160909268943411,2.1064995072544814
21,-1.087464167323427,-1.05539634568627,-1.086571141771591
22,1.5880260797489627,1.522157953456554,1.545312789105164
23,1.9329341274775917,2.1891476253577387,1.9546884783385738
24,0.098079422050876,0.085809378351415,0.0930147370010353
25,-2.2717522836936896,-2.117650868255171,-1.7597948923842845
26,0.37500719786633924,0.3709628359108728,0.4001018017551969
27,-0.7303535843689131,-0.684512610209599,-0.7271364582841565
28,0.7637894306824534,0.750679388905784,0.7500470329497488
29,0.3353166360975432,0.3125706832921764,0.3286427524962505
30,0.6581178670316643,0.6464923586495491,0.6516356354514353
31,0.3516825845743481,0.3348210201322353,0.36625419111014984
