id,h1,h2,h3
0,-0.7464200918758208,-0.4769798319497173,-0.7805012416110932
1,0.2176568976595512,0.1598957422881267,0.23165767916696317
2,1.6763207418311605,1.1041989915183699,1.7678315134909617
3,-1.0926607999626232,-0.7354874770067292,-1.1956640043896614
4,-0.15559902846945725,-0.13450185908668505,-0.18021756444702763
5,0.006906375152496709,-0.03194568631787619,0.020831836261550732
6,0.629723089474703,0.4252017114356431,0.6398982635017788
7,-0.36549736256126786,-0.22098531377852654,-0.3814321651141784
8,1.9587129686010147,1.291723373674632,2.06867565125757
9,-0.09393776546917273,-0.09694755534601524,-0.08673399783796609
10,0.43956403497787405,0.2936837510498759,0.47542059033835704
11,0.8717109553017847,0.6272714325790826,0.9044503987690672
12,-0.3887159050008099,-0.2720112370507237,-0.41339685699194595
13,-0.906113798609374,-0.5944584615212053,-0.978446563651789
14,1.747748866838074,1.1329619505298527,1.8757328579833124
15,-2.2896998802809447,-0.7617139672907154,-2.064246143779217
16,0.8469303642319024,0.5281007817040058,0.9241058459948235
17,0.02060930431590703,0.02566055064501034,0.014804315798521261
18,1.08849104046522,0.7279001049485849,1.1719198458772868
19,0.5294690486644493,0.33669113056077116,0.5718671084850744
20,1.8247039937253235,1.2436730540510479,1.9072617482409753
21,-1.0773440432866668,-0.7187051962298459,-1.162123405422163
22,1.5730116409560566,1.0170687321780054,1.6940886931378527
23,1.7618733087403209,1.1548645339679944,1.8872229135730603
24,0.13101595035727004,0.07179966072235187,0.13265534635369192
25,-2.3744514540663872,-1.623912447052151,-2.525450506685808
26,0.5736940871552227,0.390883787659403,0.6166269515470585
27,-0.7259598481507363,-0.45204385206541703,-0.8014321902124493
28,0.7738676868945301,0.43510548246073666,0.8096843359694339
29,0.14882178752501857,0.09169714901520842,0.15722964665269523
30,0.7601761837303724,0.43379398872725905,0.8005518075131306
31,0.2827505389505521,0.17977027700060383,0.32336491506665094
