id,h1,h2,h3
0,-1.1674506284552297,-1.0286123452939857,-1.364986556751246
1,0.2906157470625045,0.24830040323910985,0.36282500609782403
2,1.4657035569602017,1.356231381435573,1.5296944995456778
3,-1.0250085914073688,-0.9744644438994636,-1.09392185058286
4,-0.2059997869251306,-0.17990513087703963,-0.2453174668283285
5,0.3191840394231246,0.27863439672116086,0.38684882094713546
6,0.8141319554082851,0.7190920720783703,0.914361863780031
7,-0.02358734484080885,-0.06325650706150313,0.048973041249037605
8,2.11265352343608,1.8230529009158911,2.3805765143708575
9,-0.18027876585547165,-0.11370545268121923,-0.28247121824890165
10,0.18737948067681143,0.1958322138844139,0.14516529822105637
11,0.7933877311995833,0.783432192199595,0.8188516998898299
12,-0.2518235346447093,-0.2546509896141701,-0.2533515018708182
13,-1.4576669275939385,-1.2946321115301027,-1.7201062738131627
14,1.7010960733043343,1.7962615467535734,1.7626825894603297
15,-2.460960222609386,-2.151466553701016,-2.723471725190831
16,0.884415381412527,0.8294476849046428,0.9588307178929522
17,0.23833027347617247,0.16100788419277526,0.4201044825163721
18,0.6560302204598745,0.7196153988644661,0.556603484271735
19,0.24402395471366142,0.24220127732839009,0.21521895385367684
20,2.2103905810164077,2.069527952531898,2.1959396934571576
21,-1.5698133265550844,-1.3515238339761022,-1.7847871349029583
22,1.5200047044977376,1.504249114666934,1.6941653284223517
23,2.003213089177611,1.7982644605503486,2.22714147183752
24,-0.07071860599776314,-0.002680783664339187,-0.13621356917612895
25,-2.7409563831602766,-2.455457755781347,-3.227547376157198
26,0.4492985784026845,0.38280438385092513,0.5716649005709515
27,-0.6107957515921101,-0.5866011191300105,-0.6457416409656115
28,0.7379092508558146,0.713747881714215,0.7724711959001589
29,0.19626808945988575,0.17672298963876598,0.21761717881320014
30,0.6181500119318682,0.5984360894306261,0.6094505897732285
31,0.3249714429958953,0.26102236380612687,0.4137414474737742
