id,h1,h2,h3
0,-0.6845126851115569,-0.5631942883792777,-0.674638545769427
1,0.2214831026787919,0.19464630253823934,0.23125940442567222
2,1.8532075871168785,1.5956726207388967,0.8754267748360972
3,-0.8251030020040067,-0.6843507062761,-0.8386052117071485
4,-0.11233382965634275,-0.09996680975934386,-0.10995194014596127
5,0.11926442811415974,0.11016025865593007,0.12351356931604365
6,0.5936993477465179,0.499486351000394,0.5699857580862675
7,-0.24082331405022697,-0.1959373086679026,-0.24088572755081009
8,2.188620052091321,1.5560619757440213,0.41401283091603847
9,-0.013429054411916622,-0.0023498289367019365,-0.029332131383960625
10,0.45023141356763996,0.3906047226750317,0.4640551130251364
11,0.7252429911825949,0.5989760643146713,0.68903293422324
12,-0.31833764369990986,-0.25212512444455126,-0.30247635234744036
13,-0.8353611086105543,-0.7276959859426535,-0.8276792118127645
14,1.4022302398966817,1.1730636724226917,1.386229815580693
15,-2.468341840430223,-1.4990350605269116,-1.1008731180949531
16,0.644066476822335,0.5426245467000639,0.6459152125359929
17,0.1117024731958483,0.11243804395913878,0.12954181421230218
18,0.7630832296698475,0.6056581001945778,0.7577413142268126
19,0.3555704346593228,0.2943801748852224,0.3314770687632018
20,1.6829217520851658,1.4097401800525764,1.6010309908838298
21,-1.010918493530997,-0.8380182027606476,-0.9772351153606174
22,1.6525036479866095,1.382850786214835,0.623162162199107
23,2.0264152788403313,1.812229779513044,0.8213926443927548
24,-0.0053214930203670935,-0.012599361574703732,0.00030871304324706084
25,-2.0117653184948385,-1.6979399100325097,-1.9633068866366936
26,0.37462325590076695,0.27092152155715693,0.36912039911087197
27,-0.4368647973340408,-0.39589718843713023,-0.4405951074356308
28,0.5350712783086502,0.4457923694202617,0.5235393646033916
29,0.26820549643169167,0.2077979079816016,0.2577837445176304
30,0.7190037657166842,0.600107869737609,0.6890922987192367
31,0.18502888050405875,0.14305430656917983,0.18303664486185905
