id,h1,h2,h3
0,0.01671361667631016,0.0905478883069597,0.11914520937588033
1,0.218723340847748,0.19496354972956556,0.20056622287662662
2,-0.061346425797012216,0.27960290901608087,-0.15983497918098688
3,0.21116231172278566,-0.37587729663859526,0.1420390643795445
4,0.06752531394994682,-0.017334727290995777,-0.0023161969295562024
5,0.040881040253917866,0.09505056238230067,0.12492945703981545
6,0.29400830963189584,0.23968296977012704,0.17083118342973413
7,0.034935894166949366,-0.07230161877307559,-0.09929003241236517
8,0.10856869341544051,0.02186729581052882,-0.039081269481944986
9,-0.02365191618219714,0.023034685887780237,0.0377511663594306
10,0.0735823259342176,-0.4740515567160011,0.05296498542440171
11,0.10204110306223801,0.029857064967287704,-0.01887853124908869
12,-0.08322251289264701,-0.06195240471085384,-0.04398408827089827
13,-0.1135792577715492,0.6403660539407792,-0.24418813463761163
14,0.187154461931008,-0.27710730029967723,0.12106483077217763
15,0.10709350659510974,0.1648508270531387,0.09708370389590912
16,0.0034733815819940617,-0.006322047717092827,0.023090054468533322
17,0.10116848532846312,0.010003933829089554,0.0495240265076905
18,0.1931091865404823,-0.2145745607240602,0.08349162808364652
19,0.06894878333375554,-0.02272549693304038,0.02096392874056785
20,0.10465947440015624,-0.03809966547775728,-0.054944419007171785
21,0.0028862061126878613,-0.08277364894082911,-0.09675748691232539
22,-0.1008727733299874,-0.15593351840123887,-0.1423382542720648
23,-0.01651351404315604,0.4674600581942706,-0.10004072237600489
24,0.1012537169926,0.01649565771540429,-0.0215781600537453
25,-0.0398755468953681,-0.04536106188072181,-0.04885213250083059
26,0.04285654352047511,0.04181822821035407,0.05735722407141465
27,-0.07604122620679502,0.48993370050562723,-0.2785403214315596
28,-0.3083585464867742,-0.24844325002030798,-0.1663552376665759
29,-0.045404575133472735,-0.0819657672734917,-0.09943547560691302
30,0.049864160610469,-0.37997142357463104,0.10678411949279737
31,-0.09125490379416848,-0.08416133422074804,-0.07798391988213438
