id,h1,h2,h3
0,-0.02444727284077175,-0.03442974026559564,-0.02137293459871137
1,0.030732950173062407,0.05972229808214381,0.04924099612749239
2,0.09305575715520463,0.09540621293195331,0.11840751346259754
3,-0.28112221390624337,0.017624383684099465,-0.25037139205800285
4,0.08893451390543822,0.16556088114460205,0.1733159004363334
5,0.10037690866666021,0.07663049869401839,0.07066150409592895
6,-0.14242984495084465,-0.08685654840996693,-0.1159095131635432
7,-0.06733246852523522,-0.05257028904216213,-0.14440781503099323
8,-0.22532668968593333,-0.222559983719414,-0.22393769601769642
9,0.18164311799324762,0.17655265496345612,0.17701301989744128
10,-0.2866407695912687,-0.037536052999175507,-0.5377283605751463
11,0.07414101254013195,0.12039742393663788,0.16496890644476492
12,0.1506247194070834,-0.11362224747612884,0.2585888388649449
13,0.4197993711423475,-0.06659459184117594,0.744392586490406
14,-0.051403055807778375,-0.07357393533972284,-0.37611499342675986
15,-0.17325889348923262,-0.18858316229216468,-0.18154383490554266
16,0.101363278999825,0.10391491947269216,0.10878301536211071
17,-0.09967517850889668,0.08568492577294623,-0.19395000914748686
18,-0.0343632304347401,-0.009053264725138482,-0.0095926404095667
19,-0.04220779779681888,-0.0906810822695078,-0.11316227960419797
20,-0.2438919697994304,-0.11581979137825582,-0.11988169251669664
21,-0.10456692988384392,-0.14424037235513298,-0.24587710583251654
22,-0.036592498201266865,-0.03433989766569373,-0.054815272296571405
23,0.11424608309646322,-0.020933059492989348,0.5058357341846197
24,-0.1314515372574906,-0.04503308164911174,-0.04151441294118163
25,0.0432148879756154,0.04750295910221969,0.0384543286611283
26,-0.11553068003857009,-0.10961918370774826,-0.13524199377513307
27,0.18913439628245027,0.013246658850785784,0.48416105881059057
28,0.07636103843397979,0.020702208638745973,0.016149365040540153
29,0.06257970968048929,0.055737694112806706,0.061275489981086076
30,-0.18166365571433413,-0.18016212658222835,-0.45767093874962606
31,0.0012782005357788173,0.057758973426226434,0.04020171857508287
