id,h1,h2,h3
0,0.02247076379133517,0.01819607398339118,-0.05027170349872316
1,-0.16158877089734275,-0.1638371069208749,-0.13350875605584855
2,0.06077014358111461,-0.004305080621057472,-0.07592023424222435
3,0.020084538387306644,0.030150634033349277,0.22370813874066647
4,-0.04788087896174034,-0.03415106879549895,-0.01583733283491412
5,0.06894712316436562,0.0431219864296712,-0.054917928610178884
6,0.02363766855874519,0.014897325654808807,0.08084124088104178
7,-0.06166302650096476,-0.036851757305392016,0.00572002077086204
8,-0.031054576814771806,-0.03405685499309258,0.03095996888666408
9,0.15848540399538552,0.20390835506115024,0.234707576107066
10,0.06754160977406026,0.07235046787100291,0.13729325124739766
11,0.026931341841661544,0.031214526755616187,0.04742383214688714
12,0.03946201555925899,0.017446645657658577,-0.006755174578274126
13,0.08392212994688425,0.01879853571109802,-0.2458470034977313
14,-0.05949387017327565,0.06758661391573326,0.09026080342724507
15,-0.06739170774048803,-0.07726350173082262,-0.05875187135749815
16,0.1920223653943102,0.18147566897849773,0.16602803408686428
17,-0.30154784927112793,-0.2867233600988364,-0.25135167848935047
18,-0.020577428583201163,-0.01453099181974779,0.05998977794306526
19,-0.061857494356630405,-0.045852629355229046,0.023660209829237805
20,0.018355014563399663,0.06915652634706637,0.14668373900150478
21,-0.05640148856427707,-0.07488542529570935,0.02066356362841021
22,-0.0609302299283217,-0.05533088004062742,-0.0369990589317431
23,-0.036081921127757544,-0.186917165025548,0.05448257847958715
24,-0.09505697439001953,-0.08869591092811696,-0.061166192317126444
25,0.05865619064181618,0.0546368172313387,0.03449763202065034
26,0.00947130198086471,0.00849541459808089,-0.013029718519184073
27,0.031113146999369345,-0.1257964865071307,-0.015497341516655022
28,-0.08268528294412777,-0.0537635364437091,-0.11049004013970368
29,0.20492774367013172,0.19576831084787327,0.23592048464808896
30,-0.04335249100080961,-0.011485749366885109,0.07857675251065586
31,-0.0728138326327809,-0.07504572010384611,-0.05076950987894355
