id,h1,h2,h3
0,0.007124980869647246,0.016239296491325883,0.14300812572018934
1,-0.060799369430918015,-0.09049958225165688,-0.06149747453171517
2,-0.18317723901427002,-0.18122445363057121,0.12040226236611837
3,0.2561695463507354,0.41636158351870095,-0.2770603975862861
4,0.04347083218508871,0.07437295362404908,-0.11240273815915613
5,0.12205357423878627,0.12330906863451019,0.11399452592283602
6,0.13791289878984891,0.1736145963071381,-0.07256785447224987
7,0.13454088222673793,0.21097265069815235,-0.20948344636742594
8,0.0512024025254032,0.06417720456222192,-0.2293265605624712
9,-0.08111495671684452,-0.057191687277350314,-0.03481786227614342
10,0.13767532578574626,0.4360400031579835,-0.24621393477665923
11,0.18756923534560566,0.18916531939397246,0.2100022095144115
12,-0.09701579236721691,-0.10525010321129818,0.2085322376139253
13,-0.20610499637306928,-0.844023461178975,-0.5524258158958385
14,-0.028789223685369403,0.4846685645695157,-0.2728570859401818
15,-0.07521419145344532,-0.07521206206506881,-0.10389269570191664
16,-0.14469932743879593,-0.17046617663605595,-0.03917980340446586
17,0.14091089232750545,0.16424236429651465,-0.17066473583433162
18,0.11910070523251615,0.2266734948071138,-0.18009199104327334
19,0.07226075629038964,0.14129926581729463,-0.13029433127075363
20,0.16996774686518118,0.2180895782413516,-0.16980522316909347
21,0.17963686820110975,0.15516705814857096,-0.04546933563025837
22,-0.08533906109445827,-0.07811349229397684,-0.11331979004824831
23,-0.2945564924897518,-1.0648201022808519,0.9758885976223568
24,0.052707594032990246,0.06228471520548512,-0.08513469418364339
25,0.023394600255806752,0.041115527266874397,0.024668312635806156
26,-0.008724662989413046,-0.0542224692748593,0.09023038286494134
27,-0.18550369507342063,-0.526626664756016,0.4925904801710035
28,0.0801850191881566,-0.13002922821315072,0.12173067028923798
29,0.03366237829608226,0.06597727283882532,-0.07526055397688236
30,0.042110338833395655,0.3741253651699421,0.05001867973171559
31,-0.12905354638738253,-0.1137018533495413,-0.08242615003446552
