id,h1,h2,h3
0,0.10627598736354424,0.0846227462310664,0.06044946921995592
1,-0.26049921740306636,-0.26206124260199576,-0.23526678028418557
2,0.08069329402730907,-0.09566576191126594,-0.19308013031779625
3,-0.358085517057557,-0.3390276257811641,-0.6703281802642649
4,-0.1500700457722705,-0.20044025198490897,-0.2731085504558656
5,0.1982255876652126,0.19818278046608873,0.178331133496253
6,0.011154026442908138,0.06604639517303779,0.08891038312748423
7,-0.2336615910255056,-0.2976655821848736,-0.2960468407437922
8,0.08399752670428594,0.17899398152292223,0.2083736137305584
9,-0.05877890532934055,-0.12525368774636075,-0.1760317016931659
10,-0.4318080853729135,-0.2333568345073452,-0.47182368488542153
11,0.08272336336691755,0.14943037433062406,0.1343361707638397
12,0.3249559179137988,0.2121391472223369,0.22080345947646382
13,0.2961517133212612,0.3196812830276252,0.8586669765732933
14,-0.24735222982613744,-0.2358908386804097,-0.17232143717202397
15,-0.006207607951741162,0.025883846748982586,0.04184039074558793
16,-0.010574001390636634,-0.031064077434296483,-0.04828377001725301
17,-0.48460297126233753,-0.3191913665825962,-0.2295283620873894
18,-0.2720119058051571,-0.13951175810154792,-0.05218031866353867
19,-0.19811719989557708,-0.23285225085980701,-0.2602977698878161
20,-0.23416352293483236,-0.22550922695576528,-0.20310039482053804
21,0.04364693139293224,0.20951794630837295,0.24289602909852287
22,-0.07168264747309944,-0.08424993869615827,-0.09174615722884555
23,0.5841591351240627,0.5257185539262578,0.7070742741624555
24,-0.15223952420738568,-0.14304425453061398,-0.12087213239002034
25,-0.019228749509349663,0.03302071381732807,0.022871794815793545
26,0.08940081868773853,0.1355205872002614,0.15073067634467546
27,0.23170499877528633,0.24868987884808053,0.4463761232049689
28,0.2296723129813661,0.13849564631644729,0.10235946790545802
29,-0.1162144499077999,-0.06427975854819146,-0.09906596644107978
30,-0.34783931673482926,-0.39440489233042014,-0.37935890260128025
31,0.13345916864686064,0.170605198828542,0.16580438827780433
