id,h1,h2,h3
0,-0.020681375878738473,-0.006685305900791083,-0.0327802203644727
1,-0.02307145527912899,-0.025385774918741444,-0.012946758654472035
2,-0.2588430507978532,-0.017651620262481793,-0.07656603840885012
3,0.06928363879131011,-0.021909014139896876,-0.14720874865654843
4,0.041857006038920175,0.03440256498692085,0.029246249995009355
5,0.08518398504410235,0.12724497966145526,-0.004031576527700587
6,-0.19725886848408017,-0.19189814920812565,-0.19113649422681733
7,0.2294282023525906,0.20763386642428278,0.2202393006789832
8,-0.09697146750490643,-0.1530033946090348,-0.07985523210187648
9,0.14634665651927548,0.12667122780660559,0.14659089997668806
10,0.09293472583299994,-0.12918388769330597,0.04581542361623053
11,0.0575486043324169,0.09689985976039675,0.12396534362110193
12,-0.016507628044228062,-0.012524291974038981,-0.011828784379587287
13,-0.0980923739574235,-0.08131549646666483,0.10408828944745141
14,-0.09554755153576905,-0.09799558003585937,-0.0889240858894598
15,-0.22854322606012006,-0.23494861014324905,-0.2347392688185671
16,-0.029391668628672096,-0.020227351278278682,-0.02504142240949281
17,0.1425091051132376,0.0047937901661717075,-0.05772117011215272
18,0.04426045308654632,0.04991362466710163,0.07050785969810522
19,-0.07202331270525303,-0.06581371199768776,-0.04020263864601775
20,0.06381369517527716,-0.004928389815270946,0.009228484000410243
21,-0.2491253747386916,-0.25009365870555983,-0.22958529856677934
22,-0.06474504579741258,-0.05249478720420708,-0.03386609566937543
23,-0.09561408308505515,-0.08080377059455363,-0.004219765700813893
24,0.027251682407613997,0.04470501948850836,0.025637365617848795
25,0.02304987410127768,0.027501124241153307,0.02574657714119366
26,-0.0225237827871463,-0.035165915624047445,-0.03297483750105028
27,-0.10555391355306143,-0.13439679049402437,0.14873322364322034
28,0.10163864963882788,0.13688652906967133,0.11152329248956555
29,-0.023733700022444987,-0.01653624737166906,-0.02194233812450576
30,0.07489236488659629,-0.28449499058429084,-0.10411387565820829
31,-0.1922874361462025,-0.17099550600881885,-0.19886442399967036
