id,h1,h2,h3
0,-0.05480370475563459,0.028616918583301676,-0.010848182134152506
1,0.14548158736459801,0.10560749626840713,0.16087767370683537
2,-0.11640522417881505,-0.04002053239904385,-0.0968668308777359
3,-0.12007151503015485,-0.10082268683252106,-0.291084316398873
4,-0.1489586105599019,-0.1492554635873652,-0.1532686657952042
5,-0.011848272960798448,0.11876616360585232,0.09914764376208128
6,0.27020552944602316,0.2173688702969401,0.25846727528385166
7,-0.052260729442220266,-0.1214562676446363,-0.09761720997896567
8,-0.06415805053085713,-0.12281405762308073,-0.07653334361037367
9,0.1104894825840137,0.11292129462011372,0.09737372025149538
10,-0.2150642193575976,-0.19959129135313908,-0.24000549288989195
11,0.07068362511066151,-0.04660274708114859,0.008165600642513593
12,-0.14091071604912497,-0.08082522889685284,-0.09994978409931096
13,0.10663715949346947,0.007842784951117121,0.37161539094919255
14,-0.15096774359373005,-0.05466053732226244,-0.2660039553854602
15,-0.017339981696015472,0.028529956372413734,-0.002311182426405295
16,0.018258698960869207,0.0241578887160884,0.012423738824081543
17,-0.10747779521129386,-0.10141163571669048,-0.31120267396862505
18,-0.039665074585613955,-0.20569862470385245,-0.15829000441946883
19,0.006332857696679316,-0.1449575683111865,-0.09095939588039967
20,0.04671353294759811,-0.06690021819929748,-0.02446157872569893
21,0.17955232395888898,0.1308482161790085,0.12267660841296812
22,0.010339806946122035,0.05672527482182284,0.0628298067683928
23,0.10476084220516563,0.4548162395680276,0.2710774455697733
24,-0.0050446327585481066,-0.10936706144191588,-0.022450317303810585
25,0.215808354582734,0.18164348468757674,0.21463538461514386
26,-0.021911239106827907,0.0018793322839535942,-0.01031638246964145
27,0.05866068200967148,0.07362361019297181,0.3503348341739603
28,-0.08528536769183143,-0.04143247515287418,-0.0012600230607540674
29,0.025259835109296316,-0.027689038843983202,0.030491720908341485
30,-0.09036353723302332,-0.242142196032404,-0.4418366070886151
31,0.04179666032197571,0.07771997005156273,0.05977691536236207
