id,h1,h2,h3
0,0.025660155368809556,0.04391356755407161,0.002827392364884107
1,-0.07621031222717883,-0.08515216020183447,-0.07635414363842033
2,-0.10329920040050977,-0.05865294619079214,-0.08351875911072826
3,0.450583533213063,0.15422399296114941,0.003871702962558593
4,0.06024620387476365,0.03771007348041344,0.07792615362994787
5,-0.07158121096808451,-0.10125429568438199,-0.14252936119102977
6,0.18148320759010875,0.1869904096671971,0.12776810948244033
7,0.1014823099466251,0.08281909542324403,0.07952947582559033
8,0.016426812428204818,-0.008169228253824157,0.007451617100822011
9,0.02146762498757887,0.020492206764498172,0.02014110539571362
10,0.12111903516081582,0.019892948924207177,0.18806783154000772
11,0.2632692173858593,0.2740226558997342,0.25941945239161734
12,-0.04850443627762825,-0.02731912711496,-0.04156066462138633
13,-0.36552681750943816,-0.04066308762669757,0.11524734314225532
14,0.22476466546831073,-0.062207004985355474,0.08722953354873669
15,0.08139284551445591,0.08150356783926171,0.10502565453498691
16,0.017631378205060527,0.03028339453155969,0.014829472892754866
17,0.06318828542045046,0.008014712126444445,0.05799275820726246
18,0.240885325448618,0.07673140224729828,0.015180322039193186
19,0.11498772974498195,0.09411835175300748,0.12814146339390864
20,-0.0142329120647482,-0.057675235571332945,-0.02570313530392021
21,-0.07631577451053267,-0.09735880233651706,-0.05230148072771168
22,0.016397297026018,0.014651520582090571,0.01566131797168957
23,-0.38794423369908815,0.0726725366806823,-0.2139684870516519
24,0.04796659161634628,0.0427162745314682,-0.020768520640581906
25,0.12644379494789615,0.11376838163331154,0.11532666958765536
26,-0.025801182684670243,-0.031939454107559384,0.0037509444494379096
27,-0.2943870891043033,-0.04128222369848722,-0.2690406360607924
28,-0.12907890790427934,-0.1317898665952843,-0.11924499855767362
29,0.059170067938912926,0.047587707595172835,0.06112748920313982
30,0.10845032164978088,0.05424256347762277,0.06831978618836132
31,-0.22608246506654855,-0.2316404335119699,-0.2055543031662901
