id,h1,h2,h3
0,0.11673155871723147,-0.20052088850116453,0.06781854440299244
1,0.12080884132471698,0.12685222881426694,0.09611994490802739
2,0.19792459392175243,-0.08527266836680586,0.11049943867118128
3,-0.17824331488112277,0.4039225467809162,-0.2333720055180094
4,0.2186224707238137,0.22549709548093505,0.23042135499615357
5,-0.0422434298550102,-0.10093721293435097,-0.09832342041485892
6,0.030363679610763264,0.20443409711538835,0.048850282258715294
7,-0.040283543700785324,0.16372868363334772,0.020559248095318033
8,0.05419828611292252,0.24089867835200607,0.105264171449419
9,-0.03979374553586877,-0.11088879094732527,-0.05837330038247576
10,-0.21662353403484297,0.1432464687253241,-0.1990591670025828
11,-0.013576989357766744,0.0878334219175112,0.003100373099937964
12,-0.0845677665287188,-0.12055685642137375,-0.12727141120025554
13,-0.03949813717384584,-0.24710967297474531,0.26811657419620544
14,-0.2166700125791483,-0.029483379293746947,-0.3458658784377634
15,0.031856415426548046,0.17542571360436002,0.05794477002016754
16,0.04405394314511779,0.0828039005132584,0.01198049522767522
17,-0.13646697519402556,0.3347623882464061,-0.041570027003144605
18,-0.049300044634973256,0.10892390501096136,-0.05485243685602789
19,0.05339203728681123,0.1133498729807398,0.06978579716256875
20,-0.0023633292510876966,0.21923106694715344,-0.11972120741915344
21,0.04327690735621294,0.3214394472027459,0.08033702892456968
22,-0.12289566044535732,-0.0625690992954655,-0.11281962657363592
23,0.09192325718752214,-0.38808135654322096,0.32047470768837527
24,-0.012944366710184535,0.007740372387625177,-0.01593855728435256
25,-0.03149598807192186,-0.05720358095611744,-0.026409876559975703
26,-0.0487417360526855,-0.09588938061059982,-0.07736842183393722
27,0.2041700556011038,-0.8726988077873605,0.29675831881615494
28,-0.05183382122605812,-0.15006831479325436,-0.07797257584452932
29,-0.052709338977468545,0.04387668382292714,-0.031442319497407084
30,-0.026933869749329487,0.016886828918027952,0.037135146286053244
31,-0.07954286652163889,-0.10868957704092391,-0.07029228945369126
