id,h1,h2,h3
0,0.27899691224491113,0.3459137611651072,0.08972724790100123
1,-0.09964439847183364,-0.10906172256055525,-0.12825265339205472
2,0.29721267123765094,0.30612170528459204,0.0013557449070693006
3,-0.5438371979094199,-0.6461000703539341,-0.07973960337257252
4,0.12415921097435226,0.14843322451732577,0.14541272793281015
5,0.3545803105678872,0.27597511024682353,-0.1027814481550674
6,-0.18370443649550033,-0.18695291916125817,-0.09104927516102779
7,-0.14085153072619555,-0.3473772291230317,0.10155942222514336
8,-0.1796827750842907,-0.17682190232339196,-0.012522003317014571
9,0.12644842206223178,0.13762674396065794,0.0932636688761942
10,-0.4702289417980824,-0.5455116657990821,-0.08056644204180069
11,-0.141309410094374,-0.1504611722413382,-0.0653825149819352
12,0.05530696278327077,0.0527731260408239,-0.044439317192799366
13,0.7736800634941011,0.8861188019295391,0.3457526660222746
14,-0.42322112048720234,-0.557679065867124,-0.10315366666346865
15,0.08003170950886984,0.1046492187023377,0.08432126953505165
16,-0.008477603535713973,0.0019221300092590599,-0.003693460924764913
17,-0.31536540460685614,-0.26876289760988836,-0.18457497725488708
18,-0.24526380572515794,-0.2769631723748227,0.024676847550423875
19,-0.09328987261486948,-0.11435361262537846,0.020104154324488088
20,-0.203456834322289,-0.33015843121851074,0.09695012383338009
21,-0.3716285573804693,-0.20325361687366675,-0.07468400261294983
22,-0.18110201713382876,-0.16716632994445246,-0.1439307078034882
23,0.818726095871226,0.7293310641500381,-0.15056918744710987
24,-0.06919814529012303,-0.22332129425134928,-0.020380562778228195
25,-0.1489713124730642,-0.17072228808040868,-0.14390264593054775
26,0.09805441846810992,0.09522735492788051,0.07709848547457282
27,0.42253159838942533,0.34229791086357536,0.13590494974246525
28,0.1557904979132983,0.1643487001021997,0.07317626949129499
29,-0.1357667679437659,-0.11075719653150395,-0.02297937203468975
30,-0.47838129771813953,-0.4419891244247054,-0.016942389244003375
31,0.08991252163823021,0.041520783580149545,-0.03335041038498787
