id,h1,h2,h3
0,0.09575280141749917,-0.028276305684901804,0.08264138894875375
1,0.04040617080294642,0.07723585627482493,0.03391209348551619
2,-0.05769832438533265,-0.3788964294420044,-0.0692635118284422
3,0.2236890210110426,0.43110458027428594,0.2122246463459348
4,0.02038485185242045,0.09620181148590753,-0.021927624906715376
5,-0.09429284387257533,-0.24023370099572214,0.07422570578852841
6,0.0764293894513654,0.11516560933315345,0.0056623505105083405
7,-0.09386010230607295,0.01198221576176578,-0.11720409784115277
8,0.003716659303193176,0.1663560094427996,-0.010199624945948088
9,0.044427970223139296,-0.0560412502861688,0.05618529454676155
10,0.003021088037874431,0.35157412400817944,0.08941291948586072
11,0.028533111592541516,0.08210083675497781,-0.0019089770351460311
12,-0.06900142869283943,-0.1138590594371362,-0.046469426198746666
13,-0.017913094737910085,-1.1203045766643187,0.8202481043775253
14,0.0694295735006492,0.5281708873390474,-0.026253452504729297
15,0.022360629272795585,0.017886018308465534,0.019836496128888603
16,0.048349485869711495,0.02380001160853279,0.059985259212106845
17,0.15005075947731172,0.3118866566067837,0.1826690825903238
18,0.14211137635304238,0.26624913932872485,0.1178414114307163
19,0.018752120849487297,0.13104672028556347,0.019286570078992593
20,0.10788529223396556,0.2979040382918068,0.04865587503306762
21,-0.09710989018826122,0.2059672158391746,-0.1078022902218399
22,0.03700000992232494,0.016352651358806092,0.0595607231142892
23,0.003941465123685428,-0.2053535651392568,0.11566916390538859
24,0.011512591513746617,0.20128176770559852,-0.013402733683366308
25,0.048153726323066665,-0.0014562568942456111,0.0391285870577891
26,-0.010204701727225207,0.031244891527279745,-0.0328277436245164
27,-0.0772988466119342,-0.5868249102685404,0.39723455968183824
28,0.019604834695386188,-0.13667110532066667,0.08567536411425788
29,-0.15544189700504546,-0.147740788803275,-0.169070126005676
30,-0.10920137024983906,0.04141830810079741,-0.1265751516493511
31,-0.16446941747136334,-0.16982269247163137,-0.1442894813662439
