id,h1,h2,h3
0,-0.37118682879360715,-0.14895980978791867,-1.1379164040884353
1,0.0627743006483315,0.024224327101122767,0.16425939132240241
2,0.8946456403137754,0.5526377027583238,1.6597838458393916
3,-0.5240075887691674,-0.2076751883253128,-1.3006494282505043
4,-0.10577905230237014,-0.09370486610874096,-0.126101826791043
5,0.07940889866425938,0.058385285258420794,0.07153789278886624
6,0.3111588757380675,0.2016755318881306,0.6635325893989946
7,-0.15572174030686434,-0.12176227047352492,-0.15860277075211984
8,0.6981260757976178,0.4787572591600743,2.929339894739412
9,-0.02830831011491844,-0.018335711082350853,-0.17221442277306648
10,0.1424411360844124,0.12296182035164427,0.3447830904672571
11,0.48726793082881253,0.28057818748833063,1.2720275017800864
12,-0.1914174873103297,-0.18327986742004088,-0.40851159947966725
13,-0.23781003053050426,-0.3207299227824036,-1.3326088877543592
14,0.6823942717680389,0.48435048070700165,2.2399614984359517
15,-0.753384395328095,-0.23754276515923312,-3.0089817868129436
16,0.24329382612562622,0.20836334731408024,1.4420778634598852
17,0.0355939383584743,0.002246232210426337,0.023367135281161105
18,0.3741514997400136,0.34150020547162135,0.9955642868782937
19,0.17396079704191958,0.21547967186811384,0.5848126300236828
20,1.0055809452838556,0.601262232488239,1.5905110708788979
21,-0.5349589954387357,-0.3993344310245206,-1.301335598884667
22,0.9103453056073301,0.6841118818823844,1.6087589724535905
23,0.7651035245740712,0.520353281922499,2.140625418276348
24,-0.006677197849623395,0.027795699049194322,-0.06956486421878244
25,-1.5220282603734647,-0.643823556402335,-2.849277349366354
26,0.16682856003794802,0.18507436754631196,0.7343753888356847
27,-0.21462457527345424,-0.16707947247440402,-0.6743285148118001
28,0.280961053154364,0.14682190521603677,0.9503719834135456
29,0.07916652037244015,0.04577789596162779,0.34266318520499595
30,0.29184279472947044,0.20188517599727035,0.8959119082877456
31,0.1721558669429267,0.12811589320050915,0.3488603146476129
