id,h1,h2,h3
0,0.034386794395086406,-0.5106182852024896,-0.8052181987132585
1,-0.006380628625784646,0.12109753134945242,0.31030662319645097
2,-0.15296299538978886,0.9268646452561137,1.4071211038902673
3,0.13391011093997052,-0.9695946888181028,-1.2658573365589587
4,-0.04640668444370494,-0.09459817748882149,-0.08862166784779035
5,0.09304647318560189,0.2438177093314976,0.2953371403563188
6,0.035545540151566274,0.5945011231370159,0.831146091668898
7,-0.03816516258388279,-0.09577349641333852,-0.12891534481329064
8,-0.21755195486884574,1.730756057965058,2.020262606304151
9,0.02478950620531975,-0.10141274334561942,-0.13698452590045024
10,0.14061197439460366,0.47598620166894545,0.6134433447571808
11,-0.1266359260073148,0.6902047036682685,1.0072061959914653
12,-0.09153234981034353,-0.36450256989119095,-0.43902281566231904
13,0.08781230588640876,-0.5069364177548892,-0.7997976181898337
14,-0.26687626969957506,0.7712538239528801,1.1844034442762308
15,0.17924573477164177,-0.8598467959329033,-1.6094293049564141
16,-0.12957650388308878,0.7538214101094398,0.7663477036593629
17,-0.0027320743776455825,-0.05891232466011523,-0.0844484246623684
18,-0.10513612082715035,0.7466928742315911,0.9147344887091662
19,-0.031239389427887454,0.15903258512988505,0.1627021390234038
20,-0.309099016583436,0.7301287460274323,1.4385378810041412
21,0.07641153546849694,-0.6867962062344619,-1.0820639308778666
22,-0.045591977177203036,0.8336250996064491,1.2099592056672281
23,-0.235786741880197,1.208558757652156,1.8298200326792653
24,0.004132139387439504,0.05104944924669458,-0.004190779518807974
25,0.1654292145926925,-1.0996294655719978,-1.809620761908307
26,-0.05114927234099098,0.3303185696556368,0.35689971805342624
27,0.0899293183556013,-0.4523498237628487,-0.5532571091230585
28,-0.2717208285399429,0.5305616981003987,0.5379263948423396
29,0.13001662309541384,0.38252630813018773,0.5445875175363388
30,0.017371709490840243,0.62382149913937,0.7852423595239775
31,0.1157676882620009,0.13799740509883152,0.0687456599298163
