id,h1,h2,h3
0,-0.9133688112834499,-1.4404620482600892,-0.8726623767585902
1,0.1588970663328158,0.4286475604997946,0.12732877765063844
2,1.8919255682206035,1.7903344864120723,1.4839945669751455
3,-1.3234532567052,-1.5420110103671218,-0.9112609817974631
4,0.011794183661412216,0.09241746997625211,-0.005319295550102576
5,0.22486602309896309,0.3736806761641759,0.22234172445066663
6,0.7523728958534242,0.8252291298616283,0.723082654941461
7,-0.20304282584048874,-0.31926729783968927,-0.18288244226195527
8,2.1556060512447215,2.5524958380342677,1.4110994882055485
9,-0.06796925485102392,-0.05969313332116288,-0.07145094306233679
10,0.5201814763058532,0.5024267630976345,0.39979731534021773
11,1.1323775106037663,1.3025728104084346,0.8286605179426207
12,-0.39068606784174836,-0.19351036047329306,-0.24352860190406048
13,-1.135376191108164,-1.221307355259263,-0.904151753734744
14,1.947777039458562,2.152068721418905,1.5491648426789586
15,-2.358848333380574,-2.6231864318759026,-1.905896391067865
16,0.921812617575166,1.2194584189855253,0.8640689176943712
17,0.018384378167966037,-0.39812066377508165,0.01746874724189909
18,1.097373941790402,1.0398919559124713,0.8519101348067164
19,0.5988326642288508,0.8578672644675942,0.5491248839206826
20,2.3161074385457594,2.0704119453774594,1.6804654830644463
21,-1.4156444666116177,-1.4850329734923235,-1.125515323364822
22,1.8153996256808977,2.099554805695457,1.5915738178697845
23,2.1194812373153216,2.4070601753842413,1.7795919820334443
24,-0.024540042707908216,-0.021957891253590434,-0.034273703082143836
25,-2.7608257702635965,-2.9986856628599123,-2.0330365155956205
26,0.5647089869366606,0.792546430757304,0.5321334447104727
27,-0.5311712382467393,-0.840433704130959,-0.49276055846901434
28,0.9108243246973496,0.8037713608074915,0.6942020752880301
29,0.2987020718374173,0.3427206798207112,0.27953666411679007
30,0.7590469645216786,0.92905768549242,0.5203971377380044
31,0.35807774845108753,0.29417491040207633,0.3329797975218013
