id,h1,h2,h3
0,-1.171756136326594,-0.5951407311956434,-0.4506016369623622
1,0.08855944292048457,0.08667404200747555,-0.0031987102849291016
2,2.0201719067941823,0.5397620300207158,0.1912472081640296
3,-1.4651558323481695,-0.3208558338084074,-0.44158790576355217
4,-0.0939177559987927,-0.05734589952250779,-0.014626630178647515
5,0.23805330767516408,0.12503643700009603,0.06056590366685938
6,0.8363027616319445,0.4590651174548134,0.26281144104373005
7,-0.3765715267419837,-0.14969616566068644,-0.12385524168516177
8,2.4212794242671425,1.4449227865751864,0.9820145154958
9,-0.07162163949912204,-0.11249855887572352,-0.002420636595238612
10,0.43835076784855287,0.3131345013682391,0.08460467285555069
11,1.4566400758623343,0.8880437317648391,0.30483187830209757
12,-0.4795156714146393,-0.2196007358556469,-0.13453472860974017
13,-1.3383216097868071,-0.6653208248311357,-0.3328894104880079
14,2.1735898704323784,0.6383374480238444,0.22329766252877922
15,-2.8266801485858366,-1.5009796768757533,-0.8666380821433981
16,1.1869363750514783,0.4450312305570328,0.11879152037959018
17,-0.13749542127382186,-0.07828564768854604,-0.07010264359573862
18,1.3865845399387848,0.5491067790046286,0.352811893633668
19,0.4604044058267053,0.23573586272888603,0.1423530511493445
20,2.800365496335922,1.6568026984473596,1.2963275223617365
21,-1.378762842404311,-0.8078690372166143,-0.6460964064746757
22,2.130409971673684,1.7333612203303677,1.2658896449338695
23,2.569975535690571,1.338824995128495,1.075424640224707
24,0.04539912339353647,0.0578515755825898,0.059160034107861414
25,-3.2844204452860026,-0.629492006951471,-0.7303277178298397
26,0.4867499869655805,0.22437930641570614,0.08385611434459461
27,-0.8032220984808118,-0.3419075167353414,-0.1578185504247543
28,0.9127831897522558,0.4741885665787225,0.21588175261740794
29,0.2458037492091827,0.20888320127848523,0.10780530818246925
30,1.0293343399546457,0.46700925722279263,0.24370626613059584
31,0.4157370874447117,0.1606489776677469,0.12907879002891673
