id,h1,h2,h3
0,-0.3143455476084581,-0.8888393262412305,-0.5418420168450453
1,0.14802263501207463,0.27974474192644794,0.16359630298748196
2,0.5262693369312423,1.2739563906151614,1.3754215929399605
3,-0.4314485147284206,-1.0355589492806514,-1.01351783640746
4,-0.027948153369584394,0.02112000389225016,-0.04805204947993136
5,0.20106357062277191,0.34303926427571796,0.22316377634955908
6,0.3518633492683113,0.6407246852760862,0.4570663394231881
7,-0.07751569908164302,-0.20867420396956904,-0.15153965275721126
8,0.4126775290826419,2.599568047336563,1.1774952666073
9,-0.07279501214793171,-0.22369699107790963,-0.11042095055890763
10,0.22203562855624265,0.39773197779684977,0.2945751299745025
11,0.2507594731800113,0.9387611236717142,0.6576047114390121
12,-0.1520477799157849,-0.26591178668933596,-0.16879171687378836
13,-0.3595962328314815,-0.7933849050982693,-0.7824110434296012
14,0.6274288405544984,1.7461198246653107,1.4498777232146796
15,-0.3643732065801214,-0.7870330855436016,-0.5997957505177978
16,0.1989716765768413,0.6437253238553252,0.4046624090196396
17,0.06366070727155992,-0.012477394520544527,0.05753132067211958
18,0.13167452217498232,1.0139495403878473,0.6104507127430856
19,0.3174628754077104,0.39326229978067184,0.3436817462861559
20,0.7937283942793654,1.43071102379802,1.2028814610206662
21,-0.2064149407188335,-1.5024041893863185,-0.761817797420249
22,0.5008043178111297,1.7133746226594564,0.9955750391864477
23,0.6073436448887195,1.4778242470793665,1.3543762628258336
24,0.10939369445655106,0.07495933454244535,0.10104530175637227
25,-0.51057137573463,-2.8865712091859983,-1.7216146719028802
26,0.3405555806451057,0.556480153842946,0.37734846833380453
27,-0.1407621779032226,-0.6296609233698023,-0.42876089537398865
28,0.15484589424300466,0.6590303692496156,0.45275394245246525
29,0.24667997152295104,0.3500048344373906,0.27435264067685683
30,0.23803373302550115,0.69739577775603,0.6051309273406398
31,0.26310676241055225,0.32398841308721216,0.2700802058381127
