id,h1,h2,h3
0,-1.634255727953312,-1.7609016765151067,-1.3857020886887053
1,0.2651531576538253,0.25993144834355497,0.25802008006598265
2,2.8468577392189096,2.879781117644123,2.4641929350047427
3,-1.8870363252148217,-2.0745418745802198,-1.478898540853377
4,-0.30671541502187694,-0.2989739399509143,-0.30248727317008883
5,0.3230704834617879,0.318116879707413,0.30274290643281415
6,1.237494757188212,1.2693728995975744,0.9853582360559758
7,-0.5638261532597733,-0.548466590016683,-0.5292316683547102
8,3.646393181409885,3.9779768953818824,2.528350087886384
9,-0.24191242446879338,-0.24129529385107898,-0.1999392941924809
10,0.9474950461357063,0.9350840661938199,0.846400607826307
11,1.7453149619353683,1.8859635659160294,1.43666298045418
12,-0.9082420339953119,-0.9056500714553963,-0.8315790588447647
13,-1.9254632417687683,-1.995268196505613,-1.5644733492880218
14,3.4181120448004743,3.4606616949535147,2.9730306670191653
15,-4.329337160980839,-4.402323122504338,-3.766739948503309
16,1.6551427736019302,1.7780769577217794,1.436865025129308
17,0.11971156185568027,0.12457567539949538,0.0898796793046499
18,1.8484525314392168,1.9472302340023526,1.5621619049830333
19,0.707073541913747,0.7256248932124687,0.629309019134682
20,3.94152490483148,4.279822727247755,3.1491209683421086
21,-2.1356909680382,-2.2846030673892246,-1.5923962297080423
22,2.9852506140196127,3.084829019549488,2.5169644487898633
23,3.719827209143679,3.8477410651850423,3.403091220219698
24,0.07177740717628972,0.0661538829453791,0.0927574163476928
25,-4.3069506521564485,-4.660707628914025,-3.248882291713965
26,0.9072323051025778,0.9462350784363776,0.8560725399232159
27,-0.9577116692741252,-0.9486844507043815,-0.8477061949905094
28,1.57292983646024,1.5898329532935578,1.3561081320684334
29,0.5658184485434454,0.5675767910723836,0.49558798587306596
30,1.4182246929015294,1.5044100307585082,1.1892702629624192
31,0.5963988590602401,0.5829217719457407,0.5498031972067037
