id,h1,h2,h3
0,-1.9661578285045693,-1.8655923084278199,-0.9124944112889422
1,0.3038676515764188,0.3115644176494734,0.20431748955416307
2,3.2880069449430263,2.959220837275744,0.9054291690396654
3,-1.8814213841882876,-1.8007297733095944,-1.2089858445294723
4,-0.21830778574526333,-0.1968233213675336,-0.07232154786201506
5,0.43879460437738393,0.38326682988116123,0.09602822728215274
6,1.4081166445695117,1.3877934303189252,0.9957347869291593
7,-0.3559763724683016,-0.3530168843413486,-0.26268027023543256
8,3.6882897851694025,3.706250361280517,2.1611340797406267
9,-0.005551221455417955,-0.03959573860679409,-0.13821908654766799
10,0.7933837408910546,0.702389239919749,0.315721730517586
11,2.095259999080583,2.035874726474797,1.0607622808958597
12,-0.3899234527581802,-0.41466428212383366,-0.33452963721933615
13,-2.3349833218466878,-2.078012954123801,-0.5955674454179236
14,3.2744802992092463,2.982730249938869,1.4468701537802016
15,-4.710927473035826,-4.81483159470725,-3.979425384357072
16,1.6958479823369896,1.5729741210825723,1.0309056227274085
17,-0.07838835266951222,-0.04448954100238786,0.01784878375463525
18,1.9497038702331806,1.8679628394111827,1.2478478774046236
19,1.0240899104996113,0.9567646381451598,0.37967636760378787
20,3.715661333024582,3.716156495598202,2.3056845233897905
21,-2.7858403084987624,-2.6758116648124783,-1.6734583313724152
22,3.184663957791744,3.015401049528211,1.546473422605362
23,3.6702724302619703,3.705059897119565,1.645442227604081
24,-0.0602023885565674,-0.0562892419342923,-0.01649182121321552
25,-4.7864767713821506,-4.450000501650248,-2.1226908508621984
26,0.9232819414505614,0.8424510298435983,0.43106696406836936
27,-1.1077897735917155,-0.9958644535584202,-0.470250056044177
28,1.6808477109285747,1.5064669262011119,0.6772507129341335
29,0.41128648684280816,0.3878979246782456,0.24997290573986874
30,1.6335249935365748,1.4611910598499094,0.6451343373301744
31,0.6834410000207005,0.6122631881314412,0.25109920118974044
