id,h1,h2,h3
0,-2.128591586211147,0.18259381957076143,-1.5365177027650905
1,0.2692071880533031,0.08390570966720218,0.09336136786344262
2,3.3630451201807334,0.5194068533600669,2.540429971471216
3,-2.489833164750798,-1.2607595815827912,-1.181082946438298
4,-0.2026752203962115,-0.03400993045994566,-0.02936577714916938
5,0.20022419915453155,0.0352891449923341,0.030866870480432962
6,1.559798696100183,0.6302489094424213,0.7569168755930296
7,-0.43271337338857285,-0.28051987751992147,-0.28763774905336154
8,3.8210878414009524,2.190727252471359,2.283137045921075
9,-0.231895156868209,-0.0288708605255677,-0.0175783599486522
10,0.6041639592975282,0.22979214128623704,0.25472177651750727
11,1.9975599114313494,0.654164327370464,1.0393317050041815
12,-0.6709130332398642,-0.37106026140955445,-0.36569361243106113
13,-2.41503924308055,-0.01265024382533314,-1.6956084290715332
14,3.8318713423434225,0.06804909911202894,3.0977591250542797
15,-4.703697567698492,-0.22415945396730527,-4.284145763121993
16,2.113199873911655,1.0961476917292257,0.9244572473372854
17,0.06527117828745302,-0.035682944299904235,-0.040284102438694236
18,2.2444850891612713,0.6572102635897931,1.0533542652111891
19,0.8812099861333178,0.3180479947546671,0.39018461585309805
20,4.422654453873924,4.517739461456713,4.72492620643401
21,-2.5864865223637032,-1.3693879266842084,-1.238011862814267
22,2.9999839779385375,1.9824917343442905,1.8105664229910448
23,3.781531693134562,0.17074842233020282,3.6282252578960232
24,-0.026053377718166543,-0.06736262567792997,-0.06643707760647863
25,-5.418932032179956,-1.85761111974361,-2.7020013432871646
26,0.5769573762522571,0.30967053053944615,0.3054846348526822
27,-1.3148220796551535,-0.79181406931766,-0.8627683545397841
28,1.8525550711248664,0.7834548919695754,0.8461908458667593
29,0.6477820357420354,0.3487846698089652,0.34524225067293457
30,1.6084295910752717,0.8263139335566114,0.898553833967949
31,0.576409168477559,0.29843221492432204,0.2822950925222976
