id,h1,h2,h3
0,-0.567133426029188,-0.35393675269246716,-0.22861613240210898
1,0.09104326218418377,0.0545668197940907,0.037739171910753405
2,1.0515341834677836,0.34198618053037066,0.040404815420492624
3,-0.6057691337422898,-0.25739038874367326,-0.2252989888203917
4,0.018774599623015385,0.009677484324606703,0.016286462387802028
5,0.13227934297890465,0.11525533252817233,0.09091072406702777
6,0.4553009349706527,0.24041791419830816,-0.05319989307637196
7,-0.10141889434897622,-0.07317490240513802,-0.031462148978736226
8,1.2413478608982245,0.36324528812869106,0.055176403821382
9,-0.14816238942323867,-0.08276179884304569,-0.039930096665303005
10,0.2805200294009206,0.19893115409071996,0.1111716224881937
11,0.621738732513547,0.1905399498243754,0.2430998082503762
12,-0.18777697268998655,-0.18275563629784658,-0.1247388776468574
13,-0.6163236474769185,-0.1301914057821017,-0.3848677703223614
14,1.0467040161045729,0.31165960777276075,-0.061591696353720665
15,-1.1503546568328686,-0.5262009956030986,-0.2685777214146349
16,0.5865749858271807,0.18003021074591907,0.1399840770025264
17,0.09466514144808097,0.04591152066326509,0.07321954599028718
18,0.43321826475674124,0.17880070504527948,0.11554198041945385
19,0.24598357005055105,0.049587094650508326,0.0093296540866891
20,1.0288543220359065,0.1916558016134756,0.31764371023498306
21,-0.6589441708268968,-0.189793712707565,-0.10411276046236562
22,0.8531190297886744,0.448142792290959,0.2635943449359445
23,1.4407991093191326,0.3181740213914496,0.41660192413762476
24,-0.026355126763224254,0.009651496089089787,-0.003119902255355439
25,-1.5584448566968119,-0.2736658968751754,-0.18703322663807898
26,0.33838940971370046,0.08433098343718101,0.08068059755030615
27,-0.36912696887328855,-0.25393384408258385,-0.27089028902504186
28,0.5620845090455774,0.17084285537646743,0.033954876609044504
29,0.19711184644443291,0.18055899711962525,0.1154811906195588
30,0.5161555666822063,0.26071805228595474,0.15266296145434977
31,0.15843693089833982,0.12944956003276864,0.09352514438337212
