id,h1,h2,h3
0,-0.7593204127536205,-0.34412771092405725,-0.28959227949641786
1,0.3129569529224908,0.5315114949311569,0.531456712250232
2,1.482186524788619,0.640637476041061,0.414761967408067
3,-1.008275398815771,-0.5482060795530997,-0.49012372940603754
4,0.017974600252941883,-0.02245764823416456,-0.01979291985700468
5,0.14996080083045604,0.09253823227895644,0.08739253671429308
6,0.5326550654772928,0.2306991088233001,0.2094717560223864
7,-0.2867441184845172,-0.3379574715201139,-0.33865154466145575
8,1.7150679717736543,0.4494933398640634,0.1833181843892766
9,0.04279234978762886,0.061105533348674246,0.07237850362527301
10,0.3865190955686163,0.33034636065657597,0.31347386274144196
11,0.7346657587326335,0.11304497627849616,0.04598012968183765
12,-0.24435625304215994,-0.3150813121394858,-0.31601929350982905
13,-0.8497586837817847,-0.2451811176826582,-0.2661759154157138
14,1.4429643191951023,0.43317064967188434,0.4337553370834262
15,-1.766087599903111,0.6053035208883174,1.479613238203934
16,0.7443751113932352,0.14352668655423978,0.08608748865283422
17,0.131172752710973,0.1693437124159497,0.1776662752931749
18,0.8706018542045404,0.18905916519634525,0.043115009546710825
19,0.3261724410660546,-0.19303345299803848,-0.24042340333735743
20,1.8480875480588213,1.6750176767504517,1.5304865935647154
21,-0.956486138543601,-0.001904806765334499,0.11608125441552575
22,1.262779007215699,1.1750250299687086,0.9379245149270856
23,1.6726905769845781,1.2046661148290725,1.301465083305924
24,0.04604200129989801,0.17393887240290906,0.17343984294244877
25,-2.0776235394566984,-1.190604680970373,-1.35774624127784
26,0.3245519168053934,0.15008012826871903,0.14834075573554117
27,-0.4838730396156549,-0.27783313747796823,-0.255526265753435
28,0.6283168849237964,-0.17483590392420537,-0.19762708029256632
29,0.2266610773840066,0.14850688387170805,0.14647876917783192
30,0.6900925267870259,1.1632859005042246,1.1626702090770173
31,0.35232884966687217,0.780895850002408,0.8325853457660951
