id,h1,h2,h3
0,-1.0503597901105686,-0.8378462511223945,-0.9191242880525735
1,0.17853312134534885,0.13270861665894298,0.17378810216326193
2,1.6604174734012396,0.5639848671869067,2.0944157512394543
3,-1.1764342354737167,-0.7203057529112786,-0.9583483894828468
4,-0.0735561190096981,-0.07006972370499334,-0.059718853673977224
5,0.0913305950998427,0.06827924653722417,0.0688967607744368
6,0.6897294480518825,0.5688520261683454,0.6306611606605175
7,-0.2378355591001327,-0.17065036745676704,-0.20403861930142794
8,2.1064801926956926,0.8749006646975558,2.0990371089890214
9,-0.14850608391430167,-0.07609323523748576,-0.1101325832054352
10,0.32720861709081,0.18993574991428774,0.3768048617846381
11,1.137102504535283,0.3700089807712743,1.0203010938184784
12,-0.43200997268690017,-0.309435006787957,-0.3512562769065352
13,-1.1520923575143833,-0.47041577104485,-1.1023198875724403
14,1.6955006448911232,0.7450140949234119,0.9766979705331456
15,-2.4393621390234133,-0.6293261091015003,-3.293934376648779
16,0.9343107294268511,0.3789175040570628,0.6451622637784112
17,0.06505035782173285,0.05520804571649235,0.059229731915446227
18,0.960621778312132,0.7200482873799929,0.8014718520451996
19,0.4721275122125305,0.3318786567317581,0.3844079634646328
20,2.081328493479979,0.9340818798421673,1.9148544184263259
21,-1.2661285984210406,-0.40820440970903243,-1.1999817202268424
22,1.7416485272898075,0.5719978183106891,1.7832296206632907
23,2.0128844379416027,1.1944768532564958,1.0306154572905535
24,-0.02832268881488262,-0.003213558671504968,0.011130891575666574
25,-2.0745322944803513,-0.8608745917799528,-1.8165369789478896
26,0.43832659336677127,0.3388714795970653,0.4196097350917103
27,-0.632068018007178,-0.44926107472716925,-0.5267841263552098
28,0.8602121458693335,0.3779717984384511,0.6853171099265504
29,0.3777392587542595,0.2879649191832905,0.31823790896807325
30,0.7414409723551378,0.5909891662447527,0.6469417481238118
31,0.4247927105003467,0.3252387717467464,0.35594881009816287
