id,h1,h2,h3
0,0.004637615917778271,-0.32898787373456034,-1.163442444229926
1,0.07022024919775888,0.04634612917321503,0.09154263281916351
2,-0.16312716155067203,0.8665543100230857,2.2463984631981413
3,-0.02598084791139091,-0.8106608791831413,-1.7439641033511069
4,-0.13042198240611252,-0.1244579170011686,-0.1823866587258699
5,0.014997765726999679,0.0038221975192963553,0.05432900294136467
6,0.03030163325065527,0.2446983128631467,0.46786115291898556
7,-0.05206390415289086,-0.05990975512436364,-0.17548100005703834
8,-0.20905662028347977,0.5131909742434727,2.5926753916828176
9,-0.06270917252000532,-0.049339111472669034,-0.1392168854973274
10,0.14913425667470287,0.14835426826133735,0.28263477154566446
11,0.007687855480265238,0.2023440019623476,1.2405149758661753
12,-0.12057350878223466,-0.1210224252132367,-0.3167436600840859
13,0.022950373015879932,-0.6868741218203716,-1.1710658140053656
14,-0.2747959209691856,0.5420609809384227,2.1887350130386003
15,0.2552674723225209,-0.7696784580219964,-3.013193657950782
16,-0.19538062543991058,-0.13557599590169436,0.7152741113189395
17,-0.024213802995009637,-0.03198984454847825,0.04810961584624612
18,0.028200522958260088,0.40912603510207685,1.350338020867324
19,-0.004260496245836996,0.2661308206683624,0.5035991725872832
20,-0.23563930336243036,0.575795392179357,2.9039756498942877
21,0.04536306727396236,-0.3864290384343651,-1.5179998433643878
22,-0.3811466074529616,-0.18839084391797167,0.9028916682780019
23,-0.3994915285488736,0.17425231627698617,0.9183689001220503
24,-0.013659915095439956,-0.0033135311455869676,-0.0944217338332064
25,0.5800845417705915,-1.185812014540642,-3.8580191183666113
26,0.21360754825137704,0.20664588705587356,0.5323576843180484
27,-0.13540850775951377,-0.23754227115028834,-0.7660053388090861
28,-0.07106591345273583,0.25559691795798606,0.9390454210853634
29,0.14533306732872486,0.15479670946881208,0.3271153216753953
30,-0.0663829038566505,0.33466535086332183,1.155294302094922
31,0.0656824060712094,0.08490927358269706,0.13866766282132703
