id,h1,h2,h3
0,-1.0637998562362576,-0.9896098586477485,-0.5814172824263454
1,0.28437644130448714,0.20007417066470104,0.24475757214096613
2,1.7852189812441117,2.0854139552740154,1.0114016418235108
3,-1.4021850711650385,-1.3027378748171088,-0.6123749314760586
4,-0.054117971401122025,-0.04852266784184811,-0.0366965838903905
5,0.030662061497591847,0.03875666946237663,0.02011028815907076
6,0.7747266611744472,0.6517526529103608,0.4664105106114147
7,-0.3217936599270053,-0.2437057485938175,-0.24227292432525593
8,2.3039514442810556,2.518176090287011,1.0983556300724748
9,-0.240320464440969,-0.2210721254859062,-0.2252111193458229
10,0.47649034657036293,0.32650819102869033,0.3652813311636116
11,1.2083741992943269,1.236438673720369,0.6313315053697461
12,-0.4246420166848496,-0.3279458751547444,-0.33068627214131735
13,-1.1809140188166756,-1.1972423474941345,-0.7921343273228593
14,2.2212181918968215,2.4930371855933253,1.2976786306225314
15,-2.9396929708922945,-3.3593308077113675,-1.7204570005654989
16,0.6501684073121962,0.7905875715139546,0.27189569689709464
17,0.006177440614104329,0.006897023771645527,0.00540317268108495
18,1.0950151560897856,1.2915041960451803,0.6796596844607765
19,0.5044359048655014,0.483958227349439,0.2809741129663981
20,2.6662291535036027,1.806885794043444,1.449582411654499
21,-1.163369279405983,-1.7540470838975846,-0.5076384182097322
22,1.8105699506942914,2.0239884872716996,1.215928991754034
23,2.3222519119294054,1.7388650218696766,0.9872658216364703
24,-0.014664754602088437,-0.03035277286966581,-0.03601165905784903
25,-2.963948392805907,-3.126409949216917,-1.1671072661825868
26,0.4850792235821443,0.5165965404982009,0.31495163973641077
27,-0.7244030937370332,-0.5286382896791288,-0.5944135541131291
28,0.7936906442940286,0.5739419847634821,0.6844711701421293
29,0.282330877914752,0.20093222086235576,0.22741079711850293
30,0.774154538681443,0.7180627198100267,0.33669145143377993
31,0.2870619679316577,0.17752692131713912,0.22561753012544689
