id,h1,h2,h3
0,-0.8360484544025486,-0.4204011892309368,-0.10255100641385373
1,0.15447704436014809,0.06782572946621102,0.056591733468436434
2,1.6745615462554466,0.5136528601034738,-0.021903071796615492
3,-1.0586042078113442,-0.7374697062741725,-0.11217102309037263
4,-0.06021265530276469,0.04991654076576697,0.024996066937850225
5,0.1603611290688583,0.0744751615745787,0.07305558936015694
6,0.6228113655081993,0.23657056337774654,-0.27985775947740865
7,-0.21487667434792243,-0.10714071217156201,-0.04476025436495293
8,1.6989534838716152,1.8651199587612424,0.3085149244649623
9,-0.27628927955542004,-0.07279721496224803,-0.034636525293293474
10,0.42426344257055804,0.2754835702445832,-0.055990029792591156
11,0.9950012181918511,0.7824948722171813,0.27973195981662435
12,-0.37930045857597494,-0.11510668265834467,-0.09102528839073787
13,-1.0596260287242822,-0.4037261135815157,0.0816293612669962
14,1.6564904568624252,1.2685357179959982,-0.4942459333148676
15,-2.177809544402032,-0.5445033084339042,0.6562788357649915
16,0.8433571190245321,0.5672986422131192,0.26561835218973345
17,0.02087111119496149,0.022855143581831106,0.00482277845742618
18,1.0068730817809233,0.5960451401993024,0.02371348335224782
19,0.3827485909929143,0.0796201366658019,0.05813556215101967
20,1.833677957291139,1.1737010783333262,-0.7417643023496955
21,-1.1333443924690836,-0.5427867566987499,0.1569546786731802
22,1.4222404590763245,1.1689897835429042,0.5132073065705598
23,2.0582841944425665,0.5183487750508933,-0.2293334499537729
24,0.18571145844958142,0.060698609340104515,0.07524374415792554
25,-2.3309724886878604,-2.2537079322263756,-0.7362050367689624
26,0.4212770597274378,0.13913341564516923,0.07170552129516577
27,-0.5901224266196625,-0.5917542320550833,-0.012707319359250402
28,0.8306769017055515,0.668990417718828,0.3562431274132441
29,0.2906168552462165,0.11390927887607522,0.024764298703537913
30,0.6333135534648164,0.30558065140460056,0.07179861257713965
31,0.4658676574956532,0.1495891115666086,0.07876696741714487
