id,h1,h2,h3
0,-0.03835628009216365,0.12862337018863293,-0.09838084988159398
1,0.055286055272240245,-0.000959380753353653,0.053704450409075455
2,0.07023096592397357,-0.27673259140809414,0.17760941612362582
3,0.22509794585682327,0.3926946300417229,-0.09997483267353091
4,-0.015529488883529924,-0.024611983307729957,-0.020993628315716023
5,-0.01752152759521533,-0.05466331339909494,-0.01961350502313558
6,0.002142518996545266,-0.16259934528170472,0.04887055846861523
7,0.020405094414466085,0.08896027360460362,0.00395043666250694
8,-0.5497945057017082,-0.6504364368509794,-0.5324037918499145
9,0.18115674824943984,0.1465223831521668,0.15163889966985084
10,0.0981145960606675,0.016667440388058924,0.14490063017329374
11,0.12810984208715542,-0.05109033849968306,0.2118984372098821
12,0.008893844635976422,0.082380871060609,-0.01831584039585482
13,0.4036965061317357,0.2797902221470177,0.04009890318044218
14,0.14183654354655348,-0.3025844292720453,0.22653591190892208
15,0.8446001461351671,0.5712618113035475,-0.11556351368789326
16,0.05664029986846186,-0.15667543664780026,0.09364331016323374
17,0.14242855496786253,0.10357946608082624,0.15047032208110517
18,0.1338250005586939,-0.10389032743885279,0.17998320603167273
19,0.06569257756567126,0.10252481065870028,0.15099926014939752
20,-0.7104655651579017,-0.6786769780184654,-0.7349616026896775
21,0.35300764266539936,0.17554883436751761,-0.18912630540933434
22,0.17289626128015148,-0.22880026016149746,0.22929222731475557
23,-0.4423458360189214,-0.5203201265547645,-0.11798453320228962
24,-0.05917697186459975,-0.048549858131579623,-0.0503191171326768
25,0.9670500932309986,0.5442745087446921,-0.3946693017871155
26,0.12964039157826168,0.02594640061738246,0.1497839337275846
27,-0.0652388750236016,0.08647380934118609,-0.11958269090181767
28,0.039478377470709536,-0.16347006735034347,0.08437837808978349
29,0.068357156814984,0.01681262376378556,0.11866151041864159
30,0.001953365797736084,-0.1493819513422876,0.0512581040146252
31,-0.02686780997847582,-0.08556415240023507,0.002304332449597657
