id,h1,h2,h3
0,-0.008042778708185927,0.03108311318555934,0.005265759794770786
1,0.11143680751404045,0.0884378883126786,0.07885021656781205
2,0.039201383406606616,-0.029271364379491502,-0.008060970248865817
3,-0.08641930668566605,-0.04800012503750478,-0.05367340485850702
4,0.03772736167192248,0.03907183269585121,0.07290397598149545
5,-0.053046910244657575,-0.06467381300868064,-0.05640740333831118
6,0.102760451703239,0.07563649280576773,0.08016751151370122
7,0.052047060277561785,0.049556650559375914,0.057295739246155775
8,0.15977626092971986,0.0750459897038992,0.08765837138787541
9,0.02596039232876224,0.030175709913451504,0.022511708632568933
10,0.06788375374533437,0.04415918359731941,0.05363786530655565
11,0.0061803888046703115,-0.03924111268599012,-0.018319776632250317
12,0.05966669114908202,0.06317896460143985,0.05284962263521503
13,-0.005798823642176654,0.03152472146857738,-0.007982542616567001
14,0.11420451127129153,0.03838426181141809,0.07710262458525392
15,-0.5085744981303857,-0.28165357305937844,-0.14484684694047079
16,0.053446964388121077,0.012642645087014348,0.03642863237187449
17,-0.040809399310675676,-0.043996440533730585,-0.06778757363208887
18,0.23036502073849924,0.06935183343050139,0.07141358649359297
19,-0.02730149928258446,-0.053675414875677764,-0.037414236807828086
20,0.06770942427959897,-0.010888571757637716,0.032428437349763126
21,-0.1180299850638481,-0.07975866090971703,-0.10027145694842296
22,0.18281455295291055,0.28222899709388205,0.17188818577738585
23,0.17681508640047483,0.08118114006853627,0.10786051374679906
24,-0.051603518262292314,-0.0535136387789254,-0.06435205822967988
25,-0.5469748484928127,-0.029453301380254912,0.09835987095317657
26,-0.03889503046855408,-0.07340652033305994,-0.08389306016694559
27,-0.07854516624874774,-0.05464606131909716,-0.06521009735482708
28,0.08972492056682724,0.09922526586179647,0.14446972733038466
29,-0.07288735088323954,-0.07333633638557588,-0.05723549444381992
30,0.0352080617150175,0.0015739711750349938,0.004775651938820347
31,0.055709326556218186,0.0341046257435389,0.03728598018415602
