id,h1,h2,h3
0,-0.14263379448895824,-0.02425080994837768,-0.02407774171446394
1,0.17928057568842692,0.18329019066399593,0.1873775153302238
2,0.21611488222742165,0.055200920160265024,0.005983360057530959
3,-0.22006622066452858,-0.0765675910353188,-0.05801564768283646
4,0.16930328899136562,0.04875563228416521,0.04997782029960565
5,0.05352443670789006,0.060022231843918084,0.05996099203260813
6,0.1316992536666424,0.06728542961359568,0.04583366566984243
7,-0.17238621919085317,-0.21875800558575248,-0.2107020811585666
8,0.20404328512891484,-0.3722262159809379,0.3584514280755836
9,-0.13671806668884787,-0.14286222758777092,-0.13047936852475772
10,0.1086633120363375,0.06082270678330831,0.04160772686702219
11,0.1603345827234362,0.03934447049334033,0.036529304464566925
12,-0.17711476676058202,-0.10226033564027782,-0.07665376216493987
13,-0.018934431607572744,0.005658311243568748,0.04703298789545324
14,0.29008525332352186,0.0454143115201867,0.029517338639363865
15,-0.01711685056438897,0.5566472623932143,-0.37346576630575345
16,0.15060848639929408,0.035137754815280337,0.025592878908740346
17,0.12032993568783137,0.0824964394978697,0.09500421547759594
18,0.20440013348166153,0.13342025237499888,0.08340576213858886
19,0.12827565911528488,0.059702566418828054,0.05348372946550192
20,0.3168651181259655,0.06619897848921169,0.03130189260556593
21,-0.12361877704655391,0.02349553483950602,0.04478394769703414
22,0.24851376710924167,0.05833720516828833,0.03701218943964574
23,0.1051055903319763,-0.5161619667081816,0.6990314267879345
24,-0.06098407560806862,-0.05862876788950605,-0.07263754408036288
25,-0.1477975004388346,0.7638328123567367,0.09931898793420729
26,0.11065273614202012,0.044922622796681994,0.04289984180637446
27,-0.22830510051594857,-0.12779623784198996,-0.12108442845288536
28,0.0858021818010089,0.006915932945391001,0.0008493712949061982
29,0.04296944868237462,-0.03285665601319211,-0.028420764570443513
30,0.16153444944150713,0.04928893911555176,0.039485387353924616
31,0.15973958542627487,0.10151326340520606,0.10217240586641524
