id,h1,h2,h3
0,0.055828031112268195,-0.18977396175740724,-0.059153409452936234
1,-0.0944719194658899,-0.05128954394806401,-0.03341299848575524
2,-0.08219330193276575,0.4030477592648536,0.141318959573274
3,0.03714732815254951,-0.27155950266500717,-0.10329303941995771
4,-0.21280968939817013,-0.1647277273674942,-0.2114707192090947
5,-0.08260267041969543,-0.04784247771452771,-0.05196285071273776
6,-0.1503624273088825,0.05492467381346858,-0.06737056244480302
7,0.09796228577833094,0.002553242777024234,0.033957694824457985
8,-0.4565602675440073,1.0521497309042387,-0.21529654255079667
9,0.07480169305965254,0.04301499004224993,0.06073003560096968
10,-0.04831181438833421,0.09162110044618033,-0.01184084320759815
11,-0.0316618632118324,0.2394797986600104,0.09186306690130991
12,-0.059234946495984764,-0.1622928954060951,-0.09338762654222876
13,0.15713183185348906,-0.3164405054006335,0.297561575475745
14,-0.5188401561727776,0.757215942660433,-0.4588047600396605
15,0.2452946397893251,-1.0221427648359591,0.10926564359769411
16,-0.0043636782579791755,0.2503764000471318,0.12742579782942912
17,-0.022080696094304686,-0.010032519410041685,0.02658268612915965
18,-0.04473709073846345,0.2896914763602893,0.10533885893146307
19,-0.03395934825250807,0.042408743376296104,-0.005934993344577699
20,0.09847180957829882,0.4224681733206533,-0.07682229343496566
21,0.16265609427900823,-0.14106122021826467,0.0032788874532547335
22,-0.1559939469775718,0.30754667654919365,0.09107305267274907
23,-0.20023038859174835,0.2651250811131415,0.002345418675517852
24,-0.17062583560931527,-0.15356230270836244,-0.16861399446835024
25,0.4457740728976579,-1.4143533066646738,1.017111465392741
26,-0.006768368003277597,0.1543098567781915,0.07678696123943551
27,0.06499185881466124,-0.09706067798352765,-0.007548323044320654
28,0.025555109907116513,0.2582794163489456,0.13514596324583283
29,0.06013407444713234,0.1496011756335065,0.09472840998359172
30,-0.01567885576156964,0.22741319555951503,0.09330303254658903
31,-0.0678981305330642,0.014807862065760291,-0.02205450519851071
