id,h1,h2,h3
0,0.2280820453830034,0.12974810089003352,0.13494053140720724
1,-0.1120912835256801,-0.09382409127866342,-0.09450745614902506
2,-0.05242673287516131,0.03394155313162631,-0.2369744509587275
3,0.20141706690800049,0.10100862557572035,0.09544268604982853
4,-0.04610039456050671,-0.03412424200263334,-0.029701820954514235
5,0.1008493889732743,0.07335967577253778,0.02241507192401246
6,-0.1298101911924337,-0.03779762738301845,-0.049716170797467596
7,-0.012103629576333846,-0.03199357454939358,-0.04402056856287792
8,-0.35281448444990005,-0.13851190270350103,-0.13403590337668086
9,-0.11988427708602531,-0.1512768954975427,-0.17549548142959437
10,0.009469223596641138,0.031797561464712576,0.0350594957627869
11,-0.10340924072182384,-0.006978191831051916,0.014028372235419806
12,0.1018073673362388,0.01852869896530662,0.026465513548287682
13,0.17725086696772324,0.051109834889722955,0.054826862444923075
14,-0.4063222122478267,-0.17511579863644752,-0.14143687387456455
15,0.41103610679634883,0.14401567519444572,0.14382086669552352
16,-0.18883385839429578,-0.09500533215966006,-0.08516743639661001
17,-0.03197828320515533,-0.012962070904578127,-0.010749021093191924
18,-0.30212067307399737,-0.15570049103544317,-0.12112164778226886
19,-0.032517983393736544,0.004691546427242205,-0.00799727850155138
20,-0.36451278887882793,-0.1305945067311381,-0.09925185567659528
21,0.1073404707924938,-0.08155454808234547,0.06276313144498653
22,-0.18573057791148537,-0.0678896309832302,-0.023501676461103266
23,-0.07141807821937121,0.13970542105663725,0.04010249692761553
24,-0.02312946066178112,-0.01839023334225759,-0.01627515881019953
25,0.19164131871034495,-0.011315026590348498,0.27801333465753053
26,0.016869908108426285,0.023150001709686813,0.050561020717140887
27,0.1255441022231999,0.07341351670873336,0.05262779258267619
28,-0.07944701845242083,-0.0026958418231602457,0.004659732060088871
29,0.01709583998805919,0.008283517105265273,0.04411116082561878
30,-0.15052403876234743,-0.07337260929024149,-0.06941681354270587
31,-0.09803020861340156,-0.06619734241292297,-0.06347676856254325
