id,h1,h2,h3
0,0.22264574648544375,0.23815215355601066,0.16993747550092086
1,-0.0027398099701945455,0.012177389194520993,0.010793955437216007
2,-0.2679336874421629,0.459135543986794,0.15553035220661612
3,0.22984040500052202,0.28690699455499313,0.2108964054523572
4,-0.07292380153559824,-0.10339575259977868,-0.057053519306384914
5,0.07061699411255418,0.1382685676008597,0.07599743644109341
6,-0.07805711332131221,-0.0587061489462985,-0.05602863403574748
7,0.11153526583438861,0.12205094736298372,0.07921517923123708
8,-0.15066251915645135,0.2817343786903672,0.025562093442386274
9,0.1652255787191491,0.22001311752021965,0.08197830626707067
10,-0.12943242107778366,-0.13030010029594416,-0.11892756190498122
11,-0.16737518798382048,-0.19773899110301305,-0.10862677679918842
12,-0.024968372025940322,-0.022276222439384846,-0.017032611269483605
13,0.25674732334342787,0.2706544020352608,0.19109683950504713
14,-0.19264704869029575,-0.05153999518443342,-0.550345095352692
15,0.11551097107190963,0.2631468198562129,0.46843408432284184
16,-0.13969223918944076,-0.14529920976641286,-0.09431790604586604
17,0.09146660917682498,0.12452658605117056,0.06057036104236069
18,-0.214161275227556,-0.25092585256384947,-0.16947219663870594
19,0.029040269771039795,0.03341128035033858,0.03434216615006874
20,-0.31033914169160326,-0.4492063704886529,-0.698713234770223
21,0.3170280143706292,0.3781021494263671,0.24469555508310592
22,-0.1680986447675485,-0.5165818562768547,-0.5626146825511231
23,-0.3545917972845818,-0.40226433986380905,-0.2232493412225024
24,-0.04288623333287983,-0.02591647125002139,-0.02487584456652714
25,0.4542449888362068,0.48624003184725284,0.3235002395473076
26,-0.015829031223656614,-0.009115236794770123,0.003719186716420117
27,0.17635881854382907,0.18710956589409594,0.1319322256289862
28,-0.16145098530245106,-0.1857910426750366,-0.14248719391653816
29,0.035578511502612264,0.022026295187142636,0.05491026924561487
30,-0.23803065825505573,-0.2806097342539534,-0.1738451838196742
31,-0.08945330235255777,-0.1135545880598251,-0.10022274169622847
