id,h1,h2,h3
0,-0.07379381709047797,-0.11846609359579827,0.0030188459646732224
1,-0.08559323910342137,-0.0388277068688242,-0.09661038905836059
2,-0.012290592768417319,0.07579840103362989,-0.15373000532507092
3,-0.058114929732096365,-0.13272011545184553,0.05327750084240962
4,0.04851507736022384,0.016614753414609523,0.09562335742472033
5,-0.14488324186264923,-0.14517134229733314,-0.15536969981435678
6,0.06663339603032781,0.10853276374509119,-0.008647000814862582
7,0.036531274223773336,0.014704601254220406,0.07142053275994137
8,0.006199813749459826,0.06864201245153018,-0.14938365934628323
9,0.004642426992032267,-0.0030227141793873757,0.006397161788482514
10,-0.0175180778289854,0.0016210822007135528,-0.05378911570062195
11,0.010659076258777933,0.05524895085754941,-0.09189424289909628
12,0.028527448834006014,0.017302466381057424,0.07597115399750146
13,0.03136553527807401,-0.013621218603770469,0.14735953102710453
14,-0.15606569120848138,0.6763742507129985,-0.09950748410152352
15,-0.05507410520471612,-1.0614229455620308,-0.5922124741195248
16,-0.054106409923274784,-0.020287054718487796,-0.15304194815542504
17,-0.16783675100205514,-0.15873267155699,-0.18395941370490854
18,0.025283150990995,0.047813709202812416,-0.1121719978227897
19,0.06105912492173393,0.08198227031680771,0.014191749629966832
20,-0.05124170283393609,0.9641144869530929,-0.5872958349854861
21,0.010333645603633562,-0.011827195673709046,0.13683295818960756
22,-0.06451391184045907,0.036340916982945365,-0.220985165479114
23,0.07580950695761213,0.16226676450989452,-0.11573450221477558
24,0.013580907319673707,0.009498564555898092,0.00010870374705951313
25,-0.11863067669995747,-0.2237956509649532,0.08151840513382391
26,-0.013966417268278408,0.006475163569314657,-0.053379513223088065
27,0.0058651761731781105,-0.012435011537952706,0.04683057046594613
28,-0.021436060576951382,0.030086233467957968,-0.0857602401192038
29,0.03827992238762423,0.047474309178663604,0.005079579732504169
30,0.0884477098798707,0.11340443528561506,0.020638322044034575
31,-0.010611448022947334,0.013188551174388274,-0.0532709264083967
