id,h1,h2,h3
0,-0.5152252020345802,-0.5630349984337449,-0.14308976580460597
1,0.3259369231375817,0.33984575646349025,0.10003603668074182
2,0.7845210555510757,0.8651535953501285,0.23280292843379516
3,-0.35756888077143334,-0.3733750980408723,-0.056318573613752504
4,0.06325379264610159,0.08497603579576715,0.06399857843360357
5,0.03679195961121279,0.04683753260491891,-0.0702581226949196
6,0.341704914115461,0.3632394014882184,0.08487829753992404
7,-0.14562120945946672,-0.17318748717900476,-0.01743209245715771
8,0.7387003436096184,0.7657050613537413,0.17699662192427468
9,0.07494282292320248,0.01974964581701366,0.20782606069611137
10,-0.03554977097901896,-0.01705307807916645,-0.009720311879850507
11,0.45475772120174185,0.4910161011334165,0.12971878245651958
12,-0.1779549439969902,-0.2374940596228502,-0.08020927790366902
13,-0.4037755847451949,-0.4082836868726328,-0.1511532178865896
14,0.6427036717269591,0.6428986415695876,0.11954858127582968
15,-1.0717579686380567,-0.12944353662136904,-0.4226391321875147
16,0.28920879576863423,0.2377356568474952,0.06677488642474888
17,-0.08333410176329936,-0.06828879054939913,-0.10968459848054535
18,0.41292314853258727,0.4183822541934537,0.11440747513700708
19,0.14628426110751513,0.217361216279714,-0.014848386678812386
20,0.846973354162765,0.9447733055289721,0.19487001114609165
21,-0.4699800573582057,-0.46016929968527776,-0.1646034904615547
22,0.5281796319378117,0.5472116131492782,0.07752897505076312
23,0.7879611708403647,0.8335398298719743,0.1983699063617804
24,-0.08347708136589965,-0.06096899607893891,-0.1435151521620907
25,-1.0620326181886524,-0.6209415754000269,-0.6595059648405026
26,0.07171907006147793,0.06118893606131566,-0.043286048898595164
27,-0.17126971994000573,-0.07908782033890405,-0.045493630465378576
28,0.23775835119748226,0.23311091023484876,0.04604825166814838
29,0.29392933456601106,0.30673094337279816,0.0877697211606207
30,0.3484472193138523,0.3432333710429145,0.11311379143636555
31,0.1334119788961291,0.13811147822009728,0.0061146997412600546
