id,h1,h2,h3
0,-0.3196493532342246,-0.6148157963817558,-0.562129842873752
1,0.04889953687038017,0.12711241305026563,0.10338916347738387
2,-0.5735317876367831,-1.1527877061597827,-1.0253380211980956
3,0.7802435243992152,1.3165468617579095,1.2077506048077522
4,0.2682566360464178,0.6018095155976791,0.5268001716117904
5,-0.2711221123339005,-1.0302743490283806,-0.8344772242661563
6,0.3506921813870499,0.6265809448093418,0.5842066567556785
7,0.4387910610784055,0.6540371855260345,0.6524233680124146
8,0.28575605601930276,0.31451111694956346,0.34555893950502437
9,-0.11029824652606572,-0.419148495823852,-0.39044889607122557
10,0.7229018579208593,2.7978783596075814,0.9254615630116121
11,0.15903736724230577,0.5350992330819053,0.3674920975944703
12,-0.45034768933489544,-1.0346855545655311,-0.888999178338718
13,-1.1237169788868548,-1.7979255832536571,-1.7165896623812509
14,0.471942710982902,1.601049150279614,1.2417247636820812
15,0.08329029150519812,0.0468675450827461,0.024349217510847843
16,-0.1451484461522662,-0.29110611205232734,-0.25129004891159434
17,0.45753983911744583,1.3640041323331733,0.967881430621816
18,0.42694681972558607,0.620930167488044,0.6269235522675592
19,0.3609510781537552,0.5159047243506705,0.534152246008694
20,0.30918228385131946,1.1936833938359832,0.8412193565870254
21,0.5710912042909749,1.0939714368250102,0.9890432204541368
22,0.1415835646776599,0.14792584777714587,0.1242463774602427
23,-0.8262260298734534,-1.5455799090727749,-1.4911295508666693
24,0.41340698576960966,0.77249576938231,0.708573445334681
25,-0.03199094367048888,-0.0035384484570073482,-0.03397929780850978
26,-0.16786858326383686,-0.38750870872431886,-0.34689284608155263
27,-0.5784579745466454,-1.3369904973414246,-1.1588373302867345
28,-0.2697134315629891,-0.570559656507233,-0.5326319135751794
29,0.18168020968222504,0.553526766539266,0.49292238849987147
30,0.5217861427409329,1.4456518922733703,1.2697729876566886
31,0.01150141031123635,-0.05260457943596352,-0.06232397410846581
