id,h1,h2,h3
0,0.1116427309461352,0.06672822895329389,-0.14598733116668844
1,0.13473680575399508,0.14152780986342628,0.09150507282541426
2,-0.7058210110551024,-0.8609189244678159,-1.4113240018588518
3,0.938607470752242,0.9220676974008115,1.5793382234530553
4,0.18826362177505748,0.20073843792679524,0.19465851899002667
5,-0.5776618864663254,-0.5428779711624319,-0.8175036323413305
6,0.3706704334631655,0.40039058807796535,0.45935098584448364
7,0.5772064967147686,0.6197290515275372,0.917219537669065
8,0.3920847364302653,0.4347729524586681,0.5003655012045449
9,-0.291535984570415,-0.36086610683906484,-0.6380577918267938
10,1.0411415801961936,0.9185177645966497,1.6915435835596497
11,0.29695536367122194,0.35866583664745283,0.4371511159718011
12,-0.3279471392691252,-0.326452585313381,-0.4155096871046585
13,-1.3926042205422124,-1.101831365736981,-1.3407913744461504
14,0.7561758625758319,0.5146158137336736,0.5937736558041047
15,-0.07173705146834047,-0.04057325455059796,0.2165624539838899
16,0.0037534926671384528,-0.002715838505261109,0.2771894590323215
17,0.6017301303538677,0.6898393458323713,1.064215990133331
18,0.6924726803673773,0.778714746265018,1.1386453784991528
19,0.44135228028770007,0.4984324894966391,0.6380344138874361
20,0.671907163203941,0.6462979915385757,1.1951799526844902
21,0.43036779189765295,0.4819212873650197,0.5478487584307807
22,0.1263252035154238,0.1442530031777975,0.23354179752154758
23,-1.2780986757188613,-1.0036908026488072,-1.4536588714427199
24,0.5534419202849615,0.6548307139543816,1.0377628952530635
25,0.01598599588227561,0.03604959530426986,0.1166472100309553
26,-0.1143394619658189,-0.10606181021756783,-0.1633308297404589
27,-0.9740600208574158,-0.8954763862509835,-1.1359538547997585
28,-0.33761377952166655,-0.3290397746306726,-0.30865064234459727
29,0.3545864804657459,0.4398718668064837,0.7396494803224096
30,0.9617041638716394,0.9407992270084856,1.7234430368435956
31,-0.22517301372641318,-0.31484159521252003,-0.5603508118320264
