id,h1,h2,h3
0,-0.301122185631985,-0.12128802803499308,-0.2005673930097686
1,0.17849395140192414,0.0811002133058098,0.1276052750358299
2,-0.6102955683825357,-0.112148429112846,-0.6121140640285512
3,1.2485055138947616,0.4506007330134743,1.378804015927872
4,0.3472530054376231,0.17259250977813007,0.26132347759870184
5,-0.8245318469851814,-0.14144405671802823,-0.9766379996165406
6,0.4194055735440211,0.3187986796818365,0.3688133078416097
7,0.4681121290422028,0.333450810546305,0.3999555369756499
8,0.45808879222141435,0.24512679028452997,0.35931245249686994
9,-0.24720714947271366,-0.14310521596456827,-0.1726595881589758
10,1.1717852243760392,0.26439225241543185,1.3649882095454537
11,0.366652161863661,0.17572003921863233,0.2874497869326728
12,-0.31484387654519974,-0.1721599521358636,-0.23397207614698706
13,-1.5376891743131598,-0.3279484277363314,-2.613894972858343
14,0.7359232048805804,0.18859062573648985,0.7375552731819099
15,0.006802841221901779,0.04324723636574668,0.03065774673061783
16,-0.11300062934965505,-0.060798386143632754,-0.06277532294987381
17,0.747116812765535,0.4304740739443607,0.609725664373522
18,0.6753069619557728,0.5034380928064541,0.5741637936089172
19,0.4779173075688895,0.33473228187680737,0.45165692681322106
20,0.5569382908529887,0.13835648523043292,0.8922294161770156
21,0.6810927286805895,0.4655494581284549,0.5757718505264285
22,0.03387754730655396,-0.013496864472121783,0.021409377328321655
23,-1.6550762098529093,-0.7141296328168002,-1.4046135854434763
24,0.42292869935659105,0.26437053560272894,0.32949487493845964
25,-0.15840906224773682,-0.08886021294498408,-0.14653764213735085
26,-0.04017715835127533,-0.010148034310024368,-0.025016265733593113
27,-1.1093473830609946,-0.36378641495514175,-1.2095807613999825
28,-0.3294858556830209,-0.16808152599742998,-0.31241368205195114
29,0.28624992005528443,0.1226662084038504,0.21589541513368044
30,1.0317177013772505,0.7429151219647628,0.9370577770682781
31,-0.082515590847832,-0.005663430278902315,-0.019899014120006275
