id,h1,h2,h3
0,-0.5849077420740968,-0.596989285636175,-0.6541843999355568
1,0.13244767363767634,0.12032822324404163,0.14611510067774156
2,-0.9211146467828591,-0.9676426443662209,-0.9482935108732401
3,1.7772764380372108,2.0512815858935305,1.959603218394031
4,0.29005648715034293,0.31570629621212243,0.38424977501585605
5,-0.7704126416224624,-0.8072467023820071,-0.9248181527042134
6,0.4534637820017817,0.45151737487839644,0.4623366864570494
7,0.693196686289282,0.720592120822628,0.812305026765139
8,0.7780461949587089,0.8155886305455842,0.8882948299236364
9,-0.3439435098692291,-0.35234467503270905,-0.34498917162789405
10,1.6889915944211076,1.996221782113423,2.0021500373200967
11,0.31813821045462093,0.35216821219451555,0.4179484806470175
12,-0.621946058608251,-0.632898827934288,-0.7292964546903409
13,-2.350932184891251,-2.671656420606412,-2.5137064186309837
14,1.134540311738561,1.176263916969512,1.3599687348816123
15,-0.13739964124413592,-0.16888891514020388,-0.23971637760921183
16,-0.07292419989082244,-0.10177116796466523,-0.16683711645202426
17,0.8711263794565783,0.8737383648787993,0.9365765636590416
18,0.9368873341998583,1.1411747866694713,0.9829683222247296
19,0.3562576029441519,0.33521627415369626,0.4916208736774675
20,0.8120981591609555,0.8285058583400364,0.9266823782426995
21,0.9353430593351055,1.0612324721590978,1.1049159385268799
22,0.04972743831703291,0.054505963359213844,0.03886729720217941
23,-2.214511459816442,-2.434207202558521,-2.3483269242152796
24,0.6705584649407137,0.6828513656309008,0.7277813213699054
25,0.0027894452890863397,0.022190842789214793,-0.021316065623165542
26,-0.2602011079256006,-0.27140274192490427,-0.3071794399411771
27,-1.67436105846684,-1.922425409386104,-1.705153743594595
28,-0.5837750951081482,-0.6006953176186101,-0.7078200576266938
29,0.27122145287714094,0.27102794634035116,0.2800726210995248
30,1.6361558264770213,1.810893022047115,1.7672793953859545
31,-0.07672916804279228,-0.0884838309514554,-0.06156290392336991
