id,h1,h2,h3
0,-0.6926301130523397,-0.6479315399336992,-0.6876935083125717
1,0.11855887739361608,0.11283885344028559,0.1275351359456845
2,-0.9099903499720086,-0.8395203898858067,-1.0298354355617256
3,1.700513465084587,1.3338259987641135,1.8013998137984972
4,0.4220016096071553,0.3520713202913591,0.5092080493234019
5,-0.8785486837014406,-0.5718769699802125,-0.8948591191085838
6,0.6838573001304525,0.5573663684511395,0.8602302887274
7,0.5365810682981219,0.520937103885607,0.5510766200079996
8,0.6407934727845519,0.5756180638434213,0.7477167698084037
9,-0.2750545070863871,-0.24952325130021336,-0.32359522809375163
10,1.771732296654171,1.2946204373998524,1.8858878738108271
11,0.4964375397647019,0.460617440709583,0.5593007496671565
12,-0.7024019105814134,-0.626326571593665,-0.852847234391565
13,-2.547156360916348,-1.7554787234607105,-3.18225451510077
14,1.3594709588881555,1.1013144449578884,1.6035841886447284
15,-0.12255204146243945,-0.1018420254833256,-0.16406147868192672
16,-0.11664672842203196,-0.11346364061625697,-0.15371421741043512
17,1.0788363181129847,0.7707400187609919,1.2257790087589626
18,1.1289883662970988,1.061666257870737,1.282598434046247
19,0.6525514460376634,0.44262064760359615,0.698653984600826
20,1.262479681342969,0.8704491155570504,1.5095665127862428
21,0.8977142761550377,0.579596228845487,1.1200004907076722
22,0.13118059618177041,0.11774776413521629,0.15335577766794967
23,-2.2040763774141134,-1.615184252598394,-3.1360494369355196
24,0.8657766563320507,0.825073022987977,1.001594532777604
25,-0.11593271027111784,-0.11104963787073141,-0.10009230724067475
26,-0.003561850746762907,-0.016472463605740617,-0.010117845096353995
27,-1.8549458283714217,-1.4995802981815207,-2.1287051512386155
28,-0.5692588899739695,-0.45668904152355494,-0.7058167056432831
29,0.4217525554390353,0.37286252486440025,0.510115767634838
30,1.6615849341021134,1.3771360238125459,1.6814850165427204
31,-0.06248496128934794,-0.05142262510285822,-0.06935761360951587
