id,h1,h2,h3
0,-0.547675207937233,-0.5457373550141588,-0.5158267538249032
1,0.23518803216820608,0.22780900033340817,0.21619744658094242
2,-0.6208044767978305,-0.6586571490833162,-0.5058461543202322
3,1.2529460874113214,1.111923494769677,0.5995143965191367
4,0.3867015793936481,0.42303976324751313,0.3190020997795765
5,-0.4858145647499269,-0.5940959742031715,-0.3454332506150934
6,0.48189188392647353,0.4915727007826681,0.37416932287350835
7,0.5820658016260756,0.7722468984835043,0.4187391637201724
8,0.5184435020751315,0.547272332919674,0.4515737746336965
9,-0.2295494797544238,-0.2940613231618609,-0.20674619380189296
10,1.253222306509954,1.2862719420430733,0.7119989580030005
11,0.49422516844263653,0.4987452198036277,0.42943716922023356
12,-0.5349677941152063,-0.6207839180777028,-0.3725427610096156
13,-1.6897185696976573,-1.0964366389716047,-0.15590830023154656
14,0.8434884454932771,0.9837963050297394,0.6158907837548335
15,0.0749029120030063,0.061430660019629546,0.09397018028749332
16,0.06354664635762758,0.05582556268808769,0.08277576514861973
17,0.7352288509204289,0.8395260677298759,0.4174877510896977
18,0.5215056481025928,0.7627905307447678,0.3860443953946381
19,0.38762455769995874,0.4746254534876414,0.2833144493010543
20,0.8259514986280565,0.9265931122742638,0.5104202453883623
21,0.43146099505748897,0.48257523773701866,0.34975960005292306
22,0.03922683722919021,0.031926456891989835,0.06249913579212299
23,-1.5808976766553589,-1.891378327904967,-1.0653417924381463
24,0.37436265331215274,0.6438220419937082,0.3184241056193294
25,0.010271853061604386,0.00025894741201298865,-0.0033204365854774542
26,-0.051152563392312306,-0.07670594195472374,-0.12002735253870706
27,-1.1163910682093137,-1.1276831197769588,-0.7409226446839172
28,-0.4409249926064503,-0.4567275468875003,-0.4666704186624673
29,0.2110611864672371,0.2170569627426005,0.19155315124382868
30,1.0503048970256568,1.0366100833689487,0.6852760757622569
31,-0.11339456217637287,-0.13827180279345236,-0.10382998021256512
