id,h1,h2,h3
0,-0.7133009053381709,-0.7112484809607929,-0.7181636384445721
1,0.2584617651008111,0.24574990870979602,0.23362530506740015
2,-1.0492211879127442,-1.06224247365216,-1.1616963393871733
3,2.228042965754007,2.183472813578204,2.244758521744953
4,0.29959880195304633,0.2993138603690225,0.3347057678005272
5,-1.083266679001416,-1.0872450882812432,-1.2783280502752752
6,0.6540979306227478,0.652422854448697,0.7023339671514899
7,0.6183472008077864,0.6173619079780173,0.7409047495090355
8,0.6311335358965176,0.6335350622309956,0.6436978936028532
9,-0.19168082269619124,-0.18640413464594896,-0.19853462769503877
10,1.8530015574586813,1.7976490310820648,1.8537688560323389
11,0.4519390637869823,0.45382243326516236,0.5026639634621402
12,-0.7123714917046943,-0.7135344566868056,-0.7609864899503491
13,-2.7760155238346633,-2.6312735115975068,-2.8099227976662835
14,1.4514021002047774,1.3287428718794807,1.5259264092629419
15,0.08931930853563363,0.08349996416462008,0.1537068039186945
16,-0.14594200365918586,-0.1288973453710856,-0.17383365886684415
17,1.2386421817007338,1.1634949108843806,1.330422927272711
18,1.0270905092559826,0.964024674222254,0.9952829636959533
19,0.9068472785537836,0.9237329464538016,1.0741459278285714
20,1.083699059442278,1.092593694582772,1.1834242220802986
21,0.977684525779247,0.9843535903701743,1.0111778771993565
22,0.08797351784985208,0.08952064962395057,0.08387418694292764
23,-2.4283395027593273,-2.303513529166945,-2.3703179156882834
24,0.6058643286632628,0.6196144439877331,0.630255779354259
25,0.01163693136720173,0.007646429108809583,0.0187086375030871
26,-0.25129736400650526,-0.2639030213882038,-0.17538133640116643
27,-1.723450975275816,-1.6722368494704811,-1.7617871332140247
28,-0.6617019690411676,-0.6593231257191169,-0.7341954322197073
29,0.314961822804765,0.3342562040011256,0.4120079353898878
30,1.5511386211496871,1.5912596252661944,1.7394342258867934
31,-0.2965381973227955,-0.3297221198677036,-0.34545391715638424
