id,h1,h2,h3
0,-0.439367885271849,-0.3707152810833932,-0.4304733065784044
1,0.1795234050334885,0.17830271078227283,0.18650498060904436
2,-0.6312119402783861,-0.8011653320595121,-0.678552114993727
3,1.3015510927637162,1.2801833523991442,1.3280142033682831
4,0.5446135075092089,0.2933465451352865,0.5151722961669044
5,-0.7734750487990665,-0.670437558864698,-0.6972333542915208
6,0.4490508421358173,0.31841497912603123,0.4206716414311899
7,0.6822981119202636,0.49829954767922735,0.7247993316902271
8,0.43763105692746007,0.4833039425238459,0.3671708900205395
9,-0.13658996185926134,-0.08195317175427888,-0.16444540225306317
10,1.3020594226141682,1.1151632875046618,1.4594108699209878
11,0.19512046222396603,0.24965720978390554,0.1955635641292042
12,-0.6144425509289351,-0.38749743909602724,-0.6449162348907144
13,-1.7757044766532477,-2.2196414590550146,-1.6513980919903994
14,1.0979243535768954,0.6595895255936894,1.0412274388388691
15,-0.21542305143139323,-0.12545916725435524,-0.2007606943314758
16,-0.028308831304085458,-0.013716432977568638,-0.023800488184355956
17,0.741497333819924,0.6996791241392182,0.684932843650977
18,1.0448925589471767,0.46630934935633506,1.0451473214895035
19,0.49524344610474347,0.312187550626635,0.4740428636736883
20,0.7621661072991117,0.7365831742488118,0.692585114750303
21,0.658548521576654,0.44125559511738843,0.6094106363874614
22,0.15868022649770291,0.14703649210483496,0.14717017586333692
23,-1.645151446032438,-1.2385170225453672,-1.8572733310013236
24,0.6158344394559955,0.38858511068030366,0.5948919766577663
25,0.01797541959244231,0.027815704214226467,0.024183667502361533
26,-0.09896030394153472,-0.056754567553591,-0.09777365539576961
27,-1.084971410243731,-1.1540907199699388,-1.2575410271840104
28,-0.3608266297535666,-0.18841435554340677,-0.3557535979172302
29,0.39175591194422865,0.2625867665545571,0.39938931028537383
30,1.0776787750163384,0.6113593310105179,1.4082018999782266
31,-0.12470006612565193,0.003536799611314312,-0.08318360330284091
