id,h1,h2,h3
0,-0.22981421813641714,-0.4079955136395069,-0.6359278929012386
1,-0.14932111905024303,-0.12464135831401493,0.035581481690347305
2,-0.26332600789907556,-0.7190107926992165,-0.7889919237872967
3,0.8729162592470318,1.6641736313454631,1.375754616183025
4,0.1263805824629461,0.3697005698791392,0.34855509811455193
5,-0.23333239271969022,-0.4389962001195296,-0.7058287263552849
6,0.19742051198191413,0.31917660086612193,0.5630995526542387
7,0.31515112460706524,0.7154178496184024,0.575728389262347
8,0.16235840408803054,0.2634452377544742,0.4642430928275855
9,-0.1928695460896428,-0.2692847491336012,-0.34208199248883475
10,0.5717894844532219,1.6321551316116458,1.0173649393941155
11,0.29732394906130616,0.3572606167979574,0.5856895944222242
12,-0.16684202219661712,-0.25789587980962436,-0.6107343984436358
13,-1.2246880109269336,-2.4337570686013064,-1.728715389265477
14,0.5536045036880071,1.048495801181561,0.7938252915479098
15,-0.013364272809852612,-0.024726422985310373,-0.03410111737912788
16,0.013132329243771612,0.04805431961432993,0.00430614774807736
17,0.2830743867318979,0.47681262035326166,0.7532891055218485
18,0.3671070403830361,0.6012511605502424,0.904452113732822
19,0.192005757340362,0.2622095616809965,0.42396532105394097
20,0.39774874863256804,0.869715982179359,0.8578791035485198
21,0.23938370445985752,0.38190105658052054,0.5461319632992743
22,0.05343404825272626,0.05199709132182061,0.0031204729649911694
23,-0.7529497750798592,-2.4079837187842474,-1.8071598733840182
24,0.285155712274207,0.4648962269129231,0.7134872157109198
25,-0.0741844858238771,-0.058252842828246165,-0.21580633313010575
26,0.0030813088932246657,0.023646751290342938,0.004313448296021427
27,-0.6158054826939205,-1.6337570559866552,-1.3272954496499756
28,-0.18415648099465606,-0.27989585724149985,-0.4856442088302135
29,0.14861752792346702,0.2157674659012372,0.24821598495062447
30,0.6168155611437727,1.3656200517365835,1.2822823873480336
31,0.008484156820214445,-0.04632825514954636,-0.03469276380868419
