id,h1,h2,h3
0,-0.8520794522517365,-0.8229724828185501,-0.8757427901169379
1,0.10283275628444453,0.10691605780370907,0.10029273395511018
2,-1.3543652954654974,-1.2600673907756406,-1.3954470959056129
3,2.474525811766907,2.314865470019125,2.6451501964382778
4,0.2569597580393781,0.2589021605872876,0.2646730343006466
5,-0.8881373688417737,-0.7967603125763109,-0.9497566034070688
6,0.6770282086936046,0.6524648636400379,0.6919638379623871
7,0.878981495791562,0.8663065182203351,0.8786897084831492
8,0.8324897789139931,0.8000991898064751,0.8529911256858451
9,-0.49677363708863165,-0.4746838398096119,-0.5182917889182191
10,2.2528043973653324,2.0977672642712917,2.4322486259184513
11,0.4628118330162121,0.45307354063500405,0.42934086906767843
12,-0.6621763258119842,-0.6531091276907732,-0.6866943125874955
13,-3.3342550861185347,-3.0871715085890705,-3.451116718676843
14,1.5079535269158408,1.4516256372765393,1.5071957176016675
15,-0.030343461978852848,-0.04222083855896924,0.012945407836682382
16,0.1169581742258742,0.10293699580301124,0.14324527284204847
17,1.3426194093135375,1.281260636016385,1.3656265388749185
18,1.1917875608972264,1.1108665649189,1.2532237192031974
19,0.9390546634873451,0.9237295404874039,1.0262858425013712
20,1.6523683432834417,1.579515598916467,1.6955882355693772
21,1.1642001101456976,1.1222897917415549,1.1827430574884858
22,0.06570142266341655,0.09950453738395093,0.07341816639253973
23,-2.8066581548384395,-2.7539219287521592,-2.96813931512052
24,0.9251497412031289,0.8941640473805971,0.9535534505863811
25,0.06644407319993981,0.007770302660473419,0.1661883614029342
26,-0.13502646909850485,-0.13850801216333125,-0.10970961695226153
27,-2.173053000945206,-1.9140724065742738,-2.3062273819620316
28,-0.804106561128447,-0.8058262987788948,-0.8064510141018615
29,0.7368155773325559,0.698497322960333,0.7647040594011527
30,2.0482076693029803,1.891116037753781,2.2129440634063746
31,0.12243418885533397,0.05321348936033965,0.11447789129645425
