id,h1,h2,h3
0,-0.6604400375321745,-0.9118086451669479,-0.6732090626369334
1,0.09236821085548277,0.21446540616234167,0.09964214294885607
2,-0.8421043311294647,-0.982513633171111,-0.8521615137724614
3,1.5123870420815408,1.6629912275071563,1.7655477830405988
4,0.33914784173770657,0.48136159688349006,0.3314337827495845
5,-0.6033225244788093,-0.9012998017526045,-0.6159782709101536
6,0.5271648336254775,0.6852322433486547,0.5181065042744448
7,0.7390716766035331,0.9760656493138281,0.7277987684001461
8,0.6729631660404247,0.916400859609015,0.6862000774616146
9,-0.25407915854794394,-0.3293178022622607,-0.2431167317601164
10,1.5717769867131655,1.7395070062236866,1.680101121787068
11,0.3266924926965421,0.4003879863024782,0.3360237883131243
12,-0.6198731102291828,-0.7650261868652426,-0.6341709432429374
13,-2.2043041759106763,-2.9967173757048835,-1.8652226779498386
14,1.1680145120379777,1.5510710519010964,1.1128592938153938
15,-0.12631346951850192,-0.1969047924572161,-0.13133196195361962
16,-0.04348216757837298,0.07766630069692604,-0.08767126675049752
17,0.9015832620180528,1.2306435635844497,0.9234042557103405
18,0.705297123277778,1.0134522833141344,0.7080892848108089
19,0.6972788183413038,0.8689548269636318,0.7183765161912438
20,0.9259288412760714,1.1307089910470323,0.9954803648399915
21,0.8092196195590964,0.8718413045301878,0.8348156882598611
22,-0.09805153016738578,-0.14219076021330293,-0.11740432276804719
23,-2.0543620548650816,-2.042853960325764,-2.0950549546763426
24,0.6548701626945224,0.9139546239568067,0.6260977999307986
25,-0.09838567023808575,-0.10265764162100177,-0.08959745693409332
26,-0.16598025637668196,-0.25427327624719076,-0.16823952851510499
27,-1.5312909033388562,-1.8129491141005212,-1.5134815695526265
28,-0.5419245417867806,-0.7192758590573725,-0.5323413346843556
29,0.4660480295031066,0.4728532347918576,0.49341542355639545
30,1.458238533332033,1.685948512484523,1.3708082173273421
31,-0.07520246201354142,-0.0740013811488513,-0.06820425067964181
