id,h1,h2,h3
0,-0.5386591002315155,-0.5817962667007279,-0.7999264289750084
1,0.0931028569455829,0.1511596718324657,0.21544906896932786
2,-0.5836811700994684,-0.8537247858301784,-0.8889052038094035
3,1.1597194924732548,1.316878209199989,2.172323193468181
4,0.09545078030760668,0.1599532143709773,0.24466403917339719
5,-0.5805721400006894,-0.7519593806743464,-0.9182157654239181
6,0.24627562518239413,0.316458234151529,0.46678467888324443
7,0.39871083205159025,0.5061426729765321,0.8949124682751242
8,0.3003590808828729,0.3859366369119808,0.573656150333838
9,-0.2062216327656804,-0.2622622173598166,-0.3947351147237894
10,1.2936180519456462,1.6356491274215164,1.62546002276438
11,0.23398185105867192,0.26209158970955115,0.37601942778519615
12,-0.27653789463965384,-0.39640705982115315,-0.5513904560361989
13,-1.4685240900321288,-2.0614487321919843,-2.510331232605839
14,0.5724787605039884,0.7149776718807827,1.0967985966602112
15,0.06040641556470505,0.05292980002711259,0.022928438559627007
16,0.0853993360522709,0.08779965647033527,0.008027448849633023
17,0.6998746312412121,0.9547334066498091,1.0149009572462424
18,0.4482832844399517,0.546658524015486,0.8459510336287637
19,0.4165934914443142,0.5215995756032523,0.6633608745912309
20,0.41472722605271956,0.554653939473086,0.9253326190987745
21,0.4314801382822558,0.559292208617542,0.817271936301526
22,0.06053650948117828,0.10960859117446159,0.0984663162619023
23,-1.6436323155449757,-2.305083221833092,-2.240831478723785
24,0.2315957168653806,0.27849770344564667,0.500386874540258
25,-0.07405383742841776,-0.053026336042101996,-0.0714738154218314
26,-0.098580202215513,-0.15445018569290497,-0.23804887499631566
27,-1.080255307123811,-1.5184944170499304,-1.7712124669394749
28,-0.28513621695395375,-0.3721052243220297,-0.527623128036157
29,0.14230227329769363,0.1966741120614584,0.31193003468058356
30,0.7515580883126758,1.325175513975704,1.8332548445964358
31,-0.11317430287118385,-0.13169656757847564,-0.057129951284817126
