id,h1,h2,h3
0,-1.0924671284751093,-0.9993430612373595,-0.9980922896543578
1,0.31585208531477393,0.2839030772736371,0.3055086126924977
2,-1.0410058644499893,-1.0478078347061959,-1.0646868898077086
3,2.265455417440732,2.2033486060865846,2.3263003763884926
4,0.3069952074282002,0.3423314625046497,0.33001654491418175
5,-1.1845083217854346,-1.0835655404370805,-1.0683786122258645
6,0.8369729486473374,0.8017753643759038,0.8189689157760076
7,1.0939873286550683,0.9877704357656902,0.9933600145944536
8,0.621870895534369,0.5995276334847985,0.591968225618804
9,-0.3156419249052768,-0.3470625689192595,-0.3378958315412898
10,2.0107540353825195,2.149654860111508,2.1662757026860464
11,0.7076408204233613,0.642832475005935,0.6460544856395349
12,-0.6259062281657657,-0.5557473093579867,-0.5495974999418524
13,-2.9437064851738173,-3.152472569071906,-3.271551699387849
14,1.4458405597381714,1.6452788685715183,1.5707997293582519
15,-0.07814092308193293,-0.05363438218006897,-0.05646667609041445
16,-0.34824150148408056,-0.25026420648094627,-0.27636883815328606
17,0.920696535869232,1.047359481853771,1.0507194975187564
18,1.0804928303982118,1.0515023223976914,1.089012737266528
19,0.8795822349395859,0.8306114157257082,0.8314797284882853
20,1.3153985421847292,1.1624757100655652,1.1861269069293954
21,1.1933611773046233,1.0870168428632345,1.088005839408114
22,-0.05405748380343536,0.013392398916770104,-0.02203051091818599
23,-2.7613392681409374,-2.868967572835907,-3.0121292838078926
24,1.2940444338271555,1.1621365319552908,1.1908657507388938
25,0.10264988288032162,-0.043011867126375586,-0.02581717377536849
26,-0.5414298365634628,-0.469348191658388,-0.46058331810428826
27,-1.7889765117654743,-1.8911643617339644,-2.0141952319540932
28,-0.4286559073323694,-0.45930363880096714,-0.45433402829466757
29,0.36258364848146063,0.39375574707986155,0.38850706107481037
30,1.8027241838276047,1.87576826439215,2.0467939233799677
31,-0.14458249435290552,-0.1619473830669761,-0.1579144823429502
