id,h1,h2,h3
0,-0.40860924699588663,-0.3985677227997633,-0.4764703869726389
1,0.10314688226800317,0.0989990630339003,0.2148055518694681
2,0.7257052365269415,1.31486663988697,1.8967392673731587
3,-0.6807550790461893,-0.8019913761152467,-1.1337818024395119
4,-0.12221822987091915,-0.13293662276856602,-0.2022959473216572
5,0.1850098567990337,0.1817540637454118,0.08972320780791222
6,0.4481580644490194,0.49284449223605786,0.9431745446826155
7,-0.1094019305787289,-0.11630912441982746,-0.19350636112175976
8,0.9675200992409363,1.617059128043305,1.9823704970461529
9,-0.098757299901377,-0.11594600999867011,-0.23052518582177012
10,0.31459608793975785,0.3829458204125324,0.4074160897017419
11,0.6071720243413985,0.5025832291658756,1.2095286298335437
12,-0.2359414276907881,-0.2458209721532752,-0.4994632345189849
13,-0.5618298262679413,-0.9365261502255795,-1.2759708725814467
14,1.2881656978635672,1.2441877369606533,1.7599243684026857
15,-1.8155836860544996,-1.7610488044910357,-1.5206052876765102
16,0.4533860937729697,0.7118305052662739,0.8149073596364547
17,-0.059359704953328124,-0.058174310657773176,0.09012665384451106
18,0.5221100303606916,0.8338029712558003,0.9848840884235064
19,0.3116980063326258,0.33923360930320706,0.43976771406758713
20,1.1515695790724445,0.62111474269155,1.205070279570164
21,-0.8883724267470917,-0.9894078918367314,-1.7200899609271185
22,1.0492475033369608,0.6325019362146191,1.1455639728342673
23,1.3073832733304147,1.2317329365886884,1.8412017365990936
24,-0.1405671570151902,-0.08595745189387366,0.01914655232830087
25,-1.0224220855340738,-0.9926030578184833,-1.2312397626425562
26,0.23998680920448776,0.31368978602248454,0.4705296218763778
27,-0.36563639018962035,-0.3878065209553278,-0.4467760885911341
28,0.3798963527620395,0.6619330273856598,0.8700956780014797
29,0.22203866387798282,0.2210691091906164,0.386012601615945
30,0.33106710597087774,0.35542903332606246,0.8610531495130532
31,0.27448849167607314,0.3141450971969055,0.5694725968507808
