id,h1,h2,h3
0,-0.4862253400822098,-0.8953866079244047,-0.7444625081629946
1,0.0823090398706473,0.054549796413533524,0.0707427718895296
2,1.5713040219204906,1.6637564521851353,1.0873326306683195
3,-1.0954531019780371,-1.303229246922286,-0.7849660756682562
4,-0.10478584301156559,-0.11568696519500422,-0.18366753250258053
5,0.06110688663880326,0.060278697162720496,0.06279007072084608
6,0.4303396420072294,0.4727094876168898,0.7305645894884419
7,-0.21219851734279055,-0.20807352690290523,-0.26897612456078934
8,1.5762543028563896,2.3676731099810704,1.6358238184411202
9,-0.09234834574023587,-0.1139265125655892,-0.1772692629457191
10,0.3196157373671566,0.30080036659890225,0.43159031492862227
11,0.882484933223002,1.098493959080923,0.8089997927489433
12,-0.1973712380218724,-0.19686992953213656,-0.26805608601767705
13,-0.6997993200014478,-1.115210610197614,-0.895534199433824
14,1.4420053084587054,2.25235815994749,1.9919732857781967
15,-1.721837960477132,-2.427393073836496,-1.794716829776481
16,0.6795431086987588,0.9443208747716721,0.756784645743019
17,0.00208611509968451,0.000362085957721886,-0.010381898773526077
18,0.4887587391951056,0.5777485896296983,0.859139909556973
19,0.21823609980161662,0.2596880895541221,0.41979678876413196
20,1.3817752126769776,2.2146423005622626,1.5483726719563895
21,-0.7135165987691954,-1.15666438262609,-0.8148806985980822
22,1.5364376243719122,1.1233192250737283,1.468800047695832
23,1.4263823739055819,2.116808618403187,1.23409487871233
24,0.07369347311562402,0.07155376887105114,0.08746225421678394
25,-2.284511185007952,-2.132493845458836,-1.7980920964949
26,0.3123859416548699,0.3500334372349826,0.5183048987197972
27,-0.322454285705832,-0.3454125089294086,-0.4897908266531405
28,0.6639999884600631,0.7573479281221918,0.4625717263071069
29,0.14500946257062428,0.15590696765561626,0.2014216799489057
30,0.5396889723305198,0.6434843542119433,0.6269127032746512
31,0.15432149175393883,0.10716113555114258,0.20685624943039502
