id,h1,h2,h3
0,-1.4147460801993756,-0.416826893908689,-0.6700270091558662
1,0.21907511065442872,0.07080111727437946,0.02253531553206642
2,2.1573453864945384,0.9072563782876883,1.440522742598611
3,-1.5820928318367895,-0.5818306610665627,-0.7368510811637009
4,-0.25666889955374594,-0.12234529854677845,-0.11433571910162876
5,0.2173146760739944,0.06672765641815381,0.0491466847759921
6,0.7766626800343126,0.36779611486842123,0.2514630204873671
7,-0.4648851006073723,-0.2664153608607866,-0.18712531085976236
8,2.4508540493956446,1.3963162219233272,1.6062775359013681
9,-0.267777287323569,-0.1453001894346345,-0.10435971521749364
10,0.48942263097947736,0.2558249981863823,0.1614879131276194
11,1.2586069220907645,0.5227175698409006,0.8308973132427131
12,-0.3038209433471477,-0.15812602766938094,-0.09845567451351292
13,-1.334661142423609,-0.6201880738962637,-0.7688781659000594
14,2.4371912337808475,2.0711787959280605,2.3368115844201682
15,-3.371193358758909,-2.4439383963391514,-2.7344251756896623
16,1.0340430126575448,0.7377695545076134,0.5992652445068469
17,-0.11063879498061746,0.011831981167043787,-0.0664657624579196
18,1.5410515713139317,0.6278115718697057,0.8699323817051938
19,0.6073722954475123,0.3062022322932807,0.2349157399963468
20,2.910371295326409,1.6699170985002856,1.6022542185767443
21,-1.7299889014389442,-0.6518365892454074,-0.9942590842648562
22,2.384215081228491,0.9938432658403682,1.163602619488347
23,2.6352807810272694,2.41130196200477,2.319256776820907
24,0.048368114246461674,0.0410385783099525,0.04532349996560975
25,-3.156636251086054,-1.8173426902911833,-2.1505551300528367
26,0.6093788872660727,0.3255784980826957,0.24420192050361011
27,-0.6886483829628646,-0.4229381165948046,-0.33268217088812774
28,1.0328940877259445,0.37777574991133195,0.7731753665573053
29,0.4357335608836251,0.22442494987950326,0.1550893991732439
30,0.8412361447151998,0.3928581134854914,0.26394836724910525
31,0.2930893280924848,0.12584229359629037,0.08334054813307276
