id,h1,h2,h3
0,-0.14853062877586884,-0.18807774411911113,-0.9314154876928082
1,0.156360204480205,0.10596749604406974,0.1659389355735424
2,0.28139044243722144,0.042952125254459905,2.0112801881744966
3,-0.3855465126837384,-0.4549031123902887,-1.117619785033177
4,-0.07223958160283173,-0.05851886761559247,-0.05884904024535351
5,0.05060236543785407,0.08017948090884558,0.08643155939686498
6,0.1754312661094925,0.2994648535313196,0.606225438080662
7,-0.022419379122591968,-0.016412912323370735,-0.07736157829640129
8,0.5643553246766512,0.370460092227997,2.142132470419186
9,-0.08157004969881265,-0.021763666208342136,-0.14178508282091568
10,0.19000406238451478,0.1405523179278781,0.24254798275963818
11,0.21491419630170622,0.12359086482997829,0.36920313225667245
12,-0.07561493817880288,-0.025640204547980328,-0.1511546968135733
13,-0.3911378785417475,0.16183100300720288,-1.242831109232236
14,0.701570587275198,0.868384462337882,1.5317262740786186
15,-1.0815516390318312,-1.2427349117590194,-2.739710372467478
16,0.48978431222440544,0.33322400620063486,0.9458697818864026
17,-0.0028771760114491007,-0.006121188646907694,-0.009208379270250089
18,0.46787995639764746,0.13016380087255006,0.9325092263322645
19,0.11752888103502354,0.12507653967687088,0.22177714751752334
20,0.5856630205613492,0.4252570588464885,2.039718130156365
21,-0.6180087657814343,-0.14794713158966907,-1.2923132546086649
22,-0.057525258164243115,0.3147784615817785,1.2320196456691694
23,0.8709069916247703,1.0984442000641568,1.9812736857441495
24,-0.034226863469539404,-0.04848713960042769,0.007509088683291781
25,-0.7137785763315335,-0.6149807705706398,-3.1839176622242227
26,0.11655793140092685,0.04550686757507205,0.22677275174455536
27,-0.1699698735516682,-0.072903682035944,-0.27979777833562325
28,0.18037585898762898,0.26896651644980196,0.6168181534311168
29,0.1256368536920383,0.07747396837193793,0.20586857602370795
30,0.22529003157161387,0.12747042585975943,0.38270106209868293
31,0.09851111455482085,0.042364782220569205,0.1743588227201377
