id,h1,h2,h3
0,-0.7880129680183453,-0.5213517326182215,-0.7326050006803615
1,0.18647787713491432,0.12514912774413697,0.1822640582189174
2,1.739532214574813,1.6747916438984147,1.3205248833098453
3,-1.0319617825507597,-0.7184977576850913,-0.6559556785466221
4,0.01505605612940103,0.0068254153493116365,0.021836751859555636
5,0.12022909314200103,0.09503014193320886,0.10088894182187114
6,0.6590178096549917,0.42353118672049894,0.5654265264338058
7,-0.27985245928594304,-0.21185715471531757,-0.27075717884336636
8,2.1280640860124174,1.3021785161296409,1.0426531931570948
9,-0.021656519813542385,-0.004974978082007475,-0.03653154121928387
10,0.3375954604725277,0.23150937526254642,0.2977574614813324
11,0.6620191446527242,0.4607063837849702,0.6803896864886843
12,-0.3632312080433754,-0.2505406122655344,-0.31651390580183825
13,-0.9441484058574622,-0.6510621572457068,-0.8481923956771861
14,1.6037027603748553,0.3305258694089229,1.6424622082977676
15,-1.5198637778477775,-1.0999557328457121,-0.20920233622854778
16,0.7052884764034044,0.44606275561141917,0.6230536184088459
17,0.07710274836719694,0.08228323450910802,0.07693541362104434
18,1.037989266215709,0.7316496728678568,0.5010296692133948
19,0.5120005391220331,0.34218585010036473,0.45842832007337847
20,1.8828972689462358,1.435270670285802,1.0338518844522724
21,-1.2246747344143618,-0.8436671465826471,-0.7113273466019776
22,1.6289093305775149,0.525011835333838,1.6610557760848086
23,2.070395638815463,1.4998441933800761,0.7836557645854156
24,-0.06419512432517922,-0.04995080389073606,-0.04699996527161988
25,-2.5760900294696745,-0.3674114111272181,-3.04188238301558
26,0.3376026597320526,0.2526333821009067,0.30906042522557514
27,-0.4023807748442422,-0.29820877211857144,-0.3796146319082795
28,0.8703284285328644,0.5979572151559635,0.3807961505921925
29,0.2382791380773085,0.17301299907593706,0.1981071617559322
30,0.6764730345568943,0.435874524654529,0.5854940142831675
31,0.23719379407734678,0.19670170731270104,0.20190963650809204
