id,h1,h2,h3
0,-0.8171261436651487,-0.7776158833751852,-0.8522625348563801
1,0.10816802995925434,0.16291537271411155,0.10122628388922073
2,1.5506659668345246,1.0536346320876786,1.3261521525425028
3,-1.2735675583228194,-1.0769662352972398,-0.9861469606341793
4,-0.12678824845509348,-0.15047233648062225,-0.14487570223155302
5,0.23401128216681344,0.26412820294682027,0.21885650192211725
6,0.43363210653835227,0.5769302590672334,0.449989538100099
7,-0.07509151772555628,-0.15032525280748216,-0.09342669808484033
8,2.0269269618217165,2.0642312705569017,2.3951135820445257
9,-0.031120415739158747,-0.09738824656745299,-0.0014643634634726177
10,0.38491506932080854,0.5648427670127727,0.41320373793602827
11,0.8605102721770915,0.885293181917574,0.7356004588691708
12,-0.30833764118039925,-0.3778873240460874,-0.3016461977266196
13,-0.9262133080014039,-1.0532678907298823,-1.2674493755745782
14,1.6617669674378734,1.7076918556280556,1.918055876993286
15,-2.0182079451309987,-2.725780949431709,-1.8600569276803396
16,0.6220046792020261,0.9025967717431527,0.6374028987498073
17,0.004077315867143327,0.008411458524287846,0.0012576802488936112
18,1.103688239009835,0.9706526481027512,0.9632819473661522
19,0.3429716926449694,0.4864811821949542,0.3438269452807391
20,2.093022913241539,1.5803890011604598,1.9061365911006463
21,-1.1548937805488544,-1.3119540566765597,-1.1791432667790995
22,1.6601127963245157,1.8274506643862933,1.6613819915363737
23,1.640290412035243,1.5414060997893855,2.088727115370696
24,0.004631053289213316,-0.03563331215773155,0.01789308127439937
25,-2.809639840025615,-2.3422942304825316,-2.7506775348459964
26,0.38837088531944475,0.5612751775001652,0.21064198385097277
27,-0.4267538546329387,-0.5718475371314111,-0.3930728573993128
28,0.5732251120045913,0.8131283975626556,0.5713520567698341
29,0.2707067188435483,0.3082998102786814,0.25830121757310603
30,0.5581087034475678,0.7020304585209514,0.7351587526266138
31,0.275760241751412,0.2750156854688661,0.2580228918550652
