id,h1,h2,h3
0,-1.0654133596193294,-1.9882879920049639,-0.7644433866042699
1,0.21940524560991959,0.3117933008584155,0.24534910378130553
2,2.1028610631147346,2.466856770834757,1.6347661375090876
3,-1.455030064216106,-2.307350275029548,-0.9822516260697911
4,-0.17661127649489988,-0.23156337252839077,-0.19836607188220978
5,0.179241692751013,0.18667993866192295,0.1860461910878498
6,1.0253652971968623,1.3775272582150775,0.9037667192706301
7,-0.41222751088021875,-0.5910223236679446,-0.4770143867382719
8,2.396797353005811,2.8361702125677852,1.9337134165455263
9,-0.10453864885802999,-0.2369454156658839,-0.1566939677410613
10,0.49120704141232685,0.6547839694087977,0.548494112755071
11,1.131872216032044,1.8282057452095928,0.7735105442057282
12,-0.2004224486178665,0.0266595043779434,-0.1479304652511143
13,-1.2412770124789754,-1.7273137777604661,-1.08929179722631
14,2.4641746987651696,2.7288086711890465,2.1217766550621997
15,-3.034065960244123,-4.010891777115037,-2.1447441425782294
16,1.1965083286591733,1.4758879207058213,1.0233258486442056
17,0.09595742834839033,0.07402027997277871,0.09295035031515725
18,1.2591168972536115,1.4081778612799902,0.9461534701482806
19,0.38096374809359723,0.6294150679998971,0.46359138197502336
20,2.8012455930218447,4.1917323193353155,1.4589069757157016
21,-1.7366907342315314,-2.116867289704805,-1.3095316175132892
22,2.195647905330281,2.425958093472177,1.653109278544786
23,2.6718367427082836,3.6356960132387868,2.0614268054376286
24,0.0023378177040059567,-0.029581877282231356,-0.008073090283794188
25,-3.0893570994144217,-3.848044708485327,-2.688754439978078
26,0.4901205862855199,0.637336728788785,0.5273964824307165
27,-0.5408192547435675,-0.9556195413890106,-0.6999293503437396
28,0.9748332292252616,1.2414317155880437,0.8382082251664511
29,0.4066617916165165,0.5886804896328214,0.45829261839291324
30,0.6475490027657331,0.6237917943672552,0.6858982063685971
31,0.30607872711258205,0.49554595611440194,0.3482467229558063
