id,h1,h2,h3
0,-0.30587715257691345,-0.9136279637901212,-1.0674279669461053
1,0.070566743834437,0.14935839996136702,0.13082301672115448
2,0.07828120155151701,3.182106989253136,2.6025207370785
3,-0.4936148255487629,-1.3095134871004417,-1.526876443940493
4,-0.05354989284633062,-0.17750816011108778,-0.22491186285099624
5,0.08134709919092789,0.05311880803627056,-0.046311818473109695
6,0.17649229080552142,1.0330452449635057,1.2228674513790738
7,-0.12074151082231836,-0.20761465844572058,-0.18322802645026223
8,0.5597437958233393,3.6011662224205105,3.280554824238382
9,-0.12327273063677582,-0.1446935238101034,-0.13613594356751588
10,0.2064615425033205,0.6390030745483317,0.796210005770593
11,0.3859218625242644,1.2584491441779204,1.5675553901866315
12,-0.07577073283611918,-0.2111233588905012,-0.1775201417953215
13,-0.07498631402263478,-1.6525817247123347,-1.5757032543180518
14,0.06725967341898467,3.750182487640245,2.4825323557919856
15,-0.08824806983661915,-3.220433411636442,-3.841209061086308
16,0.08804156026995931,1.3484041453191615,1.3531982791899644
17,-0.01360294056301542,-0.21739648313470555,-0.41258638274442605
18,0.39274998712009035,1.2172042041735454,1.4988824098867508
19,0.07903111091892728,0.2270999937485918,0.17564334135499948
20,0.03692831178127304,3.174949942794566,3.3464248605399063
21,-0.041877842334375096,-2.5139711604696204,-2.004895228011496
22,-0.2915727874110172,1.6235210390902126,2.196331647639445
23,0.6519195875095001,3.1536108711664856,2.8352350586263433
24,-0.011805548796071819,0.017788813729999242,0.03735788296729575
25,-0.5154196471896794,-2.8794409335041498,-3.7534099039840645
26,0.061959730189355966,0.1910910430534447,0.13592701699150195
27,-0.12681770811622498,-0.8713274662720485,-0.9761579653380162
28,0.13715371446209101,1.0702644241513735,1.1909773437245736
29,0.17044443098282025,0.4835863105321999,0.7197612631338673
30,0.3075772010816543,0.6978838778236782,0.7582441336912423
31,0.22798545216119726,0.5578442182883908,0.6829580114839936
