id,h1,h2,h3
0,-1.0130073684633163,-1.292799432660265,-0.8793050808215332
1,0.2239574787279854,0.2590682654685462,0.28912772034456413
2,1.5626158214568044,2.041158090393961,1.580508344302957
3,-1.2101992909420818,-1.5491180804528595,-0.9920655313434968
4,-0.09805339375787048,-0.031410218563207803,0.032561173180938624
5,0.15036666997106296,0.15215988469423009,0.18196768692476356
6,0.8843650471451034,0.9184302668539803,0.7457935250870773
7,-0.2976093376491229,-0.2617782373849631,-0.24373236532326756
8,2.2394635233979505,2.6945561906237163,2.139940005102379
9,-0.12098631776743302,-0.06711901521134547,-0.040781845723752166
10,0.470696345552485,0.400961191881704,0.3500795704703403
11,0.8572871950815552,1.346233162448435,0.9711770181612898
12,-0.4191339169242827,-0.4239076939430726,-0.39492567246119736
13,-1.164337322306554,-1.2525680854426013,-1.1798518262998432
14,1.9318596628282263,2.4988360413296764,1.7797780641083891
15,-2.6527782947072156,-3.548726965089632,-2.2614261294311793
16,1.2139553835485608,1.1759877993162187,0.8788415087372147
17,0.0002283296724596151,-0.005530020793653889,0.002316008835152039
18,1.2020984592753254,1.1012665347923076,1.054746169252852
19,0.5492303641100074,0.5248987276817823,0.4998363328029032
20,2.756726376595133,2.9940274044194424,2.0560786567825953
21,-1.4129726113316063,-1.6580870467029332,-1.7487557298667435
22,2.232094051540641,2.710344608265875,1.862135205966269
23,1.7781228990857347,3.3121762121427074,1.3650089808385082
24,0.02255339042735585,0.0003720231618300762,-0.013144948425195119
25,-2.921128414117572,-3.526207496908072,-2.8453252141031604
26,0.4661912091253266,0.41784675077271155,0.3524459389229521
27,-0.5722806491558581,-0.6090770575457368,-0.5770067307251965
28,0.8922491125552843,1.1625917445552378,0.8499887377060829
29,0.3893203170283319,0.3512507170132658,0.31063075477766544
30,0.7136411067661954,1.0657285244399024,0.5875311831754114
31,0.39063259167452946,0.3037435301711341,0.19687471138481688
