id,h1,h2,h3
0,0.23841710677348982,-1.6050185619370931,-1.2573775335909385
1,0.17762598895273707,0.2884921625996097,0.3011438805886746
2,-0.43697620129889697,2.0525794910930575,2.1092002075578007
3,0.17904874039793772,-1.6002456375022613,-1.7021425437593396
4,-0.1110392115024269,-0.1636503537691665,-0.18014530713343532
5,0.1320633690413186,0.19863281301527141,0.2074994008542364
6,-0.14960230395875646,0.9954998124192109,1.0181801507329147
7,-0.10996923446442708,-0.23711879683574816,-0.2802756299537003
8,-0.16608425404626215,-0.24811339598483076,0.032609470769350946
9,-0.04448920104762437,-0.08257012175754122,-0.07079775895493447
10,0.04883027870403994,0.370501512961359,0.4714774058455428
11,0.033661516435388644,0.09799162477681161,0.391962340910723
12,-0.26313483943291227,-0.4511107201197137,-0.4685065788670618
13,0.10134343295710763,-1.2725029331561826,-1.5424261070681773
14,-0.3559620582497292,3.9720866502711356,1.5803734081886773
15,0.31739032979652637,-0.36931993968713034,-1.7194139249013503
16,-0.2469303925474039,0.7516712239877656,1.2118368493403022
17,-0.02488776643858215,-0.019697173014630587,0.0026552892901974823
18,-0.2422930351459247,0.6375926519675565,1.293777440673305
19,0.19218885744397513,0.38823498960991676,0.4339078897078589
20,-0.46565040365914573,5.190523606313438,0.8560314008356025
21,0.21882648274789673,-1.1956601196370418,-2.1565153426950268
22,-0.3173832530592924,0.7705150340125384,2.255147141164845
23,0.012809266598127145,3.7786335884726765,2.668136386687313
24,0.09815219954828167,0.09966198150381869,0.1244488031197076
25,0.4292873130229411,-1.553460688932422,-2.911868217238064
26,0.19045163670254156,0.3269208118176022,0.3902290548974463
27,-0.034476629745921944,-0.6611672859927807,-1.0148951328741984
28,0.007977577506762978,0.8680591045472278,1.1875766731281583
29,0.2430305498101421,0.3875605811210991,0.43936613367271904
30,-0.216946881772453,1.0628774498201847,1.1104884968866966
31,0.12828082285127312,0.283255540497985,0.33066143874920007
