id,h1,h2,h3
0,-0.7644264294135037,-0.7957084918663648,0.22637046770288516
1,0.029816268697355208,0.012412911143391436,0.010321732982035703
2,1.5154191553440808,1.5357015780984518,-0.3862273547810926
3,-1.1629298792877878,-0.9886769094826215,0.3877983525150162
4,-0.1022201970442142,-0.09230635185955802,-0.07004573640488715
5,0.07950441290726706,0.06515537650527964,0.0274545277692938
6,0.7436759492612433,0.6947231267629908,-0.20958243532211734
7,-0.07543036170694686,-0.0755046472874748,-0.04218342323360258
8,1.8834668328625193,2.9798715715687196,1.0812562420660279
9,-0.034629701515072664,-0.0350095479656605,-0.02232256284098391
10,0.2672384633248167,0.19180961302676158,0.09651190879372817
11,1.1154280128431946,0.98758064272787,-0.26178450620291516
12,-0.2170613492908612,-0.16327521589310084,-0.08948933117698768
13,-0.7742572889742804,-1.0728127663491733,0.05922704204008003
14,1.9267126490466409,1.7512242329871486,-1.1273136449474732
15,-2.391238042921145,-2.0052607230650326,-0.11667671751184772
16,0.714912845142987,0.9801260180070435,0.13256130930321658
17,0.06093218844847348,0.052124858813848096,0.04119175120129187
18,0.7683498209865854,0.9167255165524033,-0.1016446320803503
19,0.3025107479720407,0.24783201718842374,0.20713084114134966
20,2.5081967002375447,1.0892526890848937,-0.501200194223328
21,-1.184825491859499,-1.3640490145085096,-0.0009795290307774707
22,1.50223912067717,1.437549154062757,-0.3311751309724796
23,1.792419284853745,2.0288484391776542,-0.9438987765240631
24,0.017404767283188294,-0.02258130264417485,-0.014874448343526081
25,-2.306924590742151,-2.831448609953352,0.28704206396241233
26,0.34699168474044695,0.25268840388799824,-0.07466048029283598
27,-0.4096011834770552,-0.3479219972256471,-0.21141240647576942
28,0.5131502663970215,0.4161190321551641,0.3018615861546729
29,0.2558878510008754,0.17831058482618156,0.16956653724938056
30,0.7191921417782235,0.6685166608754228,-0.023020316584909092
31,0.24535934330352405,0.19501374901943586,0.14068836739786317
