id,h1,h2,h3
0,-0.7104020876002105,-0.840615245853105,-0.5061356188356775
1,0.10675656185272896,0.07602859321446712,0.03435790891713518
2,1.3822594480977604,1.6080206884336166,0.5670149088581081
3,-1.0277057500016225,-0.7154004492916853,-1.0056981580609523
4,-0.11280492391937441,-0.1856807996864303,-0.0486738153875019
5,0.1644996988365789,0.25060020776487374,0.10708505231550108
6,0.6224935575471755,0.7617174760774491,0.31943436409783643
7,-0.1530913734900448,-0.22776380937685542,-0.10676493554538412
8,2.0679509425620863,3.3870363499810927,-0.483871924090257
9,-0.06539685238082024,-0.05236258122585365,-0.04942334065301823
10,0.4201067329199548,0.4097535718214087,0.3003504983158662
11,0.7604600266741895,0.9805736634793946,0.3774483817905803
12,-0.2619178201696714,-0.37166923190367657,-0.07460737196498612
13,-0.7493288281171053,-0.9873151880029091,-0.3670108225095871
14,1.6559520870594164,1.0596904295147367,1.6962212351028192
15,-1.78855029159451,-2.5877093508100217,-0.6935606050201869
16,0.6938246414651681,0.8842030464624822,0.29366787497689806
17,0.11862868190355658,0.07391323627106894,0.10249882128647914
18,0.935884966342301,0.8675546846947984,0.45397380541617827
19,0.27656837998258177,0.5431742578822678,0.03859029762804622
20,1.6699251867080707,0.9417953823722303,1.2121902568750231
21,-0.9413207321690629,-1.1585710427011389,-0.5454610855714316
22,1.625166430990534,1.4362422119597693,0.8733674101473891
23,1.521359891200239,2.1003132713821366,0.12083217448114453
24,0.025508996431640285,0.07020428017510777,0.06845971028082717
25,-2.3497442027364364,-1.087810528970149,-1.5755998032269383
26,0.4816605678664605,0.603258261440766,0.29343670255756477
27,-0.4321936086862477,-0.5955432676586482,-0.18907944457959386
28,0.7095857717938888,0.8635997223824998,0.33379989672138694
29,0.1608660961471714,0.24369381181454294,0.10301233208655527
30,0.665781986166959,0.8018943167914724,0.29014118233313385
31,0.23268158851731668,0.3128451476311741,0.11400832992145671
