id,h1,h2,h3
0,-0.7035507100835161,-0.01616819090506527,-0.7265443823601914
1,0.20920124619572766,0.055519249349695876,0.19994680793290415
2,1.2288983926936514,0.3845676015027982,1.7737100399932444
3,-0.9146508424826749,-0.28612558504534114,-1.3715845981192778
4,-0.04452692492130768,-0.042568080654492094,-0.04405365680324652
5,0.2645459196431731,-0.06307547909864661,0.2595163711763563
6,0.6019425716632546,0.2652049566433924,0.5804717110492874
7,-0.15894943974301062,-0.07771683103188733,-0.1724547306123289
8,1.5831182594777984,0.45139269150634415,2.5271091828832732
9,-0.10473541150534493,-0.05764151149388186,-0.09612168962117168
10,0.38489375013162286,0.1310931788431029,0.36405621207780664
11,0.8118630118131359,0.0030668098013068024,1.0189751758048473
12,-0.42702672417213516,-0.1354777452884225,-0.40295421146277055
13,-0.8855592504542943,-0.1574623207999889,-0.9216902507800521
14,1.636337273581955,0.2651893749684388,2.1475679170790833
15,-2.1261559391280715,-1.380408894462374,-1.4538170272971693
16,0.5919441751570602,0.24360531586375345,0.6647072167622807
17,0.04251634571306673,0.03896515123889782,0.061049065565171756
18,0.7585306007436776,0.14806990335495981,0.9639705021860421
19,0.4116459613388307,0.08010990838151999,0.47016883286031
20,1.560403318634196,0.5209616826771003,2.0657517009477875
21,-0.8553514006014244,-0.09089300481285717,-1.2315325235719576
22,1.406599165636076,-0.07468552290666541,1.7230210702616535
23,1.5389606772533633,-0.04443439995355376,2.4118458586829363
24,0.052228576717190126,0.03220740399214902,0.08825175251450824
25,-1.9359835544925337,0.18458775055690785,-3.493176211690939
26,0.4255745459190651,0.13821518928831808,0.4022074249289893
27,-0.5285851795306824,-0.18277727225950374,-0.5440063249054773
28,0.5727703931218655,0.20318730815576433,0.5461186615332774
29,0.2393660172642133,0.15839971790972568,0.25577907703386216
30,0.7182908601553539,0.0044848094963643725,0.7264221341132615
31,0.33964464939229366,0.024420033639909522,0.28048267192635973
