id,h1,h2,h3
0,-0.473739019247496,-0.35933744296182724,-0.4600501918188801
1,0.1354283634344367,0.09304625888276802,0.12495581998509545
2,1.0940927251241463,0.9681134937170356,0.9524870103185008
3,-0.5495502824067527,-0.3684377874304335,-0.5244416806247846
4,-0.06942627023780401,-0.06611780753573965,-0.10159403691286363
5,-0.02495403394551285,-0.017249731909272398,-0.04745795700529083
6,0.19102355317674632,0.23085466402025828,0.3654478499133996
7,-0.09486355717793693,-0.08351383041138238,-0.09641906927521948
8,1.1329668849607328,0.9266283022045668,1.179685367683699
9,-0.06572236386023561,-0.09278799263521215,-0.06215112418744212
10,0.08174776861129707,0.06455659837921335,0.1218839077024989
11,0.555119311379012,0.5232979050366904,0.477360483135326
12,-0.16678137157817402,-0.12456517402111117,-0.2331370917251186
13,-0.4622166371531964,-0.43125202304638816,-0.568056249307015
14,1.0770171693261374,0.6614858469843937,0.8614615806076695
15,-1.0479075784101413,-1.0071753750451509,-1.1625529727260984
16,0.5318843547063818,0.41535844705670555,0.4072820702186655
17,0.03214512808501176,0.021235034533558836,0.06123624241179565
18,0.7332250747850367,0.4949260994794161,0.42167890956970433
19,0.26713763772060606,0.24868754059038117,0.235187330421452
20,1.1544229328415767,1.2183865762235053,0.8224414495353402
21,-0.689174640774324,-0.5588239403030801,-0.5795253076365557
22,0.7785247084247987,0.7625542300492318,0.770349581975863
23,0.80727504879877,0.9211530141470873,0.9382196542853317
24,0.03316512682476219,0.012003882055175552,0.002006080437702118
25,-1.6295902106021747,-1.4232751407733937,-1.025147619561324
26,0.25273873870975405,0.23395264115485326,0.21238865128767898
27,-0.29443783392129347,-0.2609276326992042,-0.38884358475621017
28,0.5725970793419315,0.41855604692189086,0.4172066725150755
29,0.17454983333291363,0.13995892587484826,0.2265209022982505
30,0.3105936634827248,0.20820841293403652,0.3730367031281636
31,0.14334781597862276,0.1339457309582281,0.16382316794333068
