id,h1,h2,h3
0,-1.2979930567616595,-1.346042112866506,-1.0261180959004041
1,0.3438155774266918,0.39032533749880455,0.33356751736538004
2,2.4313602990895173,2.4802200465825734,1.8691422476601247
3,-1.75206270291473,-1.8538894521605283,-1.306846457227467
4,-0.13268678964261538,-0.15168281367265846,-0.14740738436414014
5,-0.0938107328908882,-0.1297201702957973,-0.05295118306278269
6,1.1106378996011959,1.0888140102548096,0.9066913222754576
7,-0.3715232583742255,-0.39397928816603656,-0.36673663689574654
8,2.8827162232802754,2.8656057084572826,2.3535426678607263
9,-0.3386111516507821,-0.3997496604992915,-0.26499967807158764
10,0.5629737060836624,0.5825550285798669,0.5273055196638546
11,1.549015392407814,1.592715188268494,1.1324392261275282
12,-0.6183390658515979,-0.6178153764690473,-0.5209626848884086
13,-1.5857285649231332,-1.5345348862814725,-1.1871958013065438
14,2.775305749899869,2.871283757330635,2.2848226129406335
15,-3.6764560263862482,-3.7449555467384044,-2.708743310560405
16,1.5227633068764048,1.5966552768608144,1.1372191646514906
17,-0.07128899107021203,-0.14856566488242462,-0.05527922087481041
18,1.6252648704926902,1.7018941432558883,1.2688551305144173
19,0.4516291023994583,0.4077763627387838,0.355647157564314
20,3.2168745278348303,3.1621261044426676,2.5459836394787896
21,-1.913827661445274,-1.997409245293427,-1.5394634586219438
22,2.5883865877393535,2.6996145985096787,1.9806839288942732
23,2.6481620500525827,2.78870964052767,2.157078746761738
24,0.02292946135597207,0.04665626548574081,0.04151337381896869
25,-3.919685010763134,-4.01921425687051,-3.096894329524388
26,0.5244334730096151,0.521939469455462,0.5020916693558236
27,-0.7664012111579185,-0.9059351634346484,-0.7178362338243994
28,1.2834496779785094,1.3056800550981087,0.9412681748224134
29,0.5358965309241897,0.5819185315249246,0.4974072439198595
30,0.9369315690941119,0.8837678845598762,0.7593888730846563
31,0.3071984236878546,0.3299478613983009,0.28575539366864444
