id,h1,h2,h3
0,-0.5511909876262271,-1.114070547835612,-1.7097575586322997
1,0.103430211676217,0.18641509709974402,0.19945474632468982
2,0.9947943530616282,2.5375067661449933,2.8836268813597146
3,-0.7518951237186655,-1.2447525567368476,-1.9642123190773688
4,-0.025944886205461593,-0.3016082381758144,-0.3840238609949465
5,0.14478066074623164,0.21581143511344364,0.23035346051007155
6,0.4923851163696196,0.9698487168667556,1.4297210545667138
7,-0.13111546158876825,-0.1855358265540366,-0.11325451213340648
8,1.4287684300711814,2.342685667385906,3.5195862964191735
9,-0.08892649377925926,-0.20339964903984986,-0.26120137051989334
10,0.27303447102856393,0.6049568934997623,0.6750577421857357
11,0.5289330923342133,1.3743958580276148,1.933123029949078
12,-0.29483086925367585,-0.6916954590056648,-0.9176189777169248
13,-0.4880638458132341,-1.3280913383942408,-2.0058157097132
14,1.290270353523184,2.134384267976966,3.2364943371321204
15,-1.5047204262808838,-2.749798928113849,-4.14375985371127
16,0.45133235402251,1.3558718789085966,1.8338502746210437
17,0.02737109633372925,0.07487303844973994,0.05313626858102341
18,0.7615485047187454,1.4534125347319102,1.8988148239191327
19,0.24681772545467784,0.5147786713254665,0.5470435995179443
20,1.419503537437445,3.3195038095422427,4.101092411839154
21,-0.5731940522263195,-1.8145001211207683,-2.2143146743825897
22,0.8967870571392138,2.319041872300015,3.105117873711056
23,1.236919302660417,2.755456198396365,3.437440566694996
24,0.014389456222097752,0.15720371123002505,0.18556045165939028
25,-1.2473639552163183,-5.083732922486409,-4.493262083737735
26,0.26426831071644313,0.6030884922989165,0.756523078088464
27,-0.32961948069354424,-0.6930737588987942,-1.191268064778663
28,0.4229088054151,1.3283894817290545,1.5806269403586435
29,0.20044443687651065,0.4158571249323836,0.4833698001963707
30,0.6518403427319343,1.0775406955747582,1.5475314842720636
31,0.2116898558967207,0.5526243940475075,0.6915372273610791
