id,h1,h2,h3
0,-0.6935498338737591,-0.8092741625800858,-0.6053687527434152
1,0.19777942262769843,0.2793429037719051,0.19288053673454672
2,1.1263627632836681,1.1015978313122519,0.8274710585376401
3,-0.7067849597468546,-0.9668405959768065,-0.6063226804478786
4,0.09262847783707387,0.14241291394704414,0.1002465682053609
5,-0.0445273850291522,-0.05487441109541804,-0.05419609861359524
6,0.3852143238429786,0.36080197514594436,0.29872838292704673
7,-0.29121172197607526,-0.37236959812288284,-0.2801194810390556
8,1.3175597335081977,1.5099667493231463,1.1462453075060277
9,-0.1309440613969044,-0.13889071151633403,-0.1453297235533931
10,0.096891871678637,0.039519210661464466,0.09622206734086886
11,0.7215178322342499,0.9038373068034224,0.6518418432675714
12,-0.40813871198512325,-0.5665921087247472,-0.3474258465879158
13,-0.6724246302454808,-0.8381291574809754,-0.6168955686659994
14,1.0856482351019348,1.200277505312178,0.7965378162912995
15,-1.1966153432140971,-0.988061038616299,-0.6286120805360836
16,0.604090327010933,0.8011396389134082,0.5880578623452506
17,-0.00720422735170706,0.04135269350093648,-0.005267349224361784
18,0.5866039151899656,0.6836808297244596,0.5203023018665854
19,0.2876118347093235,0.28614737107703736,0.2628031278027458
20,1.2113773412983186,1.2976074325581533,0.7518947123899711
21,-0.6808172494848233,-1.102118437683233,-0.6984259639851765
22,0.901767741092441,1.1424081556471148,0.8629289812702555
23,1.4868824001468837,1.7034395430415992,1.1907040782813065
24,0.020565936363661053,-0.0006815669603189578,0.010423341711927436
25,-1.5595205781195554,-1.9018623176870078,-1.3140925580792984
26,0.478327186754416,0.6006947252565054,0.38126917389151715
27,-0.2736540336698065,-0.28219576231585924,-0.2234600887215193
28,0.6519484593392357,0.7133543165452357,0.5279174217875331
29,0.11024033545882048,0.14875849358448193,0.10080768456585812
30,0.3979898569541829,0.3760538816811808,0.2720788812405256
31,0.07787196149818566,-0.011338768447931066,0.06331005635625332
