id,h1,h2,h3
0,-0.45206763444921017,-0.5979535752432785,-0.5257433373432974
1,0.061079869338263294,0.1808854114611196,0.2111842313393771
2,0.988136018891477,0.9936427939002868,1.1204285571635255
3,-0.7761977509613249,-0.8957235139109077,-0.8107681233252287
4,0.011787232259210356,-0.02178740033957538,-0.033351358938099984
5,0.09583758816705229,0.14810880791196784,0.12086452400894582
6,0.28759613990255856,0.5033677891743138,0.4893411032594912
7,-0.08511088801509203,-0.16651621823746166,-0.17386807078342606
8,1.2477675681786222,1.5189968225389283,1.2984929485253376
9,0.021949954323081,-0.02627980741925895,-0.01944153873602983
10,0.23070180031669985,0.2200846150749383,0.33982913529284975
11,0.6488825377944599,0.5882714340573442,0.6094127334677791
12,-0.15751022099408452,-0.1928933627512116,-0.2784140196924622
13,-0.5643635256339672,-0.5818388397983457,-0.7249991947782143
14,0.8020943003935546,1.1433652159555985,1.2533552293801256
15,-1.1323354279691518,-1.8994605496651538,-1.6763909753090953
16,0.38508235506674404,0.8045355913789667,0.6163283931322725
17,-0.005012889056419334,-0.061825048579565056,-0.04271547922114993
18,0.5344950477819363,0.5454850872733612,0.6993949422206961
19,0.1427498910558102,0.1873056546180185,0.331518112880269
20,1.2067688997770998,1.432198036134444,1.4466912390191526
21,-0.6594693722146032,-0.9627121583569339,-0.9394933667206169
22,1.0102211215273451,1.1741345788929953,1.1641301652266787
23,1.138907876626478,1.5295697084979973,1.3648732365868232
24,-0.02411405476555689,-0.04368433853056275,-0.023068223534887244
25,-1.1402383419507953,-1.9587573545853816,-1.9547697303071332
26,0.21845374678860827,0.15868337840557756,0.29380617308868584
27,-0.18521414523924618,-0.2302262532208087,-0.3158242831023284
28,0.3924390496399417,0.47738469211747514,0.5879656775031696
29,0.014902017513768184,0.16193067356595908,0.22692262271924724
30,0.28216361391187234,0.5507707046523602,0.6238625699458027
31,0.10687883102622908,0.2523638740054057,0.30655152870240154
