id,h1,h2,h3
0,-1.3012103016146266,-1.4768445814496978,-1.2954512074654305
1,0.23737004169020676,0.26201121861097004,0.25090420203560404
2,2.539489968865723,3.2299568686316773,2.2508631524988383
3,-1.631701214949806,-2.138955281343903,-1.7615625068157965
4,-0.12148319203126862,-0.05668973350400791,-0.14129405381338217
5,0.16446877383781777,0.18507342624072026,0.16786791830995246
6,1.085127936142729,1.2762838436373558,1.0515898893518845
7,-0.4561201992131174,-0.5179994883430367,-0.4376902810507184
8,3.041703364751755,3.9606678830203217,3.0708792808178087
9,0.04981198497822672,0.09510573964610156,0.030126551379760044
10,0.5678661715086588,0.6939381232930028,0.5879763660920647
11,1.5191609732101365,1.9018169418266653,1.6092106191349311
12,-0.7987397972325317,-0.9637243603312714,-0.7743636940958173
13,-1.6550035546636257,-2.1077661754499935,-1.8035121133635061
14,2.7628599153399995,3.4007571531576817,2.4642172998720167
15,-3.759374856239045,-4.422871309155421,-3.495106065422504
16,1.4338881553311593,1.8518740823218562,1.5409661223248479
17,0.29477456858394535,0.43257753801998877,0.2596203302917016
18,1.5491883911268969,1.8505600438374121,1.6179994414393233
19,0.6057019453200475,0.6010168057149559,0.5345436401100158
20,3.1595993086268575,3.972838112033858,3.135858328168768
21,-1.7923960331937805,-2.2077130820104833,-1.7598062231978244
22,2.5503404762846054,2.8770426420075337,2.5547290361231334
23,2.9835694235413395,3.5699879484236368,3.271019885440893
24,0.11517042676239492,0.13607007239641433,0.09071635736467815
25,-3.9678923628630716,-4.242500133973196,-3.6933008412079955
26,0.7922668051979564,1.000095667126223,0.7834813782232476
27,-0.9832896595744901,-1.0989376026382172,-0.9280326608904146
28,1.332212898144787,1.6185647426715246,1.3726350416495672
29,0.4743199519711629,0.5422827453430874,0.46601584638858984
30,1.1101719487753494,1.3606726423282243,1.1246270897611181
31,0.48084120238796424,0.5609936203232019,0.478060366448548
