id,h1,h2,h3
0,-0.9343780935207536,-0.8433477721406364,-0.7100535174165813
1,0.3038722183428657,0.26271416394729474,0.25163845148807473
2,1.6569720487496218,1.7168117995060117,1.2733799537750339
3,-1.112102630251243,-1.0953986300074112,-0.9528256805218068
4,-0.06761930433626831,-0.12624785979776645,-0.12037282775034422
5,0.252605366542184,0.23569892166753104,0.22713596342499845
6,0.7109178835364961,0.7995719721952462,0.663550156487251
7,-0.3266336552381183,-0.3162169101429316,-0.29089162922479816
8,2.0235888978469077,2.159623749980139,1.6965972565583316
9,-0.08488317044858686,-0.06079702695312729,-0.052504827555774375
10,0.4075332197671331,0.33373072297104733,0.3186893329364401
11,1.0638483948573876,1.0299613420314795,0.7330808739467567
12,-0.4820510178675707,-0.39434530649394717,-0.34955417451639414
13,-1.1297560344812516,-1.1101988787398904,-0.7768644035934693
14,1.5723478397736788,2.0502271414908364,1.502823692594195
15,-2.2069984191002967,-2.384324027839715,-1.748211148826381
16,0.9106924560132974,0.8242033976237817,0.7667429843411574
17,0.0920860493292433,0.11273419862219358,0.10569752063768323
18,0.9602370829802147,0.9238684221150923,0.7220367016998642
19,0.5028376057269087,0.3978814128220094,0.3876073686071576
20,2.1246453615835827,2.2566522177831994,1.8982360547227328
21,-1.193144618672194,-1.3174478078900405,-1.0573612049980279
22,1.5729714955331062,1.785084790689727,1.4542204238078655
23,1.887531717800436,1.9803467820896887,1.385178355562247
24,-0.01664808872071831,-0.01805362978295863,-0.012599477573062345
25,-2.5954905919784585,-2.9008503684876548,-1.9390239170325485
26,0.7475104880585277,0.6652631387780519,0.5861149726795798
27,-0.5642970150212936,-0.516428535952771,-0.45031399964153707
28,0.7133645932555834,0.8608584391203304,0.5856783617577017
29,0.36902804009966544,0.31991877315028705,0.3021650643174014
30,0.6257375122977564,0.6291003575170955,0.5990340948283168
31,0.3160796290981841,0.29668451317644096,0.2962231742628965
