id,h1,h2,h3
0,-0.4837672874890686,-0.34341937979839215,-0.2726248504357886
1,0.113213807634448,0.10552368729177286,0.10386952937286315
2,0.9973916561931843,0.6035664760898716,0.7400754284123293
3,-0.5275119125035983,-0.5491285140217719,-0.47642244115526783
4,0.0054776868636798315,0.021688654718225668,0.008785723401420698
5,0.13601534194031067,0.176704670706971,0.22429617888726355
6,0.5368641209506503,0.48471891912147264,0.5134105131588368
7,-0.006942246294803722,0.0015485067005088782,-0.03752889564170428
8,1.1867613810877096,0.8016465464086091,0.540224109049979
9,0.024127121896635906,-0.04279448796612806,-0.13778647870158434
10,0.1509494321478504,0.1831060343857148,0.25860916979276843
11,0.6196601299931617,0.5830247035709759,0.42349581662430724
12,-0.25686178253014014,-0.17954020020274808,-0.12558361937140408
13,-0.8286444640593793,-0.3655760532832443,-0.15758373103208131
14,1.1563456302522201,1.0796350747473467,0.663058328146455
15,-1.683038332645399,-1.1746369738116598,-1.001679670722931
16,0.460703266992768,0.4334693017187232,0.6574801147196766
17,0.07876207643211208,0.04637629557994011,0.013407687583649353
18,0.6703032482540014,0.5751721363905866,0.30757198403410263
19,0.20997764099540495,0.2922132229058342,0.33535198691717516
20,1.7252040868367513,1.3501949694682134,1.1851989427024103
21,-0.7049129564905398,-0.5172901248013774,-0.33823313321352005
22,1.162471432741052,0.8016257142529094,0.7250650359075208
23,1.4090684599373657,1.090159006348566,1.037650015323137
24,0.012922978311593725,0.06073906641782767,0.10238822149102783
25,-1.4806059405995033,-0.768010404135715,-0.26750566267513687
26,0.30875730395713075,0.23514289035362723,0.09716168314677662
27,-0.36423092419348724,-0.23540679410962628,-0.20551894423358408
28,0.40050258606066375,0.317584843372782,0.04398819428787604
29,0.21629539364087602,0.14630220179361755,0.08294568321818344
30,0.5035349847026527,0.5623396288802868,0.4529920897940275
31,0.13687940602911555,0.17083178725485246,0.19071865318223236
