id,h1,h2,h3
0,-1.1970271526909284,-0.8523908750125155,-1.226619528608713
1,0.28292444475944517,0.23805130200855418,0.2723237794785097
2,2.1251496763252353,1.8284362293216165,2.468596760432358
3,-1.399447674727216,-1.25447350950046,-1.7531534200751213
4,-0.1397161258667059,-0.12984423638593912,-0.14327666093764446
5,0.176541665075464,0.17724496999026612,0.2365292378189804
6,0.8704382634376946,0.7534733876457573,1.0515271512494793
7,-0.5683116253256083,-0.5543210145502738,-0.5974821864206279
8,2.76263374820971,2.3701635808915307,3.1025709976802824
9,-0.19679587822734812,-0.21072243424046638,-0.18641509209161866
10,0.5172177250830878,0.5607476663538105,0.6676951802447368
11,1.160981111219305,1.1681079591444956,1.4230302391781409
12,-0.6733451066169096,-0.6370232428341558,-0.692049436800446
13,-1.3537358110416018,-1.2561302880199654,-1.5244176863195356
14,2.664095769769091,2.339062234644893,3.0911488910665548
15,-2.843448705286147,-2.02634620807078,-2.753242914375175
16,1.0783116127285621,0.8842831516428805,1.136692698594543
17,0.03755811991949193,0.04086605139145727,0.06043836860894092
18,1.5146718568854276,1.1623507020545194,1.5379809151183654
19,0.6428372943312677,0.525537508781304,0.7099363490561517
20,3.010053568026623,2.4824257525984987,3.028775540303027
21,-1.5567819229779423,-1.3811797942954975,-1.682702587031688
22,2.2602356545869804,1.9954690672645587,2.5344111486890157
23,2.699883366333066,2.5109079807762416,2.951983164805635
24,-0.005003700090569274,-0.00011297484438305139,-0.0037448399951051647
25,-3.1841390962424905,-2.6927357958425517,-3.5858679246357124
26,0.6003230031808248,0.5999033074617174,0.5828696125032358
27,-0.8081473393193821,-0.676592627822066,-0.9206621459674516
28,1.1770535580933614,1.0362509346173758,1.2354352403938005
29,0.3810379260944846,0.4151780086038748,0.4118618114880357
30,0.9184249199302759,0.7892714786974611,0.8864791544825137
31,0.46159774936825104,0.4328452249059084,0.45874736153955853
