id,h1,h2,h3
0,-0.5867619407110514,-0.7685669840218429,-0.845278957736689
1,0.30156667161089346,0.25070463251972364,0.27654125392083023
2,1.0520573016508499,1.4504627648006272,1.4758302039982927
3,-0.7267754082909259,-1.011355258611193,-1.0710120445748854
4,-0.0059775780674790335,-0.01798454941565031,-0.01366013426275503
5,0.19079905139446884,0.15502395929708124,0.17217481294714992
6,0.5547033961877849,0.6209617154442043,0.7455902779467626
7,-0.14850010216151338,-0.08545372249734967,-0.11387607704594518
8,1.3359075740124435,1.5576394504098627,1.8458415560976142
9,0.05532919345375943,-0.0006559139053900487,0.013689543571704405
10,0.2840703015778956,0.32521536730987255,0.3529723929011332
11,0.6448818813725661,0.9014406461747204,0.9580925313424422
12,-0.3382786406826632,-0.34539593817115183,-0.35326226013749634
13,-0.6973454331499359,-1.0475361344250373,-0.9808689801765814
14,1.197155589650563,1.4262763369757168,1.6045895362853861
15,-1.5827368922362774,-2.0101493919673206,-1.8831099308277068
16,0.6934706323205634,0.8059142648661567,0.8041276360027649
17,-0.10806403321034332,-0.07552755475675807,-0.09619461322494569
18,0.6893578626663347,0.8756410772002078,0.8700615244368057
19,0.35425682533856645,0.28794319842658633,0.32859642498666825
20,1.3967878856613782,2.2065310572576333,2.0472349022453757
21,-0.8362458812900337,-0.9636139966147605,-1.0157465535531236
22,1.0226556727420326,1.3339357874703444,1.3834698336311821
23,1.2140083468926561,1.6903604777166383,1.788812087565341
24,-0.053380002303254154,-0.06150423168264386,-0.06889853527558132
25,-1.6817832513370528,-1.9355834487563834,-2.5045579182295876
26,0.36544175248364563,0.3077096289329069,0.33775331792912144
27,-0.5310091115100799,-0.3970575269042683,-0.4397546209954528
28,0.6898954025944946,0.7877851043214533,0.774529114289108
29,0.24565536647696004,0.1961771469164224,0.22028854732510736
30,0.4476155298533361,0.6715371043406422,0.6564661588918609
31,0.21065229950565173,0.20317246253624993,0.20226256267927692
