id,h1,h2,h3
0,-0.8055703977502306,-0.7323578575338482,-0.24870606554746755
1,0.21014487314820357,0.1800964083309275,0.06889015577353619
2,1.4071307289393986,1.1809324018370426,0.4628052855120944
3,-0.7562116028907903,-0.7875114170506144,-0.4584365182150312
4,0.004427709943771174,-0.024226907148395094,0.032678461261722414
5,0.025803703661133437,0.0200249048800622,0.012891366898534817
6,0.5364896268347585,0.48469498225890084,0.2895909147064707
7,-0.4341792174991093,-0.31224042941737307,-0.07962344779313088
8,1.7094096393523739,1.374322249307927,0.7538772126895587
9,-0.28661668408958335,-0.18973625551404488,-0.09068027024108671
10,0.3241185641808693,0.3335112119714927,0.1609917378656513
11,0.7638392303452928,0.8179653336933952,0.3835415669804442
12,-0.15011735623827493,-0.2782964250215222,-0.22094992175061773
13,-0.9254145553206655,-0.9360825765863139,-0.3566060504718235
14,1.4249860193886423,1.3486825761772394,0.6477304313818744
15,-1.837137338638883,-1.6065449089503583,-0.9435465858818839
16,0.7405267278715932,0.7497661633691269,0.42859725854009034
17,-0.11091373455522202,-0.07863608401758018,-0.038021243411006905
18,0.8457986005431323,0.9507575258694533,0.2917913887523017
19,0.3272607668446428,0.25507156252115093,0.07030845622741272
20,1.755269868545669,1.8496224198467157,0.5681665096049937
21,-0.8884616219490835,-0.9262757283767868,-0.47095442548039923
22,1.202956635400799,1.0686286477575346,0.48102676816004086
23,1.4817851069411643,1.5538497442035297,0.6281192721214476
24,0.10099720031924395,0.011356862486016917,-0.02313002241205503
25,-2.0547077698394753,-1.86999524359725,-1.0430980087862038
26,0.7844503464605941,0.6713784549247921,0.38019737936374437
27,-0.6907388321265733,-0.6157044240696774,-0.35594174371289755
28,0.6952030601499226,0.5667690502668563,0.25129201258447365
29,0.2752069989305672,0.2789849119241214,0.19208914103669988
30,0.6894254430736662,0.6213173260766878,0.3732720890432826
31,0.45585172155190173,0.40202591561015566,0.21637838755666428
