id,h1,h2,h3
0,-0.3129507826528334,-0.5466972246149286,-0.8436179144948629
1,0.029886511700453866,0.07978944723375053,0.09168189215426703
2,0.6895549612145039,1.1730974275351018,1.4582448302601467
3,-0.5146338159874347,-0.7980938158491564,-1.0723794431855513
4,-0.10484301999874361,-0.14385943985031874,-0.06035336542520464
5,0.044501729860787764,0.09355839058074261,0.1594821329130554
6,0.3211714583535422,0.48748784857929384,0.5479097007585598
7,-0.03313099565583222,-0.09766013523863351,-0.1350991971610024
8,1.049998215549039,1.4481495158261812,1.6733949514073865
9,-0.043243039178285314,0.02033199323979666,0.022943197273229188
10,0.15002172381186124,0.20970528689805623,0.29437678281529644
11,0.5188291273997252,0.8695949193231876,0.8606966459585548
12,-0.19879692160526907,-0.3614127917010104,-0.38260755256112866
13,-0.4597440840587235,-0.8673504844755181,-1.0376731005441928
14,0.5999013519192806,1.607323984314692,1.7279772968823035
15,-0.9210965975793415,-1.9461355759156544,-2.178557595851792
16,0.43721952040901035,0.8811792840918646,1.0251585361423856
17,0.0970996194660877,0.1339929501626962,0.07946830778629954
18,0.4912817728812636,0.7892090854724465,1.0031934307746002
19,0.1518085895867624,0.28914194579657193,0.3841393500363729
20,1.054150676585635,1.2521406408899396,1.2521179225028836
21,-0.5819190644030097,-1.0122671686693787,-1.0617669267686791
22,0.7716543676208554,1.5977950758511141,1.639648599007058
23,0.8655548783640832,1.4782719056781657,1.7574308620304055
24,0.0885126100162463,0.11850186241676641,0.18714797829788465
25,-1.3795718243496469,-2.0937119380429876,-2.465263407795326
26,0.27072401380403055,0.3347866291707563,0.5230921364659595
27,-0.22505271784396694,-0.3391677435820575,-0.5277626262440545
28,0.303649067605957,0.6414984976602208,0.6628838737939465
29,0.08515711733814885,0.16048778861344615,0.23630307551636365
30,0.28524529091257045,0.4395029691573071,0.46824926841943265
31,0.20031190100584634,0.24684395419528715,0.19573218763455966
