id,h1,h2,h3
0,-0.5795816202649275,-0.43087223325257046,-0.9254258459565015
1,0.09252249227817577,0.056465063568676865,0.0969598197538804
2,1.2929538370863187,0.7670446349715733,0.9795022098656028
3,-0.7783525522747091,-0.5836571945371642,-1.4028525265968221
4,-0.13486030144881778,-0.07881004988438123,-0.15822680771600572
5,0.055088963394187895,0.026920633126194304,0.04989021323936704
6,0.4656472954798196,0.3275061620547832,0.7036020472511508
7,-0.15651044991910823,-0.07689509066398581,-0.16654301523241571
8,1.2227314266121825,1.110298555729777,1.79398864521888
9,-0.09651631849711784,-0.08021123866651475,-0.11179497716841602
10,0.31931193958349546,0.206265327115716,0.34150100513513115
11,0.7134176147263399,0.49209258115020854,0.9617402093967896
12,-0.2985483634188083,-0.22528319269259037,-0.3229036427892693
13,-0.6726861516088458,-0.5466210722107782,-0.8562802687790951
14,1.1914662516403547,0.8712875496984882,1.3935021824041507
15,-1.387234907078494,-1.0830802458455486,-2.9439380546752165
16,0.5300412075907758,0.4527818868624293,0.6760505116650894
17,0.02070552280469502,0.06116920644271527,0.01937040072222569
18,0.5962329927296464,0.6452151384702811,0.7175612486360357
19,0.36285724577066675,0.16251302145498384,0.4338705230190574
20,1.2425674076643343,1.032192000822227,2.2984134356027717
21,-0.8091084249760473,-0.6512130570904139,-0.9852246180673018
22,1.002359497257261,0.8253712858031215,0.8302238371965522
23,1.539358697382595,0.9058210467558303,2.1064373640124794
24,-0.031520373191323836,-0.01346403753776143,-0.017861752531583952
25,-1.592003328180573,-1.2297451961818093,-2.6273961791734086
26,0.3923365891652227,0.19821823666498822,0.45034549380142885
27,-0.5484258562917264,-0.43456960715761495,-0.5673352181678952
28,0.5678299815135122,0.41650019715393066,0.7223297182221912
29,0.2819195187784264,0.17173261763701486,0.27992226734745257
30,0.6216792398120738,0.2354083356706651,0.7445701816626403
31,0.30215200492024713,0.20970469997039926,0.2787744390491588
