id,h1,h2,h3
0,-1.0400856604501414,-1.1706050126632714,-0.8234792304863215
1,0.21911468249069468,0.2238656730453454,0.2732960278298351
2,1.6820463701961639,1.9393860547863668,1.4599934516801563
3,-1.1196093657972253,-1.3286309658374518,-0.9646013677640507
4,-0.14478608112972594,-0.14343315372162735,-0.11537028540708724
5,0.18195986693671334,0.1869894294565383,0.13349379164035188
6,0.6665486174184337,0.7426401502624135,0.5413155792378159
7,-0.1146947251001687,-0.1172100872330527,-0.0944788455161531
8,2.0464687658724885,2.5427717974114117,2.0165321562574885
9,-0.19048923487892727,-0.18184418636340718,-0.2932474357725162
10,0.5105626762513464,0.5131291231351135,0.6448688405119414
11,0.979547062922566,1.1598832391640939,0.8964096470561655
12,-0.48543381718128265,-0.4932933148184946,-0.622174810929673
13,-1.0741804148400373,-1.2015488775441707,-1.0319863008084935
14,1.6616627763400542,2.236740532411013,1.6243965952415147
15,-2.481569471503217,-2.768354854628793,-2.2364896747535807
16,0.9174991731827644,1.0579537626449025,0.760940058228451
17,0.027365908449001164,0.04473600806268191,0.10216135621626407
18,1.079627625316493,1.2098908731298028,0.7295580913970816
19,0.3450967823975195,0.3358964090407436,0.4489489794556484
20,2.0410654837805886,2.4057270155053874,1.7591092961315693
21,-1.2768493530309442,-1.4428376004386416,-1.1003813206696302
22,1.7388726342993477,1.9759601469033348,1.2008994364522911
23,1.9299087360403304,2.4800594279426913,1.8519496481686584
24,0.00961073531906248,0.004076429941944071,0.00791155177627606
25,-2.617692493675955,-3.1083569125607404,-2.3317998057799882
26,0.34855701367174236,0.3428846778110698,0.5017103393395618
27,-0.685720108689393,-0.6871770881616773,-0.8479301253173442
28,0.5696338815912209,0.7860482445987891,0.6162464151023408
29,0.31645853532374496,0.34184228761718677,0.2877600447214507
30,0.734437980926528,0.7755880340842787,0.8282636617560373
31,0.31267289372309726,0.32558059984271454,0.236489704146839
