id,h1,h2,h3
0,-0.9520337603346976,-0.9609684537429579,-0.9518772516873288
1,0.09367274141685927,0.1013983952905957,0.09574290108630315
2,1.4947410936458294,1.503849161531768,1.3006830916035905
3,-0.7243388258606906,-0.7189231810989343,-0.7163060469108783
4,-0.09399906138975844,-0.09734410093488788,-0.08436593665237724
5,0.08196291854820914,0.08757076498946886,0.08182304532697077
6,0.6978288520077018,0.7069698153522127,0.7053351377055347
7,-0.18072198194403383,-0.18463174060506582,-0.17223755425530912
8,1.6117396029242648,1.9430013425274761,1.4605198517090174
9,-0.24451873981924105,-0.24707590876163427,-0.2527944887144431
10,0.26348892558209414,0.27543868240982117,0.26008537162381296
11,0.9082826345239716,0.9700451771319892,0.9059325903711238
12,-0.4831063540673893,-0.48974471096564587,-0.4778452222348827
13,-0.9420569083469529,-1.0577547561425664,-0.7839412518767012
14,1.4139007444749316,1.7030157738097804,1.263845093707935
15,-1.9136197059557392,-2.0426140798483106,-1.8822991174978887
16,0.6506333199470227,0.7736701971247717,0.706969367132918
17,0.05907351698544719,0.07092019645989417,0.058573250069913374
18,0.9279938470339482,0.9436827597395667,0.9252671355113364
19,0.3739799481307242,0.3835647337224468,0.36665015287472275
20,1.7884655356442698,1.803191092658912,1.2942738492708499
21,-1.049054341300676,-1.0614623217373738,-1.0807419622804615
22,1.4609502578216467,1.4632697678611981,1.3035478674024688
23,1.7589926597292846,1.9983310273116373,1.4937733748603528
24,-0.03834477171544107,-0.0451517957142224,-0.05310288203696914
25,-1.9042540251843927,-2.007971872686214,-1.9930936168306919
26,0.42244281587237936,0.4408096439479651,0.41471999821043826
27,-0.7278535362366244,-0.7206062890754682,-0.7287239944050037
28,0.6314634534670971,0.7572564512727137,0.6126938176096371
29,0.17023612588612771,0.18112688493570123,0.1603847758240562
30,0.7177966931770112,0.713480047483638,0.7102384854687026
31,0.2839201506254136,0.29572050287694956,0.2845301401328265
