id,h1,h2,h3
0,-0.9464616742822268,-1.0595081016758645,-0.9961776731664103
1,0.38951532499878394,0.466707418147714,0.4065896177577174
2,1.5107382662156583,1.4456002695962105,1.3801307122073483
3,-1.5671520280660693,-1.806285886594545,-1.6291223284038767
4,0.12497634130824278,0.15437102803851732,0.11708358863899754
5,-0.018577578680043394,-0.05687260000044929,-0.027905535508910423
6,0.8550153682983568,0.9345092918653053,0.870716167621918
7,-0.3699316525129733,-0.41399196553310336,-0.3832701044554158
8,2.009267488369437,2.5384892797840655,2.1456372738187026
9,0.011425523690465456,0.028908243615944212,0.007317188866016733
10,0.509363991653737,0.555223345607277,0.5099847947216377
11,1.3904742503511298,1.5944446221382487,1.4536310619803996
12,-0.6044292136776842,-0.6789215919162928,-0.6196457994130096
13,-1.0054627520689428,-0.9856929771054186,-0.9879530422481799
14,1.7326789553921105,2.319531485730897,2.1152283083775587
15,-2.3214361033894733,-2.2762279073028826,-2.258549675155204
16,0.9168399132717064,0.9681774233655552,0.9319751659517386
17,-0.16210408735242787,-0.24336235327914013,-0.16798722654988424
18,1.1227617385466941,1.3409606800514045,1.1484342864183787
19,0.4298329666056402,0.44299453792039645,0.4328410993277378
20,2.3523357518044348,2.398503468193711,2.4412766987846823
21,-1.325220841274223,-1.4781912531357153,-1.399059359985205
22,1.8017180515920677,1.9457678584159883,1.8184408589335486
23,2.00336252222545,2.1474187353695675,2.173175250958693
24,-0.08296415586151204,-0.13364536493803433,-0.0975669638592759
25,-2.6208515126623,-3.034191409088131,-2.923044733984116
26,0.4377682053465979,0.45575739871506904,0.4349671490400018
27,-0.676163513222052,-0.7410872947429261,-0.6824488330869759
28,0.8437421500561562,0.8977160559729866,0.8766247096139009
29,0.38309869183441086,0.4742095333548452,0.395984930717266
30,0.6342002163345732,0.6349857008709711,0.6472735834437622
31,0.4915514837938925,0.5560134756968974,0.5101258204268553
