id,h1,h2,h3
0,-0.7747440452833476,-0.7509513795985747,-0.7154219727313884
1,0.18397969730311842,0.1730385403909429,0.13439006361341765
2,2.056990221939793,1.9297379256478187,1.540098042725318
3,-1.0151348433574594,-0.9867183573169283,-0.8982111013836377
4,0.24549408169142012,0.21092521000429537,0.11914937881586618
5,0.06051033344111981,0.05353379225536442,0.03405530872943188
6,0.5223307563193815,0.5462298036258675,0.49609567058370835
7,-0.19006553632212317,-0.19395885749309294,-0.19727793676542021
8,2.4163363474159736,2.225778990136262,2.045878585553971
9,-0.3190641409880191,-0.29680485092971853,-0.23938687468845643
10,0.3265434193881431,0.3267970261023416,0.3077696377388502
11,0.956389914185642,0.9633840148774154,0.8979382962189463
12,-0.48228213201766956,-0.4684990688946027,-0.4093357893947115
13,-1.2043196647269288,-1.0793526486426515,-0.9574533975267862
14,1.8874410510199744,1.6685695859698702,1.5818239880116092
15,-2.5155255843200983,-2.379618380092199,-2.1556216135328023
16,0.7653143868994003,0.7427611314328296,0.6824435148218699
17,-0.022219282225663994,-0.024983569432407815,-0.041209961876397305
18,0.8738101076892425,0.8622930187907778,0.8170255835604714
19,0.5208275395094033,0.47934554137914503,0.37346228247160407
20,2.4444397447349364,2.319167482637949,2.026607301119968
21,-1.4859864772533093,-1.4283353758240864,-1.2573419187137125
22,1.8322397874270804,1.6349012304614041,1.4751472741368108
23,2.190945476923134,1.9806485670699148,1.8963398772439768
24,0.18884307444170878,0.18478562297735746,0.13008815706390758
25,-2.7658419279134963,-2.5808547935693036,-2.1435790517602578
26,0.39432322991603774,0.3852508055844322,0.36436133135779164
27,-0.7977092765284821,-0.800409043334394,-0.6559023854411706
28,1.0495100411054343,1.0056399074390994,0.8664530069337074
29,0.4717633605208288,0.4501008767262806,0.37429176246648144
30,0.7077154947446481,0.696089109677379,0.6445168980178211
31,0.5292114578680738,0.5045649141053004,0.40509338828702746
