id,h1,h2,h3
0,-0.8934466353549962,-0.8565050696832793,-0.9391835406924398
1,0.20446209012740924,0.20970752018073485,0.2681070514342226
2,2.070207903578479,2.119931540751693,2.284316489379891
3,-1.479225557638832,-1.4995014914112772,-1.63238450854475
4,0.06326102309285675,0.08199929377641021,0.11712730081383034
5,-0.20153392552525728,-0.22080409456788985,-0.29655863308101404
6,0.9619742128786122,0.9834690195629261,1.0592277110791464
7,-0.4877253592995284,-0.521416497402246,-0.5723761713385213
8,1.4378827449102214,1.6650266832636345,1.640611469471779
9,-0.24335916770527355,-0.24946882940828635,-0.26117875621600406
10,0.5203843081864274,0.5514349854263663,0.6195834412319766
11,0.9219206736589265,0.9295606854222072,0.9872241454393773
12,-0.7571745810253041,-0.7472300686788282,-0.8563296062638792
13,-1.3003518225831314,-1.3287438536296674,-1.4285043268864255
14,1.1570859307143406,1.1213351111788332,1.0543296381053937
15,-1.883871395813323,-1.7378510916922738,-1.5270604055913015
16,0.6107905753374123,0.6203183044001968,0.6114348894758787
17,0.20827723342445542,0.19957551315710714,0.25509668534921454
18,0.897343797185339,0.8974743584622056,0.8849203148203586
19,0.22944981342431214,0.234023090700151,0.21847574558436428
20,1.5770596070865737,1.478375343692772,1.6094340512454761
21,-0.8123478302012228,-0.8188952458826191,-0.7727284376215108
22,1.3814023820198031,1.2145408594867044,1.1637458922716692
23,1.6130488606990985,1.5773869782938559,1.682990142676849
24,-0.04014907292714209,-0.04362453638595204,-0.06895010470804747
25,-2.0448914874366544,-2.040257054012977,-2.0384713794693816
26,0.35596737199561723,0.38742359222430145,0.4651759438538254
27,-0.501601548441976,-0.4816373387676984,-0.43625788981323427
28,1.1686072259658324,1.1809292785378798,1.3067217921330163
29,0.27138901801694093,0.27178411777533407,0.2848177047556454
30,0.7922848377835826,0.800978662782301,0.88060158149154
31,0.5961006183552786,0.6072434000726905,0.6972663312513903
