id,h1,h2,h3
0,-1.1026872694362162,-1.1212251445132426,-0.8177478160878844
1,0.16446924345899455,0.16931794257179988,0.18023164596208618
2,1.6854022807218842,1.7207991187320066,1.0929907165458452
3,-1.1987084758279067,-1.3643399069436732,-0.5990912603006895
4,-0.1265166912536567,-0.12204242247964116,-0.11703292283849964
5,0.010760500485062524,0.021614349615248746,0.006528435479351974
6,0.8652873174462123,0.8907974744796351,0.6756289777012939
7,-0.22124903349888175,-0.22750169167027565,-0.18558299114684684
8,2.0240186853023623,2.098698641545083,1.5533184812184255
9,-0.2936075518549648,-0.2973743041635263,-0.22753850434061657
10,0.5925283564736106,0.6171463806475259,0.37712380304680543
11,1.323104005972253,1.3282858887498583,0.9209572359344631
12,-0.4287202944635429,-0.4471977256313959,-0.29583961310836937
13,-1.2710206784060523,-1.2750450460021963,-0.8872038808259664
14,1.9155020380604029,2.2439527574394917,1.1390574885623286
15,-2.5842781142575504,-2.7897115347397037,-1.9004682909062058
16,0.8143432184288526,0.9353361002532604,0.6790533293355295
17,-0.08471624662544375,-0.08357533720568076,0.0012326126766322026
18,1.0213851292083607,1.084012846585495,0.7070755086312699
19,0.3208807563735619,0.3221694271023361,0.258417767040407
20,2.367890880263247,2.5495596361497017,1.3444127274949458
21,-1.2705681626659828,-1.3073859435833008,-0.8639034675190903
22,1.7987175582304538,2.0245756016179404,0.8042526396102424
23,1.9797573478746744,2.257855024203681,1.1706068039679733
24,0.14863624764787106,0.14712731883003916,0.1292479573971146
25,-2.6343422183071676,-3.1161228578655007,-1.420697371438698
26,0.6821534882800089,0.6887707798026993,0.4642543558486526
27,-0.5100937190118136,-0.5052070824012691,-0.37450767549899755
28,1.029800405856029,1.035101951333161,0.7084108711737478
29,0.15905005515523885,0.18588362724206664,0.20833724425571465
30,0.7276642181371102,0.7955013210665778,0.5760892388916073
31,0.356974618852847,0.36385064304325504,0.2623730672901625
