id,h1,h2,h3
0,-0.5338497261769358,-0.559051949029748,-0.5309284080047156
1,0.14514729251161318,0.22390149824537803,0.2954050584939293
2,0.5362535431805957,1.2618250223357559,1.0693558494003876
3,-0.6587390002737774,-0.8210279714143868,-1.136594052993714
4,-0.03438216606783118,-0.09286510033147582,-0.15650636114154076
5,0.03990855828942208,0.04942950347116504,0.025122273870770928
6,0.44081294393988424,0.5622077508003591,0.691625918166017
7,-0.1947024343008667,-0.2195390630152293,-0.20392554469421337
8,0.5734931364815758,0.7948940009899292,0.4563862301766607
9,-0.09590418202410561,-0.06423679718853059,-0.008189206612641775
10,0.28348395772289,0.3333341730707564,0.3700627608135595
11,0.5140686369660152,0.639725399030286,0.7759064197891089
12,-0.27723632584299673,-0.35139992193343067,-0.4291312668275743
13,-0.5263032580093066,-0.6517017687830273,-0.7922229113575117
14,0.7596344704727491,1.2401525100905653,1.068068816003851
15,-1.0375707191887582,-2.0984368450116815,-1.4272610452416683
16,0.4764105697842664,0.537749520708797,0.4731010377092142
17,0.01809808302531199,-0.00291981605774912,0.014346958682705187
18,0.6030106854622901,0.6819073667824876,0.8631807493357588
19,0.2659479913447608,0.33585392801932507,0.3124793468076209
20,0.4943631104471558,1.4671681907367902,1.337324344911788
21,-0.5210006263289356,-1.1125854221565599,-0.7847963858854947
22,0.7936136890335552,1.3852900037619595,0.9885856454829768
23,0.7128259780905404,1.9943107043252402,1.1053137351229767
24,-0.11155102020109692,-0.10618404011424387,-0.15177927246663517
25,-0.9091389703094284,-1.9925592630390039,-1.542449924090607
26,0.20855996302144675,0.21942938437754178,0.1254272269975351
27,-0.4155059464959925,-0.4616824027949086,-0.45735025112099126
28,0.47801205713106537,0.5147191713704684,0.516880904283779
29,0.20147706606788698,0.24724087136232856,0.15253788886109074
30,0.38490895481817566,0.4753886552869419,0.5177458115216921
31,0.19076087922769205,0.2363357760825942,0.21358781554542303
