id,h1,h2,h3
0,-1.0331558090346005,-1.1057592399295695,-1.0616799928044856
1,0.23081810169101336,0.2162533812808427,0.224449668529155
2,1.5255781942771787,1.9775205272233003,1.6084417331173722
3,-1.5373654171896574,-1.3795244403710565,-1.5207484132926379
4,-0.2779663853962908,-0.24179563963738826,-0.2693409791745365
5,-0.01708274415648864,-0.0036821406717701816,-0.008930350655696515
6,0.8252604452482969,0.8002059944546429,0.7851218870150403
7,-0.1979074854162135,-0.17761693957666952,-0.1990841330192082
8,2.094292029775335,2.241107865266827,1.7677962979825759
9,-0.0013635123815937122,0.009220898609565209,-0.0045732004551938266
10,0.44916679360045647,0.41413956746937336,0.4496105357443928
11,0.9470033514189482,0.9177974425016319,0.9374157383322348
12,-0.3308541440033804,-0.31822693967721205,-0.3240561306854549
13,-1.0740895989812946,-1.2257275827382417,-1.0294652617998161
14,1.9771398651804728,2.049156959833037,1.844913039002217
15,-2.3019221175858844,-2.8166332847616613,-2.2781216252846366
16,0.897747596885611,0.846823335149734,0.8536694416380544
17,0.1009992623478908,0.08380079960359732,0.09901318800421322
18,0.9713636378889884,1.1424283786391258,0.8170721548614934
19,0.49432700100206517,0.4780606758789232,0.49117085266742516
20,2.1601536155300725,2.4651934562868423,2.289061810758339
21,-1.3623837109054764,-1.4402305636041317,-1.3586220105819793
22,1.4842384379907372,1.3035449556561398,1.465774418219912
23,2.0593011069922036,2.2136852249806207,2.0297577183313282
24,-0.07201194627766622,-0.09536362819842845,-0.07789615758652615
25,-2.713015718685724,-3.0379416489892264,-2.387629774312484
26,0.5709278367037156,0.5273231727246623,0.5640675853890029
27,-0.8896538976683259,-0.8026036213637106,-0.9024335822415755
28,1.016456857927052,0.9227317672041191,0.9986591020336462
29,0.5166599601303417,0.44239655665000355,0.5098124268013655
30,0.941609375210954,0.8558805679441439,0.9306892037547136
31,0.33893060889574234,0.3260257223916103,0.34127687710456767
