id,h1,h2,h3
0,-0.305179229083763,-0.47822773577960764,-0.8435660440367567
1,0.09442730044946979,0.09590529592641298,0.10706601504934413
2,0.8199381929730518,0.8804042820261369,1.590395226527937
3,-0.4257778759897682,-0.459671872300512,-1.1334927237753174
4,-0.09554572955979046,-0.10591862967237387,-0.16377947590087016
5,0.07554984635094111,0.09079759356835745,0.15661102986876677
6,0.26980373337184554,0.34461615287620995,0.5240758489701703
7,-0.04963447127244197,-0.040876808008501214,-0.1154856142846851
8,0.830896648204181,1.139453167326168,2.107972650634666
9,-0.060646129023217143,-0.08398199235784608,-0.12889377744534136
10,0.2574119295355171,0.2710078779345525,0.416293126316582
11,0.3499735855370562,0.662355467131867,0.7740738670586793
12,-0.19710840274771413,-0.21760867343784404,-0.27509582805798904
13,-0.5128263445637748,-0.5890159865241053,-1.104547982394442
14,0.7733417775259452,1.096032233860923,2.2466478842578526
15,-1.0395215640494777,-1.4008267141998207,-2.7350204990719233
16,0.4738250789938196,0.557612757839249,0.830112373383056
17,-0.018605409401226125,-0.031063434080837338,0.035021311678656686
18,0.5443745655944019,0.5980731323049546,0.8367504746193745
19,0.2902846069342492,0.2954843304487189,0.4168074146489209
20,1.392029546183156,1.0173631228798772,2.338796252932667
21,-0.5804421819828375,-0.6439796022285171,-0.9163660398811685
22,0.7624561355500327,0.9278446479094735,1.6506984545922434
23,1.2776626229592578,0.6216873867123505,2.6825971725914157
24,-0.06269168918926404,-0.07703029082218293,-0.1256308891792191
25,-1.3529715871749537,-1.3818087595169097,-2.9527359341642323
26,0.20894641197882352,0.2275151657096492,0.32486666973379685
27,-0.24425114184554247,-0.26891477871296343,-0.3705266341862424
28,0.48151901519982654,0.50482285867294,0.8912378737252793
29,0.2333052354712402,0.2578679631095944,0.32802889517364187
30,0.4591990005718424,0.48931716963095107,0.688037184321315
31,0.09816983437259585,0.07642704082985169,0.15715815734773997
