id,h1,h2,h3
0,-0.5844108474415586,-0.8616311976425415,-0.9074531212496821
1,0.170888554866353,0.16109342160321236,0.15032143128962852
2,0.8170689683344603,1.241359396623364,1.407326668273896
3,-0.8155363121856325,-1.1486468163247872,-1.0035943295699374
4,-0.12237062660075837,-0.18822731119781624,-0.10887563385033464
5,0.11225099337416389,0.09788805507852305,0.12164037212715612
6,0.6062321364803366,0.6589641039146229,0.6310327404017487
7,-0.26284604764254227,-0.2848164988796157,-0.2837549921092517
8,1.3044792426480676,1.998449437041734,1.9144836473291174
9,-0.09546611638125113,-0.12634724280398973,-0.10228572877148345
10,0.3685785402455498,0.43854980501349267,0.40950967276202555
11,0.7442237924036308,0.8608269584042693,0.7936947744972943
12,-0.2386385337444355,-0.2930498441880876,-0.2548797241714575
13,-0.6258752214215009,-1.0080404262773033,-1.0481218613430434
14,1.2023199312898776,1.4546289761223163,1.6577234644888386
15,-1.30868430562433,-2.808592715500872,-1.7395742709947632
16,0.7020791669909399,0.7273090880961657,0.718879181781765
17,-0.027164495570768235,-0.03729861087436451,-0.023374288059923642
18,0.536968695196798,0.8774315653928522,0.89644526688575
19,0.2475271428146371,0.31530664259028907,0.2683072284822705
20,1.4856638041453816,2.1102075699549867,2.0615615353884666
21,-0.8378689912558652,-0.944198991542583,-0.8618295747219501
22,1.2230912771096027,1.5658627913394294,1.6255433788202056
23,1.2257255443905477,1.7539181017271894,1.8493193021396634
24,0.030675689723499378,0.04500101381062613,0.03637886419813423
25,-1.4190228494889514,-2.5226077260886024,-2.1351130663366815
26,0.541673570979445,0.6682618746770901,0.5450762784238212
27,-0.41068074100493246,-0.4382931499381775,-0.4159016831082159
28,0.7663873691241869,0.8935766216630338,0.7872154079118691
29,0.2709670609852667,0.3242604511506672,0.281966957062045
30,0.5209655260261901,0.5710691096967098,0.6792012150998108
31,0.2713522925752855,0.31010651091440067,0.2815559217821369
