id,h1,h2,h3
0,-1.1063763926255912,-0.9988787436667825,-1.144595927148399
1,0.19877425137714388,0.18356877799465676,0.18244265687885436
2,2.08109651587277,1.5061928385277978,1.931164369849315
3,-1.2481859044073107,-1.1155395893752782,-1.2766392414029
4,-0.14131627452721193,-0.12833779862434197,-0.17338089421502545
5,0.16185315894067664,0.1470644116840984,0.17175032325863043
6,0.6691310955316436,0.6474437178983226,0.7094829216968263
7,-0.11075915510039844,-0.12433992209431587,-0.08824851272568539
8,2.482326724718766,2.0924302784972904,1.828163182550688
9,0.010939566162263575,0.009438922752152856,0.028563583844011697
10,0.417966073133581,0.3908029359413836,0.43048132141210366
11,1.134271188446305,1.0103731144811294,1.1703412630964647
12,-0.3459338357563305,-0.3330838785316046,-0.3309772815596039
13,-1.3185301475628304,-1.025450379835317,-1.0489621102461513
14,1.8999572583708042,1.4287526216409772,2.1924146583980693
15,-3.032495050984789,-2.5846737062345437,-2.4243852843235887
16,1.0304894987319266,0.8940035843354257,0.9731674027209746
17,0.07702263895563988,0.021023012118952467,0.1057626152554173
18,0.8011715545240188,0.6763861483319322,0.8750924373825868
19,0.48490345492232906,0.44901732401024497,0.4494243362440612
20,2.5286781466617883,2.1235783159217165,2.1136390132344487
21,-1.367039348355838,-1.08523263702044,-1.2506701099193163
22,1.9721610430698095,1.4647270146184237,1.8424284580008146
23,2.2966864039232444,1.7601734605201838,1.8857906671151317
24,-0.043561102390289874,-0.061000437361822424,-0.043935057958416956
25,-2.9831250523958928,-2.4692216345218854,-2.657074573035561
26,0.540164439462457,0.5035581694275001,0.5375110191232791
27,-0.5948171199045971,-0.5312813356477405,-0.6483585117511371
28,0.7319507878071472,0.6899809694636917,0.751684721092768
29,0.4716231058552621,0.41506452443539843,0.495643997160969
30,0.9359667593984116,0.7895665207057816,0.7813924584058595
31,0.340307103440321,0.3333704312970996,0.32849750676962847
