id,h1,h2,h3
0,-0.7937039714022058,-0.6764481189494875,-0.5175230612732314
1,0.24653118776308489,0.2364907025540624,0.1949100405323832
2,1.341017592357095,1.1509250485141154,0.6190056983951009
3,-1.3802149144825195,-1.177782454090301,-0.772676580177452
4,-0.13295804401787326,-0.12150273727673853,-0.08534662587088299
5,0.195096825755338,0.16385453799973754,0.07923288117419332
6,0.8865676087300396,0.7422192545309264,0.47244089191836713
7,-0.34778723440185183,-0.28772458715849125,-0.18219334177935437
8,2.174523228559085,1.5967661696427673,1.2355236228867383
9,-0.15388333043833957,-0.160644123912729,-0.15944511463765978
10,0.403566761131303,0.4014330060951251,0.30018262792373257
11,0.9766585691673444,0.8805888188885838,0.6418550850978177
12,-0.47923808561990217,-0.41507754589038615,-0.2706219210410674
13,-1.0381679883783623,-0.8866527568799648,-0.564083871522079
14,2.1201390897602876,1.4478160684235293,0.8823542948540868
15,-2.520976420401408,-1.9286409594299705,-1.2163639555823926
16,0.8678085623533426,0.8765375551975646,0.7588227084602682
17,-0.02124070251533154,0.009419913713115416,0.017756108716852452
18,0.9821742717568493,0.799780324439229,0.672198007986835
19,0.38561300508743346,0.32698246244755347,0.2582195772108375
20,2.432249268869921,1.9666270313396634,1.2529247005130877
21,-1.1024322529550388,-1.049063712272345,-0.7262637438214101
22,1.6466958623681869,1.4340286355797995,1.1000822561543406
23,2.125322806400563,1.483202733404898,0.9049742713488087
24,-0.024213816579171432,0.015641147913857206,0.05815700508554997
25,-2.4237641731359743,-1.951711571019604,-1.533809756371705
26,0.5209292968922095,0.4351919642955609,0.24919387299781867
27,-0.45185455349254067,-0.4565145138617079,-0.3731204099238842
28,0.8084075752399187,0.6981156766712451,0.5042699047778353
29,0.4013261222599559,0.3619009175776701,0.2446155759058316
30,0.7728264409921848,0.725673711911091,0.5199188376422168
31,0.31640067791726145,0.31466224971938744,0.2160781596560642
