id,h1,h2,h3
0,-0.6867847448677156,-0.48225649983759267,-0.9003363622888672
1,0.047400597151699586,0.03989854902466583,0.03806785834888893
2,1.125541622060649,0.5606643779996245,0.8386039745859786
3,-0.7449739110547786,-0.5290775721426544,-0.7380137686942392
4,-0.07375841554102561,-0.13415154455461556,-0.14367071560031205
5,-0.004637264236280109,-0.004131753706699354,-0.04121057706955639
6,0.49287065821731485,0.2542609614013726,0.30854655942166165
7,-0.10451877887860511,-0.06819403718042372,-0.10572735494565139
8,1.3013692054440078,0.7564530662610353,0.9828896158078644
9,-0.12113256454309085,-0.10072868888284664,-0.11347353098230903
10,0.27118019116788844,0.20447042772202328,0.2933092649540597
11,0.6449950570138812,0.4202077018784024,0.6891364980710734
12,-0.31467968912400235,-0.17133064035204285,-0.23388828741192663
13,-0.6776561794005275,-0.50440792799582,-0.7510994008320557
14,1.236014734113402,0.7261871395143009,0.5254576576896789
15,-1.538202682839405,-0.36597668992240845,-2.0300962851356945
16,0.6612131115396911,0.3209691080654482,0.4523999521933097
17,0.07596646974463928,0.05182503969579433,0.047174830741352536
18,0.5588303174906173,0.4135400786911289,0.6100712032330655
19,0.227053159971152,0.15139883980952168,0.22828989702388103
20,1.3934849070602309,0.5444051016453679,1.3235865981369708
21,-0.7856607206328002,-0.3643872773336873,-0.5376420163466443
22,0.9004689678084814,0.48213758712104954,0.5536409446820207
23,1.279436169116618,0.6637686010630809,0.7856057925291052
24,0.1011525593994877,0.08936043684009609,0.1387896494288064
25,-1.7570243588793544,-0.38239324802515706,-1.4759559853185669
26,0.29792447664472577,0.20768498265605095,0.28870248766865153
27,-0.4370209490899089,-0.31467629288988347,-0.4115875989120228
28,0.6129765851897991,0.43585149480838425,0.6368956307338434
29,0.289144615138614,0.19832569147847753,0.35979000542825085
30,0.4546446127020639,0.29213595391869907,0.47126958040063327
31,0.19565189436397512,0.10160228799250448,0.16415646421383895
