id,h1,h2,h3
0,-0.5701445257639506,-0.6628502999327388,-0.7809402868863543
1,0.020264971688555317,0.07439414259396754,0.20039904200859465
2,0.5083195574353597,0.9715043713114346,1.5107859755837163
3,-0.2982814138846579,-0.8990640317656362,-1.2845111796199464
4,-0.18610091941489032,-0.2668748485122387,-0.45714232627616114
5,0.10575863604954172,0.054947736631387745,-0.10025612883208801
6,0.40304281745256243,0.46859433140581547,0.5536450905719522
7,-0.24167262835082925,-0.2825879907810201,-0.3731781609987005
8,0.5277727059234538,0.735322178976777,1.098076477878605
9,-0.06392537019419864,-0.09552241932596323,-0.1641351450593636
10,0.3490685772105977,0.4161450172331676,0.5779599227438718
11,0.41790849654320533,0.5503894063077505,0.8444180545488664
12,-0.34478987171137065,-0.4003624153402152,-0.5436369077415397
13,-0.462104352387536,-0.844846948160255,-1.2989828089197073
14,0.42984445428795703,1.192454451920795,1.8028470221323372
15,-0.59775512036244,-1.4447873461368133,-2.194752282225977
16,0.49849771796190123,0.6606357041550535,0.9649679450221227
17,0.20767056546983104,0.2748368622296199,0.4366388977096166
18,0.334378912897668,0.6151739525224174,1.129159064855603
19,0.16597843948179447,0.16390484431258823,0.10053756513336866
20,0.33752928494364765,1.3134546061394639,1.6568658495481237
21,-0.7336579905828783,-0.8564406550315462,-0.9148321906711203
22,0.34340913887050867,1.0586492381044845,1.7112671313344046
23,0.533523725544482,1.6761603508766934,2.29599536687537
24,-0.031887486679144136,0.024674585398245297,0.2701395676617301
25,-0.6439298192546642,-0.7602535945412615,-1.2804309443272772
26,0.24774216928975512,0.13758678713585487,-0.19750143120996397
27,-0.41090279059199397,-0.5069987795816958,-0.6499334498061444
28,0.4393402442659932,0.4728300298377394,0.4566001235286251
29,0.21848591290136732,0.20866565326705677,0.17069586528499803
30,0.3538701037637034,0.5584871933846052,0.6990800816653412
31,0.23464951564568343,0.24023772560085055,0.14468279857736394
