id,h1,h2,h3
0,-0.5195998011112597,-0.2926042745376332,-0.11825895975246417
1,0.14311172041324285,0.10922805377599301,0.10939760018122605
2,0.9923807935912161,0.5904830809605056,0.40213286306639684
3,-0.7516934839951984,-0.29504310540535095,-0.21191621257534066
4,-0.03796665980189911,-0.018291848432130775,-0.025565362800822243
5,0.1603010259124144,0.08395673630086709,0.11501139587993392
6,0.423386182136055,0.2740183992729929,0.2965376020459406
7,-0.06008899635934151,0.003372159567666344,-0.024147460161239365
8,1.3779970251435034,0.17027703669111827,0.5277064190357215
9,-0.11509361973599491,-0.0815312933755713,-0.12227604496058253
10,0.20366288352741674,0.10816958136099826,0.1364147214601395
11,0.5624600562077702,0.3517136017729121,0.44799175105214784
12,-0.16931846164080527,-0.12056676485475604,-0.12743199028022778
13,-0.6131059651421268,-0.40548269914304874,-0.43161311917124157
14,1.2077580870932043,0.41650190426943556,0.3298301474163379
15,-1.701477541381658,-0.4511883182362992,-0.5325332198776618
16,0.6239584290243403,0.1996130894686845,0.2955448151804884
17,-0.041648192101625264,-0.04347346478452438,-0.037048215156667064
18,0.6823052349079847,0.24180311207081984,0.33620314845722177
19,0.3179466647965193,0.21832098565636668,0.24641618294754497
20,1.405802519046308,0.33302513136960815,0.7927270838101355
21,-0.9680320462855017,-0.22738079331384392,-0.24718596413301097
22,1.080992250545454,0.3159070593717884,0.46504419301370326
23,1.2171217951335844,0.40219246618176185,0.33983121893024126
24,0.0635196478429945,0.078605954550202,0.0874796359182142
25,-1.600005815552429,-1.0618036543834772,-0.3351100207043341
26,0.2170725448158689,0.14753775942192648,0.16315681064767357
27,-0.3889077819227761,-0.27030901565473997,-0.292228574257145
28,0.3904690461986356,0.2589523321881493,0.3203526364707866
29,0.2487695736581309,0.2084191279640888,0.2031993374798553
30,0.38898018725724337,0.2412154544713459,0.2950611029828431
31,0.24715257226888565,0.20609530658322137,0.22030954892707422
