id,h1,h2,h3
0,-0.8301633990005373,-1.2271504541808385,-1.3985749976363953
1,0.11738644857835828,0.19355700580585147,0.20841454850678678
2,1.1170877640705605,1.6205798439367824,1.8305534482445986
3,-0.8517254374842813,-0.8944693967904904,-0.8129507002487864
4,0.03200880844378434,0.09740363756470166,0.10752691305154494
5,0.007414648451980768,-0.16687824654074856,-0.22486349086727536
6,0.49208688305710335,0.5702338696833149,0.6027807726163058
7,-0.17631662069629453,-0.2518356960678969,-0.27758528587621134
8,1.573038702872637,1.4244999983254873,1.291750494978539
9,-0.06948960775297154,-0.11724139802224555,-0.1360266092945459
10,0.2548293885113082,0.33972014155843583,0.35195354086158837
11,0.6004907895800842,0.7177021508704831,0.7721749204212278
12,-0.2284255635776834,-0.3750930131118075,-0.46639011265909436
13,-0.7443944086729035,-1.1293075302209556,-1.1587692590954637
14,1.4337721129950143,1.974953561232215,1.9508444459204237
15,-1.8529479894881002,-1.955254089253193,-2.084226838196612
16,0.5500883476756289,0.6463174033633219,0.616321656363014
17,0.12711418238401997,0.16233952348528186,0.20658633123477696
18,0.8197923252144743,1.083625895513911,1.186664462845977
19,0.35811985681576586,0.4719855234681883,0.5245092867437862
20,1.649527032703849,1.818283594650925,1.981928130743928
21,-0.8681188028450885,-0.7177889397639854,-0.6319071542378617
22,1.3485450754290786,1.3333861289732856,1.1767722412857882
23,1.4161759589879779,1.7253917593217063,1.8242598020591159
24,0.1300261215780994,0.18251345980438305,0.20792859301547456
25,-1.7911596696541885,-2.414491755670967,-2.235748479909902
26,0.3464235231491416,0.36536734921352065,0.3260590303341848
27,-0.4155100501378752,-0.4229512161034911,-0.3771376782916584
28,0.5298246690869814,0.8219658140650294,0.8762295212197427
29,0.18977485582204479,0.29689608812565293,0.3411764743018829
30,0.6126653091156836,0.9032805782432463,0.9951459071792621
31,0.2520463250591114,0.26138779369505105,0.28642342573967877
