id,h1,h2,h3
0,-0.9247268783239835,-0.9260718671017418,-0.8335894909523706
1,0.06373193384364602,0.05962772308513177,0.10572788769625174
2,1.8886792699262653,2.263015775269065,1.9053573886094588
3,-1.3110291213859706,-1.355595533600591,-1.1511750559613811
4,0.08158719284634222,0.07657349023985835,0.05769398861007871
5,0.04616155709261287,0.0730294904557951,0.10148303952278293
6,0.6840144519033198,0.7359973493037786,0.7749032590755772
7,-0.17351637758695893,-0.16562928753098483,-0.184950808959307
8,2.40172406318867,2.8900359125584476,1.8233139032048582
9,-0.32898065742928667,-0.3362136678853139,-0.21553355805267493
10,0.41811201531049036,0.4300176990899632,0.325865964906323
11,1.2989788997851897,1.3163681746879834,1.1194366120239256
12,-0.520388966142681,-0.5259370589023526,-0.4432355605027903
13,-1.2341149805700287,-1.2517373230373305,-1.082197824829055
14,2.1011266900018644,2.8315074805613945,1.2931268917499572
15,-2.348510620140397,-3.2848341082269954,-2.1718979533038656
16,1.0306728331423582,1.0271279635577297,0.9303724759495734
17,0.24330138868319323,0.2561323942346826,0.1857251289760133
18,1.1468427018652259,1.3571553172025301,1.127995199447452
19,0.5693920763117701,0.5881468513110945,0.5176986290130583
20,2.3353000973477784,2.96263914499257,2.048522673525843
21,-1.45138890444426,-1.8257005375471815,-1.3426122117978807
22,1.524413361308513,2.1395437244334827,1.4669610431144084
23,2.109316832562244,1.9484544508946722,2.0683144661197037
24,-0.11408840857750471,-0.1124424615849856,-0.08675703422031215
25,-2.526671909384941,-2.1673577733525597,-1.7425449341071153
26,0.6509515670015941,0.6402417336996024,0.5712462601483083
27,-0.6974499217087893,-0.691158112485635,-0.5889313961136675
28,0.912368963333988,0.9297109863956017,0.79617891526007
29,0.41282878111313187,0.40926602403527396,0.386780723354659
30,0.8126099181141303,0.8068113179946487,0.7595012420799322
31,0.4364077332025941,0.44614035334395075,0.3885518344616036
