id,h1,h2,h3
0,-0.5828609392688588,-0.6193521525706405,-0.8999138502108338
1,0.12223922751626495,0.14523622257994978,0.2147923210304117
2,1.2626849082858398,0.886776961198287,1.55695182684782
3,-0.8754519477738006,-0.9672691393464997,-1.4093319972399387
4,-0.03522112761210272,-0.045010683736576296,-0.13552237427837788
5,0.17573026265799543,0.2111546468807527,0.32105085124324867
6,0.486528283202333,0.5099062936998122,0.6458636773452204
7,-0.06120704236221913,-0.092333920949069,-0.07743147315802246
8,1.6243666503940344,1.2443206492313104,3.27302898779855
9,-0.12623042814529162,-0.13730110964053938,-0.2884555938856036
10,0.394140882657251,0.4877939853849427,0.8361166004210294
11,0.7779914347643828,0.626761884437227,1.0865533518426653
12,-0.2687876415566785,-0.28299318154126973,-0.6841362344901166
13,-0.9121171269386483,-0.6903717757206064,-1.0407779393265493
14,1.4147207192904578,0.9717729269078127,2.3725041770105495
15,-1.9684694206989568,-1.553212587277275,-2.066417867216444
16,0.5602911030795099,0.577921470969115,0.9861847075744052
17,-0.04276657096827291,-0.08013159462756464,0.04229189109001563
18,0.6256168923466313,0.6835491879587399,1.149454308612278
19,0.2283520216016266,0.26355744765056555,0.3775709298827807
20,1.6772918050569943,1.1751927363417627,2.1264775755886336
21,-0.9966187977520102,-0.7426618176419886,-1.1768848368928766
22,1.2877406393699848,0.9142762960593622,2.1141080089141924
23,1.6265037131150584,1.0316575849824243,2.574778993469242
24,-0.023185674870762896,-0.015746991896084472,0.03441652587133276
25,-1.9828474907438722,-1.4211017432681525,-2.888340761099029
26,0.19825245743437192,0.23951856733546145,0.4419340554384759
27,-0.4311092404266795,-0.45244620001975877,-0.6497829568955409
28,0.5166509702668707,0.5244690146920076,0.6992364607577798
29,0.1300792585166468,0.13223201609017,0.18755300513848738
30,0.4858646525333575,0.3723724531151887,0.610470992871298
31,0.28219533617173514,0.30142634104084376,0.40771907251092754
