id,h1,h2,h3
0,-0.597860649297576,-0.7252649256218344,-0.7801296847713194
1,0.20069264004601262,0.2052803263519492,0.20391043048730018
2,0.9434338008488204,1.514912824753843,1.1646332422304886
3,-0.8279479565840819,-0.9335934888857109,-1.0050804583199715
4,0.013107626825210772,-0.009182362710375036,-0.015709056778175023
5,0.01782756345715719,0.023794339212001275,0.048440200630447294
6,0.3862664448634848,0.428096467147887,0.4898774876394359
7,-0.18600291723316614,-0.2102916067868168,-0.2291538899047067
8,1.2069637767180783,1.9863033551013671,1.2402944041904642
9,-0.025104317644192214,-0.039674216537640264,-0.05566200069311732
10,0.27895392262317953,0.3181704317449234,0.3332498134828212
11,0.6206588314028134,0.7187085967861742,0.7952263902290975
12,-0.23238758051956487,-0.3499087042813209,-0.3955954117831564
13,-0.6662002419160433,-1.1090856077924498,-0.5017880977177356
14,1.3432784458138867,1.8513875684483265,1.2999209561651393
15,-1.5826134063004664,-1.784897557496868,-1.2955601761801399
16,0.6211078798849725,0.6909270669722891,0.6732376579852344
17,-0.03826401501772746,-0.04304805220713872,-0.0420764046496103
18,0.669902420415859,0.768641366404622,0.7907003221636837
19,0.2959504926660821,0.3563348353323471,0.38426705855316784
20,1.3558589019928962,2.081692786165227,1.4581261727526003
21,-0.7703994488139556,-1.0936060029929,-0.7314665095731244
22,1.1255299240644447,1.6933050122286704,1.125815521102698
23,1.3535231370658396,2.001685605385145,1.2436536168770622
24,0.08810197774022183,0.07789580489543055,0.09473162148544159
25,-1.8950070015762166,-2.5539587156959858,-1.645057197822028
26,0.31695892964448946,0.38330304628388945,0.39116125992706235
27,-0.43877944073189135,-0.4685007860730236,-0.4804296868556942
28,0.5277061913306086,0.6152002277302817,0.6491497349552025
29,0.1874674224389162,0.21956756356874277,0.19855956713976708
30,0.5794764360248296,0.6389054044828012,0.6461834066751078
31,0.2077104669202844,0.25524479024316526,0.29335269478164416
