id,h1,h2,h3
0,-0.5010403680396237,-0.3358237350460319,-0.531356016286437
1,0.0904218844441535,0.05402440330612726,0.10424517112504547
2,0.6859231125453826,0.9384382382622751,1.058263272768108
3,-0.4918543038998815,-0.7377379650546764,-0.7351926537293185
4,-0.15222508844726923,-0.12349653362516555,-0.15223400987126295
5,0.010627274943275325,-0.012102260443733484,0.013318277527836625
6,0.4759437303680008,0.3434899769756025,0.5018258702156257
7,-0.056216834861071874,-0.026462313131665527,-0.0692975254906153
8,0.6947970555732685,1.1049367997379815,1.4540965714716596
9,-0.14121107533361438,-0.11439571594607068,-0.12977320655065244
10,0.30204099525555833,0.22243425577163475,0.3240247130954744
11,0.6811106542423737,0.4591620687733795,0.7147563978589202
12,-0.2948026043005881,-0.19373021134210272,-0.30390267876859783
13,-0.45173957867758213,-0.438686663761235,-0.5868627911917266
14,0.49567323232820826,1.0467313845437174,1.2340592522627865
15,-0.8816773227836723,-1.3222932686617903,-1.369041798269456
16,0.5688846886273274,0.34452655820262035,0.6196698453628606
17,0.08614205206463796,0.05735458222334159,0.1136974382526561
18,0.595407171982997,0.43481062706276635,0.6941309826940729
19,0.31789282779517203,0.15100746902719947,0.2744683999876996
20,0.8199622721084144,1.303405731525783,1.220622402708086
21,-0.4910573473596597,-0.6319843210365013,-0.8164932404843755
22,0.8041385934764103,1.0360503463133164,0.9426200049510676
23,1.053824293398089,1.2336530238689662,1.4619220558241541
24,0.04357179015916395,0.08453493311081506,0.03973599371699909
25,-1.0096918882716,-1.64971326487917,-1.394229018706929
26,0.3681615321713078,0.23229209805484535,0.3890950855969911
27,-0.36704369792851016,-0.18711193794329242,-0.3530790031104999
28,0.4651929497395728,0.3295504921844362,0.5568037936558964
29,0.22199898818717229,0.15757663003401082,0.23819262490348667
30,0.3506798286416772,0.4612924690797724,0.45847538699845264
31,0.1855991514064959,0.11254087914092335,0.19287506112396224
