id,h1,h2,h3
0,-0.747551867436588,-0.8264800789667013,-1.121692461699911
1,0.25746836565298786,0.29170582788942134,0.4314766503279227
2,1.3188949208278866,1.1264200335008165,1.9074440777766704
3,-0.8613173792194075,-0.9832242463468882,-1.4571456109317338
4,-0.04574677102022487,-0.05052752933207569,-0.11763805973372718
5,0.11898250429806623,0.14624545146432322,0.22322998133960276
6,0.500490334707553,0.5505598261079218,0.7603430162398404
7,-0.15331958823300115,-0.15698868603224655,-0.20645314279952875
8,1.4224560647397781,1.1469861284043783,1.5675893121456312
9,-0.10816158208090934,-0.12000097513053956,-0.1384259523436759
10,0.315549441978358,0.3512724153591612,0.4322199444765462
11,0.841147341304203,0.9410308216804201,1.3107511780066776
12,-0.19483069553122895,-0.2382887230780148,-0.15762274389031367
13,-0.7277447275134923,-0.8597357915680857,-1.104082832598019
14,1.481253074727883,1.1288744629253256,1.3897576572485597
15,-1.3900047503663093,-1.3387994140873871,-1.966088447797373
16,0.6677947247095515,0.7099475379245572,0.7919268932926263
17,0.037035864917384656,0.04258128024076502,0.10977569728580161
18,0.9051631410565508,0.9930459485837722,1.366566988005068
19,0.43239638964034827,0.44877156314950095,0.6607231779108177
20,1.8534168342656616,1.2049783564513676,1.3982116185000508
21,-0.8966530657415737,-0.8964626724903693,-1.593238364075443
22,1.2085784848727157,0.8899752049200134,1.6180909118314752
23,1.3783597790333408,1.040884299324019,1.6474370335632251
24,-0.012167901751758164,0.0196760323643808,-0.017473122167677158
25,-1.997041901275492,-1.4597568327605166,-1.7600805213840063
26,0.35625510924494136,0.3650440587923273,0.3820393986002621
27,-0.40427954054071896,-0.48148580543589814,-0.7297954735625299
28,0.4608816940306202,0.41356593226065863,0.672653993288143
29,0.3171924334355043,0.3330037845276602,0.44564254545700444
30,0.5515773937876793,0.38764608416483093,0.7881408664451085
31,0.1679625601172809,0.19501221019885617,0.19926697744066163
