id,h1,h2,h3
0,-0.59418427068977,-0.5935476412580846,-0.3881145687839515
1,-0.03443943464605059,-0.03808680601604425,0.01515864687697932
2,1.0253319362829114,1.2099268156492933,1.0401536364542125
3,-0.6810629498500947,-0.9041401325810894,-1.0897718541797496
4,-0.0014959385472324005,-0.037206433475374556,0.04299301811590461
5,0.09161375503543415,0.09667437212815386,0.055371558115637605
6,0.45713732482033503,0.47456618094216885,0.23400772710384932
7,-0.1077491186698098,-0.11344118034028744,-0.08342373438511974
8,1.1174778690050586,0.6135093174709052,1.3964986583958905
9,-0.18690820521359133,-0.18813981599008453,-0.1362384863299409
10,0.33788374100739216,0.3616471560116954,0.14320305426115662
11,0.6129300487746878,0.731163178809427,0.8414933109646608
12,-0.3442182565877676,-0.3480072085351073,-0.2119822692025518
13,-0.90730967281753,-0.9093752773199935,-0.5976752732734929
14,1.3810169533091319,1.4185420120252161,0.9254497280921664
15,-1.397127972910502,-1.5399827322020743,-2.0618007130698617
16,0.5493141944032924,0.5663824234453794,0.3676992363627224
17,0.06627874454447824,0.07529181522859725,0.026912685174881504
18,0.45022090128364556,0.8372952670964885,0.5741610968314632
19,0.3234193630380918,0.33128061911601797,0.2189425045369166
20,1.0679774355718639,1.3386970856531075,1.816279093745211
21,-1.0065371604247009,-1.047857519557474,-0.6523185699140914
22,0.8276259663904844,1.0544241569234374,1.3110189904918874
23,0.8805242146790377,1.5868546685360636,1.3425502865043868
24,-0.09630052879232148,-0.08747290029030302,-0.06814743564706016
25,-1.0968743132516274,-2.4115408447238287,-0.7194133077278447
26,0.2660633362619561,0.2587475974871907,0.16264649512209534
27,-0.38505509530579046,-0.3888394352838901,-0.20161106577408278
28,0.5244391239362007,0.530173212566343,0.3783685204269952
29,0.20650922322048787,0.21865171774872527,0.14912470039960934
30,0.5800458069326369,0.5912221421983712,0.3618107391076387
31,0.16587849130662957,0.18654987079902732,0.06043222180729285
