id,h1,h2,h3
0,-0.7196014774212005,-0.9699951494747614,-0.8074311512744669
1,0.13238447690374522,0.35077113467254983,0.17473892235571098
2,1.345060546937881,1.6000619022562792,1.4260999308836073
3,-0.9214785100515833,-1.306182908953596,-1.0302257979589307
4,-0.07657571174941731,0.029197887105840148,-0.0322420094346593
5,0.048527521864461576,0.007647403221558879,0.02892778385687081
6,0.608471300618195,0.7715824792467025,0.6601372480913849
7,-0.19541454057825297,-0.26413945872332945,-0.22308260345044156
8,1.8638403429026622,2.243144041350243,2.1054737585371597
9,-0.03598270991428815,0.2544130404271938,-0.015161240674643833
10,0.36713651068608705,0.4060168377824033,0.4040215821436112
11,0.9723915624407787,1.2506970026080024,1.0611483957059589
12,-0.2393847993053303,-0.16979844447426892,-0.22599850740864968
13,-0.9887297957293597,-1.053526909210584,-1.021773942718838
14,1.6473373942350746,1.8211075875502258,1.720951712384397
15,-2.0240937941565917,-2.475840084356174,-2.146544799729273
16,0.6602044493103576,0.7659491744873342,0.6975982236032028
17,0.06958463749075544,0.07592539413338834,0.07072983249931969
18,0.9872896230708021,1.3593899039606874,1.0885233863408055
19,0.32155849245948187,0.48113964962991346,0.3656383721899163
20,1.9792593082712684,2.5249140092174347,2.0702030579493598
21,-1.0214673228367985,-1.2391808838893483,-1.105297002173938
22,1.298754163014157,1.9107821364776312,1.4544960324739322
23,1.9122322302831738,2.37196873381492,1.8474764609055936
24,-0.029460844449743145,0.16811272945814734,0.043471916783987846
25,-2.6299649399930423,-2.9744540610630117,-2.3640859633105
26,0.5630013742748499,0.8434010965321737,0.6533563282057322
27,-0.5435758721311617,-0.7249261575098238,-0.6093242326908779
28,0.6991355907211784,1.0563535827294417,0.7932831812920957
29,0.36330767583404533,0.54542144956948,0.40979095859043874
30,0.5202624968475198,0.6179621014521826,0.5588003815770433
31,0.23473697218131873,0.3911035788955311,0.2698915586058702
