id,h1,h2,h3
0,-1.1042422014414959,-1.3772713238961782,-1.2044225152153212
1,0.2430194201775368,0.5232774525834762,0.33454543457891306
2,1.7732184902924804,2.2641351026293233,1.9138148895440115
3,-1.2884440869535805,-1.8372608424885397,-1.4727199928984451
4,-0.07436681846959486,0.18033482434587786,-0.030557474324757
5,0.19683480128126557,0.21528057669924824,0.19652251586090197
6,0.8961722481828492,1.1331062418944673,0.9861463904653839
7,-0.40354178356228204,-0.6369283554003939,-0.487959042449684
8,2.3202388527837567,3.016453296863193,2.462258021162538
9,-0.033196032930422614,-0.0034785250875356555,-0.01359781863917664
10,0.5123732846004604,0.4748401470298398,0.5051790780770946
11,1.4878031509087264,2.1661503159578124,1.6872733368575044
12,-0.5486975929205379,-0.7964111380866016,-0.6345306062955293
13,-1.1780784659568577,-1.2511494274074708,-1.2617868454327328
14,2.420735734095367,3.312091831859784,2.743904616784874
15,-2.8094795847291456,-4.8399787496977735,-2.293873660215883
16,1.0821972581531947,1.2929988318232872,1.167154246230801
17,0.0724306882855662,0.04603084457559686,0.06637603192689168
18,1.220210375382061,1.638458225932947,1.368566473062195
19,0.4427758202181691,0.49444826105547895,0.46977378667769987
20,2.399589667040918,3.9130146988738312,2.648243905681933
21,-1.6390628973084675,-2.2965930311335274,-1.8776905737157232
22,1.845186234550682,2.2456388302992414,2.017865048528639
23,2.162086778168872,2.74210728131743,2.230973644483925
24,-0.15535331184870402,-0.25028312908195166,-0.18141226235992441
25,-2.672714578028112,-3.1449961180515245,-2.78400787916682
26,0.77015783295013,1.1219459975624264,0.8893255579425732
27,-0.5640844550117619,-0.7434476546319218,-0.6149511389346607
28,1.1552120644771475,1.6340028942284806,1.2981396363295405
29,0.42047140400331934,0.5884966991698825,0.4631945147778801
30,0.8460726000610974,1.0888051592072836,0.9450221549551769
31,0.5458993084938846,0.7426343840787673,0.6063118373435127
