id,h1,h2,h3
0,-0.6624567198790156,-0.6590681181946367,-0.3286846593875139
1,0.16652105735519274,0.17959865121058705,0.06705508978569397
2,0.9537170837973145,1.2081340832854972,0.47598162129802646
3,-1.157481336162195,-1.1254947243680014,-0.5935127729731213
4,-0.12599649998274526,-0.12384293197954377,-0.06295622486246477
5,0.20774513304239778,0.1911827212104369,0.09347296830704604
6,0.718427814212914,0.7072198728275122,0.3933572624239647
7,-0.23645398399914125,-0.2315072405174537,-0.12450939639511727
8,1.3915281843751244,1.3594928277276497,0.6357144200389069
9,-0.1861336373570364,-0.16823454735717835,-0.05798166225493759
10,0.42639495701905317,0.42272243621273514,0.26587202529880405
11,0.7826577942293953,0.7919173087412886,0.3896834364729981
12,-0.30870687073708436,-0.26455073039558813,-0.14597202008760587
13,-0.7331487693538316,-0.5338336716798161,-0.4789321009830532
14,1.3004349226916387,1.2730379338546935,0.12743999434467812
15,-1.6536100670125795,-1.0541939702214815,-0.7628856858456643
16,0.7018866579191868,0.6869926005042987,0.3492051250848942
17,0.09981960653660579,0.09212122997742372,0.08052428833102196
18,0.7615380377993638,0.7270356613181631,0.28747156386339573
19,0.5145291853604317,0.47635338944709776,0.3156672629414519
20,1.4430797054424864,1.7660803669931828,0.4381916283847041
21,-0.9670124595687948,-0.927308547167309,-0.5193427614213437
22,1.0874789742741193,1.0949701977835673,0.5417453742662159
23,1.030445972965223,1.3069054687408754,0.7275192502992038
24,-0.0443870151606324,-0.03924720470310117,-0.03829834331801227
25,-1.5524732247554696,-1.4305224088954558,-0.834664229992219
26,0.3831817063451963,0.3625328200287695,0.15857677869820258
27,-0.40506859135906814,-0.38030380743840075,-0.21334085093659738
28,0.5982082912753399,0.5462959105639704,0.2010196460123304
29,0.20461267511939502,0.1957270567338224,0.10917176810183202
30,0.535337831202667,0.5355945571632293,0.30823355193690016
31,0.26933700547637707,0.2613940268487237,0.1778428450506267
