id,h1,h2,h3
0,-0.35924377196312096,-0.4418088853699631,-0.7758457445985523
1,0.11063703499767785,0.14584453020074106,0.1918781013396572
2,1.301035375295297,0.7589303320318357,1.3796207895032118
3,-0.6315450212832601,-0.7211302629427638,-0.8860436965332826
4,-0.10184797700704842,-0.09100886557494145,-0.16883281207192646
5,0.060347184295944684,0.06693599513296708,0.027106401252862372
6,0.2293081912496226,0.29355342251442473,0.6024505085513385
7,-0.14456487762996234,-0.15628339850088796,-0.16801853943692943
8,1.2280497616044845,0.6244575989158292,1.8144312048443574
9,0.0011413528134843788,-0.018986902369523995,-0.20984715535407725
10,0.2670580145972038,0.3165501741339075,0.519091091932373
11,0.6958841552032786,0.4462617382822978,0.9028239246017725
12,-0.11524824303050946,-0.13742248319164319,-0.13321776553313408
13,-0.4953316501709,-0.6064654923756858,-0.8594198499669419
14,1.1455915570562252,0.8993101494926262,1.5964029641823476
15,-1.6729553365600691,-1.2215417431337658,-1.7911524604479947
16,0.45836263933575083,0.5254505717583501,0.6936229447911558
17,0.05477230873930716,0.06560319309474683,0.16548529090612632
18,0.5121091355358574,0.5964577028825389,0.73547900130158
19,0.15272027588163656,0.22988751691526554,0.19539176058576996
20,1.3127119079488976,0.9557244027682302,1.6670194947667367
21,-0.8780454606603489,-0.6876037546268656,-1.09264880855324
22,1.0356506770130611,0.7379980699862473,1.070022586770924
23,1.168523794972127,0.7937408811919274,1.442769349045108
24,0.03282369021571993,0.03340665409805567,0.06016917659087448
25,-1.7609079215695758,-1.4967632918272045,-1.8410300780406448
26,0.18953195397546416,0.23463305592807565,0.5565556720709854
27,-0.3599453091668441,-0.4154392094603997,-0.6848817300111898
28,0.35328241598258775,0.41865334380632024,0.6680230429444048
29,0.12941883358251133,0.1482598459097225,0.14852769903712504
30,0.37037542359337083,0.4103069027557982,0.757367112697016
31,0.10276682230737982,0.1254474655026125,0.09966731850190647
