id,h1,h2,h3
0,-0.5537120938399462,-0.5711416675414642,-0.6644563638544558
1,0.23011469573558435,0.22992461328940325,0.29851483924601574
2,0.932373496298576,0.950735389802076,1.1948067911892464
3,-0.6152199888675611,-0.6419835344460598,-0.7909446727258524
4,-0.00942229514791218,-0.004305293148571726,-0.019290688754108443
5,0.08517838736306664,0.08870605931426535,0.0988052571627884
6,0.45903657922232755,0.4557568989428753,0.5381945398578951
7,-0.08862833856898744,-0.049902026243969666,-0.10708269658998765
8,1.3009690636169704,0.7440110480162074,0.9457037329739627
9,-0.050502539791267065,-0.054093503241004676,-0.05609384963717423
10,0.2135648088243134,0.23714114950744092,0.2716685731012939
11,0.5146960357870335,0.5072904126394588,0.6536497543915558
12,-0.18400421892709906,-0.19489761873679473,-0.24413683297320865
13,-0.769295253822417,-0.2686864084497603,-0.8769623349449451
14,1.1698887258610116,0.5900018881333742,1.0339534221196838
15,-1.289796635069365,-0.8965120734896382,-1.1990578742889206
16,0.49524205865379195,0.49289678858622804,0.6136689867947621
17,0.006018062611912678,0.005043006656411997,0.01703749443405589
18,0.5205016535863811,0.5430650572265184,0.6960952110311742
19,0.2606988046323911,0.2511177848300554,0.31182538183984065
20,1.453403044164755,0.7319393179699822,1.833905120935353
21,-0.8651918259735437,-0.4517203980393026,-0.6754313108082047
22,1.2765062533279214,0.43990744036398044,1.4441298428585914
23,1.258597949373047,0.6338881350831822,1.0652497928839313
24,-0.0022064755399169023,-0.014736582030070361,-0.004576186289302897
25,-1.630107128110107,-0.6971901571082937,-0.4877550300519422
26,0.29489554201110774,0.3006762045839747,0.3617091428107952
27,-0.3114290060300436,-0.3577700020478649,-0.4095831171961636
28,0.5357105829566358,0.5569735280523335,0.6572769366478011
29,0.1706368609340843,0.17871659169481313,0.21098267112282387
30,0.4039018406102314,0.4082950307910733,0.5061953739554027
31,0.23187822957677076,0.2566109345863411,0.28989342092870396
