id,h1,h2,h3
0,-0.6402765031481821,-0.7264720796359811,-0.6864410620097794
1,0.2223299744122536,0.37843581691105704,0.2529286201774489
2,1.2038348611973453,1.7932255152604322,1.4159610909747642
3,-0.921628188841408,-1.2655982345804107,-1.005134164588045
4,-0.041508846294544766,-0.05958221516224188,-0.05114024451241922
5,0.03040229237375279,-0.004417955744311919,0.011628435672560403
6,0.5358489704165126,0.5204741516713427,0.5738631917745455
7,-0.19919847977866373,-0.2858489112247763,-0.23231025730000907
8,1.8558953213001212,2.287384132279442,2.0021712126849596
9,0.015102504587232293,0.1489451848467571,0.03972082735310717
10,0.38822764409896104,0.6419999117353248,0.4479419073016687
11,0.8794027691065902,1.1661852084579747,0.9693267437567995
12,-0.3304690592688291,-0.3116133252427677,-0.33715818149794835
13,-0.9786291210888294,-1.324555398641521,-1.1031037918071531
14,1.3648019437841457,1.783624255610169,1.5008012182874109
15,-2.0006565641625524,-2.042085029364925,-1.8408362187942655
16,0.784187245004899,1.055914247913501,0.7633894059416724
17,-0.07088927864436179,-0.1879495008120789,-0.0864996864081568
18,0.8360242930341297,1.1219766831488889,0.9366363741565642
19,0.32269920508955674,0.324459965578068,0.3224883918355467
20,2.007228012575792,2.5131772387265183,2.0889005988471343
21,-0.9411182404472143,-1.104305431605204,-1.0076348503119816
22,1.2284831605330933,1.6806706807908518,1.5913921124997097
23,1.7288867959508092,2.3933893661214363,1.8726117459976577
24,-0.022488685933700583,0.002529197099104416,-0.013628714541125977
25,-1.8690670423473563,-2.5947981515578444,-2.4779629980729143
26,0.5295666835516075,0.7615306922244751,0.61507755680643
27,-0.44541088495552233,-0.5808268897552813,-0.49078460860426515
28,0.6426191683349559,0.9117912088684901,0.7809248595176892
29,0.26209914781739624,0.2623787797458177,0.2664899956703337
30,0.511427021872519,0.5421189177772006,0.5253552643927515
31,0.30506259137633596,0.4020057694368937,0.34130727514182313
