id,h1,h2,h3
0,-1.5700728072875747,-1.1591138040430176,-1.0488693817565684
1,0.35996824964519886,0.2634147679716806,0.23584921027700942
2,2.762860500012353,2.153269168509876,1.649734188954878
3,-1.9908033682632111,-1.490264778136191,-1.3431624146279852
4,-0.36465635252141826,-0.228767675846487,-0.2106797738233505
5,-0.07418155021174294,0.11622111199004509,0.09000112666218074
6,1.1605043741421919,0.8634110466211873,0.7730947394345031
7,-0.3585584763349856,-0.2738509741777943,-0.2511993763482782
8,3.524209973531576,2.9542834690067212,2.1234360090245614
9,-0.03077865832424062,-0.10006555832037303,-0.09217863572257744
10,0.8537932920581742,0.6086495581040503,0.5644726583463067
11,1.6582426719794752,1.0482782867714304,0.9876252483388206
12,-0.5288515662639949,-0.4039886643475968,-0.3902564648181624
13,-1.947014895000345,-1.4417850945691764,-1.1713977765797068
14,3.118056946684101,2.32415061406725,2.1121962312507097
15,-4.522867913399209,-3.2533568493816576,-2.4047189990631863
16,1.1759200562466996,0.9827454975860788,0.9144592239800962
17,-0.16210079815243494,-0.0875539955908271,-0.07666520288813039
18,1.7407911757020216,1.3053649531259361,1.0230751538644403
19,0.9678472428747837,0.5884325740217984,0.48836647723804794
20,3.8052938054649634,3.63072202014646,3.1747930778017084
21,-2.184565905092009,-1.5787633231835079,-1.279667824605599
22,2.690483861828566,1.8811552709903738,1.716486665256864
23,2.949240004530857,2.2265490939120887,2.0278599966155717
24,-0.17662965765746014,-0.13473831227542388,-0.12649955150658754
25,-4.201272355294071,-3.187924462554424,-2.741303722570457
26,0.5312219682243395,0.5259418516422215,0.47571459895264245
27,-0.6397449669703401,-0.6187718988866389,-0.5899530547606332
28,1.0146578078186037,0.8306506113267824,0.7737199092288981
29,0.5009268934973075,0.3026445508496245,0.2592500939508211
30,0.7988335755628141,0.6699003909054777,0.642971969011753
31,0.6261262018869923,0.35994040117366144,0.30041416006164845
