id,h1,h2,h3
0,-0.77101283960554,-0.6156852605213681,-0.7177095034254601
1,0.13249737796779623,0.08089090309025786,0.11042938432892314
2,1.267985235672014,0.9499332507902414,1.1623338951435176
3,-0.9023724686475918,-0.6664992493648368,-0.8194463927813028
4,0.05691964480790494,0.06242723153496337,0.053412089871736165
5,0.16438441580966057,0.12273661320528212,0.15700101140801703
6,0.6538645770025853,0.523379358772066,0.6067407229823709
7,-0.14134110828177154,-0.10603084556829215,-0.13504207179200728
8,1.043899495946935,1.2107209816589923,1.86013939689186
9,-0.002165235466923522,-0.01592984866339798,-0.018925190306738927
10,0.2605793920515019,0.19314772930248258,0.23036782155879315
11,0.9024567377097027,0.7017016950550158,0.8549659348068223
12,-0.22948124086935295,-0.15447595858766355,-0.19998025538824132
13,-0.7484300051504922,-0.5738654150024082,-0.6894415562549372
14,0.9568120992596035,0.3858457633744959,0.9060935138139876
15,-1.4401950455485817,-0.1252042747753429,-1.7064977816947744
16,0.7860414218328398,0.6218349757017352,0.7230958233903337
17,0.0312750013223623,0.03206693493082466,0.04890333864005325
18,0.5903617731366682,0.37380282043518687,0.6147512199764887
19,0.3309851143638932,0.25257502574213575,0.3125626366887444
20,0.9174698969914541,0.8307537430509742,1.4243851365237215
21,-0.6192111908348249,-0.6210632432170384,-0.8083998900576909
22,0.8746521072160205,0.674686211290432,1.2330951393046554
23,0.9115934822809926,0.6562733993098903,0.7335826328950815
24,-0.03306608131568972,-0.04009397747739235,-0.026258614269555836
25,-1.75858503789242,-1.0012969396166007,-2.7372783885495453
26,0.38313468057679106,0.31929751953305285,0.36099201618070714
27,-0.3644454491681265,-0.24556760611202266,-0.3267983736096323
28,0.5687015041890113,0.43283034010652527,0.5213643582523049
29,0.18323310361806597,0.13035066901014575,0.16283867453278972
30,0.5813851183655854,0.4610303102476842,0.535102771244182
31,0.27535444832442174,0.16212809015990198,0.2395703563714705
