id,h1,h2,h3
0,-1.0034622293184159,-0.5367576640730576,-0.36350586162141596
1,0.20821927760940226,0.06752909806805885,0.0619942235308521
2,1.8752831308952873,0.927489043413592,0.5851073872349518
3,-1.5249348888619987,-0.7165661649622352,-0.4558793123440743
4,-0.11026627133381692,-0.07286679463963391,-0.06616264538534228
5,-0.1314005731906532,0.011467615221112643,-0.027908762713577062
6,0.6337816481594096,0.3745995232851589,0.23835339862090557
7,-0.5261149072188028,-0.24035144439413864,-0.16843599650428676
8,2.6698973465132,0.7324373645757644,0.559801494762401
9,-0.12927567978694243,-0.09091227243347405,-0.03028984202698659
10,0.44901513405115806,0.252882024319809,0.19002688266877177
11,0.7778926355674357,0.497368196911544,0.2856867653685725
12,-0.8061154477277971,-0.29916344301868925,-0.20111090025437323
13,-1.1665843190698024,-0.5969752734665703,-0.3718459115544744
14,2.1028906603922004,0.5335958165590188,1.0453784481504744
15,-2.6783342585585346,-1.4300505318848085,-0.8830480431268156
16,0.8301500209483623,0.4085483594109775,0.24603454205955583
17,-0.10039587812694215,0.09871195971548422,0.10308556426244894
18,1.2736175361195943,0.24680841022928063,0.644698954796343
19,0.2119752939466576,0.22086802220406443,0.12579777355058536
20,2.4406989006350877,0.26014608747998563,1.135375588610456
21,-1.4938273237807134,-0.29993205536073375,-0.3572308124815184
22,1.9303290964538153,1.0441091582457591,0.9551907527400625
23,2.4317314827437877,0.4388703753072439,1.0140197843377152
24,0.10002475970703437,0.029343376031681467,0.032653764448382916
25,-2.7095519078170733,-0.15346134145011708,-1.498965629794984
26,0.43891743811725287,0.3288688947271473,0.20273312264832932
27,-0.5762721625570439,-0.18864600196066666,-0.025377923176327727
28,1.080701940073297,0.5388400984751203,0.33426031953782176
29,0.43145777160622456,0.21930748301171205,0.1446361753454981
30,1.1079522445762275,0.5170967839957489,0.3435941657733671
31,0.24044194730435067,0.10671601808924791,0.05286726207539652
