id,h1,h2,h3
0,-1.3117094330308061,-0.962599279206098,-1.0487003439810285
1,0.2122634143423206,0.10253210756573558,0.11225936229691497
2,2.220293443128254,1.620823277862617,1.7427842531341606
3,-1.6985948288238273,-1.3608910421411955,-1.4063638729997314
4,-0.19650344823665178,-0.11734444667561006,-0.13811548048487607
5,-0.07263978169831689,0.10592764204630134,0.13359642162278576
6,0.9332467262609596,0.706045071156064,0.7795902434029452
7,-0.2505341742302313,-0.1698986857475142,-0.18694977391512344
8,2.429526227262663,2.6065330907965683,2.5874867423137315
9,0.002893603542852452,-0.12818147667768082,-0.09747399727224099
10,0.40470931577731406,0.3090487081780876,0.3636881336257899
11,1.209184933149229,1.1619906423204598,1.1022460722947798
12,-0.35387823571106164,-0.29444133014416285,-0.3181601069599876
13,-1.4366335325570614,-1.015205345854513,-1.1063638755398468
14,2.1858032314516653,1.7082858821327918,1.8304152204422324
15,-3.0950399377458373,-2.268765037060704,-2.621905100350748
16,1.1438304279029716,0.7492755276149567,0.8548419727031604
17,0.18842798024274138,0.11366664935885717,0.1248126537841504
18,1.36951019208975,1.0025765483926279,1.0894295225817094
19,0.5762528949309473,0.40419205607293845,0.45532896612271784
20,2.633868304727641,2.642248902255787,2.694323952460432
21,-1.5103973561185269,-1.5674901571962838,-1.4905229012649353
22,2.1603649330529393,1.8029407192086555,1.934677241177642
23,2.8289706530445713,2.0214630797662503,2.1779652193028856
24,0.2218001530806012,0.11234153178043682,0.1124321988493795
25,-3.11731827412347,-2.651835000024079,-2.9419556985877513
26,0.7635699297440403,0.46016435032911945,0.5404625140133792
27,-0.6272442237786776,-0.4928059069441784,-0.5237626367607453
28,1.061142551996027,0.9440842419688985,0.8634944359963964
29,0.3595257508881437,0.20368775358063979,0.2674732417618454
30,1.275852836017204,0.8619919826134634,0.9540572012062268
31,0.4726400106368714,0.3631469584290715,0.38526494427610836
