id,h1,h2,h3
0,-0.7792282192629374,-0.7385196764878926,-0.519285340231372
1,0.11467156367252457,0.0755842035691972,0.0184660020913075
2,1.4321722569471556,1.802075799498758,0.2713792201335521
3,-1.028063869054044,-1.2664353957072412,-1.0418261129577977
4,-0.04026402182961197,-0.030085163887488345,-0.04997650154802932
5,0.038194635959588163,0.03779161412870441,0.030526526347904093
6,0.6738436943612456,0.8946798179358539,0.39897665433986557
7,-0.25553627717393984,-0.2498560397507516,-0.18299789859779234
8,1.753022589004242,2.202493906943608,0.31520395188969375
9,-0.10969752722458115,-0.11135081527781554,-0.05661079821412396
10,0.3444970269188553,0.2736965116119898,0.20213660049676951
11,0.9573815763566946,0.8821922985206074,0.5508129979103418
12,-0.3055403134400376,-0.3386829556189429,-0.21139556919854563
13,-0.9729624366272029,-1.083732010419904,-0.47046010243207637
14,1.6926373104054369,1.5410255045868473,1.0096954892925813
15,-1.9776126795439024,-2.2786753755542724,-2.206033011760179
16,1.0678626386777708,0.9110063481828635,0.5538241887325328
17,0.04704419750298461,0.03244908401746857,0.011919239408936633
18,0.8151035965253923,0.7937972917250686,0.525329477752837
19,0.3484320860372121,0.3063673323556395,0.17962287329126897
20,1.700238393630572,2.322225786199275,0.41560671394455984
21,-0.9596986909841397,-1.2279608562184567,-0.747517763784972
22,1.4054976451615944,1.3087334314651589,0.870064737078528
23,1.586378930908006,1.9977393751334422,0.9225285882490981
24,0.023974611198029974,-0.012986541213941855,-0.05605095106217031
25,-2.209196451148289,-2.9079483582853034,-0.667482139852019
26,0.4581644185617161,0.402599840032833,0.24371952705232772
27,-0.6162838831139689,-0.5675803302194139,-0.33390203654061984
28,0.8447038538404994,0.7662487763021977,0.5085158050235419
29,0.45454642643345056,0.39348803579419883,0.2128749109065159
30,0.5510849691005342,0.5139538789910467,0.334393795995902
31,0.10131150567230307,0.11455497105032078,0.08764092748268913
