id,h1,h2,h3
0,-0.5381926132353444,-0.5884617423201883,-0.634596742589069
1,0.016836730851485515,0.05208970926013157,0.1286663666844744
2,1.1158570375639492,1.2712399306822508,1.5424310271463137
3,-0.6794037733053421,-0.8173613243716952,-0.9730439580176817
4,-0.052051595532724204,-0.05708912595953841,-0.08131799016777591
5,0.15313910576799694,0.17916276260855377,0.18941009038180945
6,0.38411506507591053,0.3861866560064049,0.6459370956548655
7,-0.20347686340239934,-0.23659196168820018,-0.26709914798974244
8,1.4825386152148918,1.2923278222970007,1.6580147889147654
9,-0.04118627778650408,-0.046076491591380886,-0.03813366942938168
10,0.21132556312729178,0.24073854930471522,0.298012283689014
11,0.5032881485050611,0.7845809223530718,0.7276649147053404
12,-0.250515353129414,-0.30266068935288887,-0.35530328770600605
13,-0.6393218368383895,-0.7506554005547001,-0.8798449161540636
14,1.2465233392877906,1.1225898261592198,1.0671501338607057
15,-1.522316411011301,-1.840944662395636,-2.0781951655335593
16,0.4330997924311922,0.5956015088627846,0.6399279848241111
17,-0.008133345574049933,-0.026900581819296665,-0.01697302219784136
18,0.6177345042707372,0.7050319236038032,0.77160464913247
19,0.3360299288986575,0.4151710145350699,0.4702994538052758
20,1.2837837058998984,1.1415648276633759,1.3127339352883673
21,-0.699135795071642,-0.8356201817123761,-0.9713323394354623
22,1.003291108552869,1.1835513932748862,1.358655589139354
23,1.297064401134264,0.9873570964121545,1.2190548164036186
24,0.10906725787343874,0.1094676307321476,0.11853829161621407
25,-1.1081126194753919,-1.263893961175131,-1.260694503905727
26,0.3731800328418503,0.43106240849968785,0.4829998456084603
27,-0.3436037698835919,-0.3951084199732172,-0.4482778098112344
28,0.5875306645342699,0.6825604212688916,0.7504767938344192
29,0.21397314256610173,0.23205768304356306,0.2638069586988252
30,0.42907281641712114,0.5206009734842774,0.5836719716567191
31,0.11439979235513183,0.123866652355372,0.1569102830798703
