id,h1,h2,h3
0,-0.8440030007680372,-0.9489716128947262,-0.6804066768772294
1,0.09747466126426765,0.1370151450628059,0.06676823584273944
2,1.142392075936495,1.540467700480833,1.3679980051872433
3,-0.8922271884221105,-0.9276244853801259,-0.8139941189795212
4,-0.008609045879579343,-0.0019214298449099915,-0.016131349180120547
5,0.058842690818213944,0.04166513723909926,0.10723911127303597
6,0.645200470209394,0.746467995387317,0.5010518336817534
7,-0.2269610798680323,-0.22870587296228198,-0.18671895096058966
8,1.576559335598432,2.338977208985634,1.4732080747631382
9,0.022418998377778276,0.04590705747451687,0.01359639027350773
10,0.36578769549932,0.40210970074157665,0.3291156522773684
11,0.8222084762900532,0.8491791455631923,0.7485564892677635
12,-0.3680828238167556,-0.36583950871945653,-0.3581367074642413
13,-0.8297258404651483,-0.8526389048121558,-0.7489240306459549
14,1.3521105417561894,1.5469136673656316,1.719319925807371
15,-1.841115690485666,-2.592240061515812,-2.410681284897624
16,0.7723514983678542,0.9009842704923391,0.6330231252946648
17,0.06674175161431184,0.0644269352121471,0.03531476041645926
18,0.8555526661306542,1.1533314436911626,0.8734639734157694
19,0.40339754843781656,0.4449872973510424,0.3282729316153356
20,1.8282090054689792,2.237503579823969,2.1149274440127175
21,-0.874506087249832,-1.0045511983289104,-1.0373049998286725
22,1.1938879711613923,1.5885625325684654,1.3714018553475733
23,1.599696727304283,1.663239652579524,1.4202789645092246
24,-0.1060857243965902,-0.13289647416523107,-0.06430085756045287
25,-1.8636629583664361,-0.857098339289831,-0.7605603970208821
26,0.6122261856184193,0.7127816504403196,0.4738292832068267
27,-0.5293000500894685,-0.6146871316477169,-0.4035604941175898
28,0.6593885589858928,0.5924189077968047,0.6412411913477069
29,0.47244418321021875,0.5704241967508179,0.3645541438158245
30,0.9017410699140789,1.0606432269615458,0.7115411430448056
31,0.15801607647114263,0.1279908597130039,0.19158407036020442
