id,h1,h2,h3
0,-0.5492254873617719,-0.6401841146129319,-1.6661554680283355
1,0.06816390941290418,0.06344309266164799,0.04887446192524017
2,0.6061321091419267,0.9649343652652961,2.4669888239518323
3,-0.8332347383381112,-0.9281916187111057,-1.8204457910562963
4,-0.13272656108800895,-0.14917026924579313,-0.43830603577328625
5,0.05120453534458891,0.07325662177203474,0.237751628351697
6,0.4114146376095277,0.46609265867788924,0.8874961263234282
7,-0.16586473349507894,-0.18695725574354,-0.3813989559260936
8,0.8381366772403174,0.45375811648669656,1.8950600096957613
9,-0.01809774428637781,-0.03201548015787058,-0.27739973320969824
10,0.15792973219981804,0.20951226980474286,0.1613959989292122
11,0.4784006917689667,0.7083041223674742,1.1425431155748202
12,-0.39050719802649503,-0.4433512699763774,-1.0436087117115633
13,-0.6903297428554318,-0.760052200902322,-1.155087944295237
14,1.1239114645997437,1.0960403103862149,1.7743634465927007
15,-1.1082456494450432,-1.7438033635834467,-3.699999935474738
16,0.5656838627241372,0.6539071588191822,0.9269374689956618
17,0.08870718795008825,0.06117352312555452,-0.20694835695866337
18,0.5993091431671081,0.6709053844530469,1.6021969185911682
19,0.2878037403353667,0.3130949109633836,0.6314344823547231
20,1.25013951588978,1.0748386705809971,2.3484583293348305
21,-0.7156080037728543,-0.8018918352911149,-1.6639273845759226
22,0.7058217386190571,0.6930594375516146,1.8005175841549557
23,0.866810173319842,1.1372106295021176,3.0820903305822824
24,-0.09291020188078411,-0.07883378941518414,0.026083458395186013
25,-1.1906108721788957,-0.7600186891406795,-1.9072853217668213
26,0.27606830067443056,0.3169131471417338,0.6543361520795798
27,-0.4390617093661674,-0.4612513499573669,-0.5802690669151311
28,0.472189966348197,0.5163344286275036,1.3409365167720924
29,0.15725964284789018,0.17335190844234,0.08288372721995624
30,0.41842608779270185,0.48629222697431085,0.5577659114528444
31,0.18441918410029673,0.21347532176977732,0.37971939943038796
