id,h1,h2,h3
0,-1.0923446954304252,-1.474423914809022,-0.8258914103892665
1,0.12764269735813677,0.09854503990211541,0.10479041553225774
2,1.9407506866053494,2.5132657483493515,1.2477198142259132
3,-1.3813615113193691,-1.8399214052526989,-1.025646093890306
4,-0.07025622346023941,0.03830284649055021,-0.04076606657652672
5,0.07619747035225882,0.1446408908246541,0.03830089772772011
6,0.9489260572964562,1.1878533241118483,0.7403860589819833
7,-0.2643237730720476,-0.23661977354584907,-0.23540301018544255
8,2.548136792084897,3.276276965625029,1.7531325318686777
9,-0.1777284085021416,-0.1680691620656153,-0.15384242146187802
10,0.3815451982689861,0.34556221682453814,0.3259667066067263
11,0.8850371516472373,1.082629593120899,0.673194194234207
12,-0.41304730623968383,-0.5718213981194004,-0.3120533269026948
13,-1.2667562166695403,-1.5347074714179758,-1.0463439090303281
14,2.1614960224578796,2.8563157577562293,1.4936586908187526
15,-2.9064052709476846,-3.496836234858493,-2.466094107333879
16,0.8504660551196818,1.0486431959210385,0.6555039708359041
17,0.032431157684569833,0.20999214213048717,0.006393644676498028
18,0.9740466592366472,1.2937563452053666,0.7586676102439551
19,0.4104218021881377,0.6801190430141022,0.2853452075281511
20,2.677157638732743,3.3499059311919512,2.1892447865057005
21,-1.2041697449736144,-1.3661058897165161,-0.9533174485657792
22,2.131451892950412,2.2665846846740596,1.8053828607713378
23,2.525703914325764,2.8597904041157767,2.1061995160694713
24,0.07889069437646282,0.1639586144160179,0.005666842541283024
25,-2.8187735653784816,-4.117950445085711,-1.5634303780708063
26,0.6515594650953833,0.9427523820449558,0.46955043065983004
27,-0.5359302482146342,-0.7588589766123175,-0.3899852227914973
28,0.7179310542401495,0.796225711129526,0.5702270149243411
29,0.4434476687638804,0.6494390283574113,0.343507399136183
30,0.9019408683267439,1.2175448643587297,0.7045632383522779
31,0.48544639224219255,0.6501172750632651,0.36099695140616217
