id,h1,h2,h3
0,-0.8376198338271399,-0.8702114697318987,-0.7654898272452101
1,0.18904432276528257,0.17625020628959753,0.17999092118274024
2,1.2518065751178933,1.4081381768179415,0.865272739959355
3,-1.1470813216150462,-1.1856690665009593,-1.0412751868419636
4,-0.04913564334112258,-0.055399381311761364,-0.026796558194260356
5,0.0006296874283017173,0.005125372383415039,0.011019688262775551
6,0.7432313206278871,0.763099044764689,0.6788437034101341
7,-0.30454889016779296,-0.3084680042114154,-0.2686220834672395
8,1.404074275958381,1.3409456537958635,0.5252570218947225
9,-0.262525925069324,-0.2685579004594808,-0.21304848938406395
10,0.47984864320854587,0.5071899030567348,0.43484562480998645
11,0.8490916008745719,0.8518098030529798,0.7393547979323143
12,-0.36957972264443034,-0.3710933389155274,-0.2835376596538508
13,-1.097691400086073,-1.1127517074389395,-0.9677592326702988
14,1.4961172606272586,1.5566786026193218,1.3431414879214598
15,-1.9354128230080356,-1.835922505977012,-1.1925508957801556
16,0.8120247113177883,0.8317839322451688,0.7211040247646845
17,0.09997562940703825,0.09013476620844732,0.0982840787941631
18,0.8717004336721872,0.9006824440819767,0.7948656711688006
19,0.32573822462793844,0.35374791572429276,0.2845205760258137
20,1.4759976843415648,1.7910943262629424,0.8271224669394339
21,-0.9447389780228411,-1.0698233741101613,-0.5801162120784356
22,1.4575223989730626,1.4861735572293557,1.2790894499217889
23,1.6756183989154878,1.4523660997105965,1.0893340877855158
24,0.09717274922093624,0.11298735715698047,0.09774159409518027
25,-2.0001125833634474,-2.192572935479806,-1.264763341967483
26,0.4281256187644792,0.41029154664864576,0.3339384668348299
27,-0.5830945290467751,-0.588357563552093,-0.5226842936807063
28,0.6337906360560001,0.6737504564920576,0.5636055647630712
29,0.3351118441631823,0.33271228604802244,0.2851534251986576
30,0.8366756928396302,0.8578201378314194,0.7368499664135326
31,0.2698139464482396,0.29190341739299197,0.23994198690308172
