id,h1,h2,h3
0,-0.12667989890071596,0.0501562281487464,0.026068294295231165
1,0.0019358861116832785,-0.07471496225382043,-0.05523051584753406
2,-0.11450075144620664,0.140254157770621,0.08930079554501263
3,0.26208732844830934,-0.20742742866618635,-0.07832621147524177
4,0.06800310802880835,0.04341691901547293,0.04564261586571397
5,-0.22699222864638005,-0.03734376900196798,0.0020166274919977134
6,0.1333335788734934,0.0005528947497002168,0.038388406730056494
7,0.32150323930091496,0.17010895758648695,0.2139384130089184
8,0.1356588935829278,-0.023121155340401975,0.0014503087687824379
9,-0.13140967027101436,-0.06579254480488925,-0.06594092354484771
10,0.2489129792231812,-0.2092644409062183,-0.12407371327988664
11,0.05936551633119502,-0.07134813216205749,-0.056139286340729344
12,-0.05607595630830203,0.18560385873837165,0.12639278891136468
13,-0.3701434042214148,0.1658638288718176,0.3449796335473283
14,0.05656780031188585,-0.2763262472447452,-0.20648265242285394
15,0.04246475640916613,0.03839987153955769,0.044166753165494094
16,-0.033730967943107204,0.021224250242461662,-0.016566824312240325
17,0.11336278419239892,-0.15556559156990368,-0.11028966469421109
18,0.124150892795344,-0.12201876830755383,-0.10539509485878304
19,0.06163448210782613,-0.11844143406333099,-0.07598605560743507
20,-0.09772524001325758,-0.24910427414910463,-0.28280974258922464
21,0.07586694818330836,-0.1860369490812963,-0.09529118290991756
22,-0.09437137590787878,-0.12188591132250148,-0.12636933471706802
23,-0.10840150732144621,0.7540457899627329,0.20750361227979142
24,0.12590181135836676,-0.008582045132425942,-0.02751939328875891
25,-0.053552068954982046,-0.08397072031339255,-0.09628372596551299
26,-0.07857108250925632,-0.019869533343730622,-0.030992552633925863
27,-0.22382395280932077,0.25248972298260414,0.20224603563368784
28,-0.032179602591882156,0.11962855362359848,0.08404024763386594
29,0.1458047258552762,0.010566581113139767,0.04882130718467595
30,0.18906707447331608,-0.18462530839529345,-0.14855821751179416
31,0.07490453491816523,0.042777204117711465,0.08701067384015604
