id,h1,h2,h3
0,-0.15432838093994888,-0.12076364314286786,-0.07017400945987873
1,-0.035239296023369254,-0.06836412898009414,-0.09249927445564149
2,-0.1262994483159568,-0.0568530151374225,0.010018462286600971
3,0.2798246944191503,0.17684080663019097,0.05515188866716317
4,0.11676355414514188,0.09667111871767367,0.07802976883109694
5,-0.16895238131898965,-0.10997584015734183,-0.022372567650524117
6,0.30638760132411075,0.2911663548081599,0.264342595666591
7,0.2490926836943001,0.13275837925759276,0.08132296684126544
8,0.055691968681355064,0.0026287110916899947,-0.035967916777621955
9,-0.05196107769164943,-0.023990541564647194,0.004230064333169137
10,0.2298549495933323,0.007826433613441597,-0.20077213068077301
11,0.07412580887228655,0.023295248502423288,-0.031203761830772822
12,-0.13728141955573836,-0.09048167736950186,-0.05028944738742902
13,-0.5326789058152434,-0.4014561346121518,-0.453394800499874
14,0.44350571547850387,0.014054908324976134,0.018164506531983704
15,-0.05174467137756185,-0.03626345302569005,-0.03249739592794193
16,0.1992781869136111,0.20180332486120156,0.18957806896595608
17,0.19665051889069618,0.11592181075233032,0.05310585141571267
18,0.18927453707658004,0.1235092507136335,0.04720021525591411
19,0.12092590696636708,0.06212492076434367,0.0067818896889390995
20,0.17786398667126987,0.11811895830427237,0.04951551242846633
21,0.11242404412120813,0.06881608292089472,0.030736731689844476
22,0.05931258207151824,0.04976944865173619,0.04799411383312374
23,-0.5599937785216402,0.13062291294183276,0.01295263678801542
24,0.1573569210019703,0.10263164337019176,0.052257525139918215
25,-0.041178286164346156,-0.04341668160463663,-0.04190533469272628
26,-0.07837378147959113,-0.05503519283231399,-0.04587148245695569
27,-0.6089882245743304,0.21488823173579802,0.01379592246006038
28,-0.09703038607514203,-0.0863108499858175,-0.07730192843941147
29,0.0347498152833296,0.0017280907143729096,-0.019227108108402724
30,0.23963377303290825,0.09402501059241541,-0.008977309571473635
31,0.04394818815465501,0.07088061935745893,0.07307029526488434
