id,h1,h2,h3
0,-0.08103554427448942,-0.010479111617754694,0.09222180087321818
1,0.0408548037421049,-0.02067184633619376,-0.06489055018596607
2,-0.13040803471795537,-0.040769944141463205,0.1764319772762502
3,0.21941200804891275,0.01981219355118949,-0.2839095991384075
4,0.1127740170974991,0.06736807213609794,0.09336161166668125
5,-0.06115309212668718,0.024916554388638823,0.1465971319068825
6,0.02467832430570291,-0.018960411772475608,-0.15098967693150328
7,0.07631481317155248,-0.03437622412158986,-0.13734523110097224
8,0.2429062717786073,0.19151701592721904,0.06974487693483758
9,0.03415935819958753,0.0760788461413753,0.17733764739660302
10,0.15483804207636978,-0.013985421912369456,-0.13707409878066568
11,0.025111287530443616,0.00021319012531950676,-0.08240275023567789
12,-0.07525975645301092,-0.006969474570693912,0.14404702955517834
13,-0.39550173582868686,0.03875405958023048,0.8229061721756226
14,0.13910084122494343,0.028968382289349483,-0.21764951644882286
15,0.0858187998615608,0.0960623838602171,0.12632531533628405
16,0.0373538295814374,0.04643041629833411,0.04638036826872499
17,0.14214288441222023,0.06576401491504236,-0.09893236750453033
18,-0.1327573709315597,-0.2248089671521766,-0.25902229457390014
19,-0.014837332574796247,-0.08598219181421102,0.026035247336372414
20,-0.18538610892390708,-0.3026835402042535,-0.26230718270214193
21,0.11737129433354132,0.05170636915130841,-0.17296352935479384
22,0.04282059156344234,0.011168368525480393,-0.029937628765055985
23,0.007805072085325326,0.2927362405361033,0.6090510547518695
24,0.11827121860393691,0.06455797398989604,0.04074959078847104
25,0.04765566864785775,0.04617790414804501,0.07481509025058986
26,0.07477074011691079,0.0653480087888057,0.134385786130252
27,-0.2763727362077974,-0.0009177132508893376,0.7904899994458625
28,0.15912063004855026,0.2364855847431424,0.22576349513371724
29,-0.05311529951005821,-0.05664548230531963,-0.30974417191098613
30,0.0656766670413646,-0.05425148360157933,-0.4907704167129598
31,-0.066937269429208,0.02474246925168963,-0.19248180011033525
