id,h1,h2,h3
0,-0.06777906559511106,-0.12698573361843085,-0.11996355995274895
1,0.14435612948365795,0.0342346576487486,0.11457514556222204
2,0.05415232937215371,-0.2084606325750074,0.008925765995154114
3,0.25204717102924945,0.31129639182184843,0.2816095809359018
4,0.2072128548966773,0.17118137127867378,0.21798269763245282
5,0.05760716753727435,-0.15963470091499174,0.00034293133424861955
6,-0.048677442355414824,0.15449332637414182,0.0006132018230800562
7,0.13565604549219706,0.23624987538861938,0.17824980016496877
8,0.23150406890717073,0.5890828812608635,0.39353557444080334
9,-0.10408764326042741,-0.1347472129075062,-0.12023345211509628
10,0.2733034870622132,0.3884163511600385,0.33898642605365586
11,0.046518128988545876,0.2517425175808569,0.02752063813443184
12,-0.10994368820660094,-0.17457624145236544,-0.1564347230912403
13,-0.36218589405017754,-1.1135803780503366,-1.111061627192031
14,0.20007507858800266,0.31517970965733716,0.26525009932844673
15,-0.06513142842677633,-0.028311766973499797,-0.055951970864208944
16,-0.1736488202707451,-0.06899808458743337,-0.15897834279701262
17,0.16012912005583013,0.28076140971244284,0.21781783312013242
18,-0.16801927910684783,0.2011279532325333,-0.10705346047455033
19,0.05651271454208759,0.1442902594571568,0.09179978277399573
20,0.1725907456295518,0.25856560017163865,0.21507307487034416
21,0.1561908133885832,0.4438508202368312,0.17786121647291098
22,0.22308839133811825,0.019773543231316137,0.20945201965104487
23,-0.30890851886431514,-0.13613756641470298,-0.9072218771902062
24,0.12321904051194033,0.21178271384757075,0.15619374029541444
25,-0.14127387148262993,-0.4384584578834933,-0.16581786503741713
26,-0.12491020650082885,-0.09971388531301856,-0.13796236860223032
27,-0.3263048782754952,-0.35659241499419025,-0.9198458995939328
28,-0.053878372168301214,-0.0765864762627114,-0.08442932194728003
29,-0.047482151026764896,-0.18776094405583219,-0.050226377704587266
30,0.04320359120433909,-0.16835040927348777,0.6652417243240552
31,-0.01907582058035362,-0.021786999875052282,-0.03670430646460715
