id,h1,h2,h3
0,-0.2600870399704168,-0.2679944479948745,-0.1397887935838901
1,0.11376946905840354,0.11006919472731991,0.0684813741963261
2,-0.38552905218576233,-0.38992664319759435,-0.267408250087333
3,1.0566595992302101,1.0879090467494845,0.6565769721519765
4,0.1128339050225253,0.11182174843013942,0.039037651392336586
5,-0.3802364790360171,-0.3877888497649363,-0.26194825406863953
6,0.18066260531623574,0.16333447646442062,0.11517622158889443
7,0.5167084093675539,0.5332587977844248,0.35364216680417154
8,0.3871910838485396,0.40455929564812465,0.27666055861919053
9,-0.07287756713023191,-0.07163469990433996,-0.1754161687665508
10,0.8034514917161504,0.7781713445983071,0.5083788726292221
11,0.2856978674026532,0.2986450249967487,0.18922761193053764
12,0.013075328340965656,0.015772451998175313,-0.028912463710011244
13,-2.113901914844472,-1.68604676576966,-0.793237810756339
14,0.7807307077742398,0.8048969413061511,0.5199623959089037
15,0.009856442226462092,0.012050600788866828,0.009342705654751815
16,0.02886486303252897,0.034849567696217915,0.006795161430417057
17,0.46176398582534395,0.47049931505159404,0.2785548228528658
18,0.440784914293967,0.4549122993081322,0.2942094949981373
19,0.5163766931812452,0.5300085403997713,0.30602045775470643
20,0.613908100045681,0.6412565616451115,0.38672181976550357
21,0.2710987096468937,0.2854886740190023,0.17173648792670398
22,0.09440471737605452,0.06672555983445036,0.13356274463910026
23,-2.0684823648954667,-1.9357136113534847,-1.007723517207147
24,0.29830737660792317,0.3103594958041413,0.2718390387257415
25,-0.017707382924943227,-0.03993577818119487,0.0624972840329458
26,-0.07663275820241391,-0.015366129392559907,-0.17523751864607495
27,-1.159024345922392,-0.860439500083718,-0.5408030116387934
28,-0.2776402748946598,-0.2824859507793541,-0.2109529924313968
29,-0.14329776720156773,-0.2182722393122229,-0.10079943860861662
30,1.4070356876910566,1.2090647684997038,0.541225433513344
31,-0.009642690875962312,-0.0032215804344260524,-0.041271856120574324
