id,h1,h2,h3
0,0.03784479974001475,-0.175362405414829,-0.18300219800798062
1,-0.048761362270249964,0.005284661575665928,-0.005685568692030851
2,0.07038357120367378,-0.24816849035928015,-0.24696419847746295
3,-0.16530330219945322,0.4448424169906723,0.09827913750668321
4,-0.0009681050901855226,0.10231251964264915,0.10334128229494244
5,-0.09797426772708027,-0.2701325711782932,-0.3439900499393343
6,-0.0335983428038604,0.0890021567388006,0.09327457782770324
7,0.05221712314072584,0.2773789894017083,0.26375025828234666
8,0.10325110096135057,0.30062642680262863,0.3158664046716725
9,-0.04425933692822914,-0.08248367341924151,-0.04507414374694685
10,0.1332339658902929,0.6078655241878639,0.6401137867899687
11,0.08936465765020657,0.21553208785811423,0.21180054392916076
12,0.043094019002455713,-0.23513363919624028,-0.21611799861837597
13,0.09511007369227792,-1.780706432992436,-0.3069508103778829
14,0.00020592499244861256,0.35705451533759575,0.37742534982950465
15,0.022882125831484135,0.03274880674960827,0.03397061711049451
16,0.25215948392348453,0.13983702812050983,0.12082108153770227
17,0.06312632359776332,0.24718413799443473,0.24625710883282223
18,0.02750277639959403,0.3139510412073646,0.32543500515337
19,0.04247733152634936,0.23518153669142783,0.23081639826780237
20,-0.06293931556023301,0.24470844234053057,0.23523769968248615
21,0.05554980023263045,0.2911144273531145,0.24421523589850094
22,0.06170060170035006,0.11178697979341246,0.11331590854531012
23,0.08168161676383717,0.24415551498041255,0.706745563052072
24,0.033303812771542554,0.1623643493581475,0.14377329435617653
25,-0.0024690274407027923,-0.10014555543204451,-0.09853098277973293
26,-0.056433510115116825,-0.09677012322733347,-0.1087903567124916
27,-0.03648427918998215,-0.7410987446199255,-0.31501949134889984
28,-0.0799374612477617,-0.3063894806188772,-0.33990216630531744
29,0.07892689320599536,0.20669836610064513,0.21162620891332082
30,-0.10135575258447438,-0.18442732107328852,-0.3059834103895985
31,-0.0022380808618989168,-0.18004677412433495,-0.15468759640679847
