id,h1,h2,h3
0,-0.10444035534552151,0.08625486164244173,0.10277487396767296
1,-0.1542014407090286,-0.1472431807538878,-0.10193701354749936
2,-0.11762566694153495,0.14356081910344926,0.2695689486922059
3,0.13787395454056417,-0.29754761072320096,-0.3569009045974687
4,-0.0068505687157446316,-0.07969588747704798,-0.16413249829913396
5,-0.10688905691178649,0.14952490145321082,0.15433750714225442
6,-0.0033276765878448855,-0.13726086561472595,-0.17390328134253782
7,0.15818541178616694,-0.13744304718323863,-0.1554534257032123
8,0.11285455245662376,-0.10890944245580439,-0.12923188021956494
9,-0.10237170629752981,0.0030205124968409325,0.009976162465785948
10,-0.15925837127697337,-0.21171743397451687,-0.7755679456585581
11,0.10987408493271705,0.019870206197030393,0.11038305387026975
12,0.036391408612401546,0.2212139981635648,0.30927593728152003
13,0.34216900599067035,0.3214603842188202,1.1954268632495872
14,0.12537692602936312,-0.20897863617090373,-0.24996000759928133
15,-0.0025356687019162383,-0.020129948352089033,-0.07012670399719967
16,0.018314376255181786,0.015403551579014352,-0.03016400691393134
17,0.14422116813857255,-0.12848081088245195,-0.1981435790473699
18,0.12255730290828618,-0.11728822757367469,-0.15957146996619379
19,0.2661808359074581,0.14730047658358325,0.009258264828875817
20,0.07669239695467088,-0.23438880272293472,-0.29682804082851827
21,-0.017478179348440898,-0.23560239315651446,-0.38554394096272804
22,0.1025045584316544,0.03940255837076284,0.022907659866380436
23,0.26673406828649,0.050387230103554614,0.4525975848575544
24,0.107249917232907,-0.0365191173207762,-0.09844651771098345
25,0.14035188241441354,0.18327349833267037,0.13287611831139956
26,-0.07135542687664775,0.001105235490188733,-0.013541251727805764
27,-0.181287758414875,0.25272160730134197,0.3624526994867802
28,-0.06781283707467331,0.060808212723651944,0.09510269008419647
29,0.021062397715129744,-0.15303573558014644,-0.23925062666006702
30,-0.1324873058312783,0.12096287921731874,-0.26493011168639796
31,-0.19467100988021338,-0.18999297737295073,-0.14069272826611295
