id,h1,h2,h3
0,-0.2549665930150838,-0.09967255259495195,-0.045250008402813145
1,0.17676907721268814,0.24163399999869145,0.23755994504704103
2,-0.25637693115032745,-0.017800624374795737,0.021321670056908312
3,0.8199779872027118,0.5807502005492178,0.10050320820803998
4,0.37916209891754726,0.10882379001811626,0.06899860463440768
5,-0.13545970662149026,0.03873317242472574,0.06810391355869078
6,0.1895843278956088,0.2181473719870882,0.1888065852226426
7,0.32304308750919264,0.018405353432877275,-0.01643102596428525
8,-0.007463413824358667,-0.01839319194368816,-0.08201563493279168
9,-0.1864741364153915,-0.07856880892895607,-0.05983361009220589
10,0.38859098995623287,0.10347714627157006,0.014110768846611887
11,0.20650760389516015,0.14175518379111418,0.17321572121230777
12,-0.1720342333394095,-0.00039510206921511415,0.021201703972531988
13,-1.0425407620056868,0.43779238019303557,-0.155279980063042
14,0.3112147485644944,0.07812002518669417,0.060647836662670734
15,-0.011882106018347882,0.012143546670411787,0.016733130486413117
16,0.23359229401096077,0.0897804345007982,0.07625578725062694
17,0.3559313397824871,-0.007068787733351456,-0.0347052478510424
18,0.3547698243520508,0.1258569549482667,0.062267101061892816
19,0.23326758631974198,0.015099483984055306,0.0006947535142323435
20,0.3380138406453386,0.25427480071633946,-0.02709311614041149
21,0.393469154808373,0.13154960784383962,0.09326147370004367
22,-0.01454747128962905,0.03948279656536546,0.03704767503010678
23,-0.9120939987045368,0.26757505979106894,0.10511847908323405
24,0.2811125445533062,0.08644222512820199,0.035433341677168495
25,0.04524935796881252,0.1705945244542707,0.17118766619802284
26,-0.2963943089631962,-0.12291481285321057,-0.09520538743725684
27,-0.5493617771097018,-0.15391788993159303,-0.035478476743038556
28,-0.25937836191420005,-0.10048304348193382,-0.05210949040074897
29,0.11875561183961592,0.0620045529984985,0.051670967461210415
30,0.8418765659392613,0.6729163802018795,0.3930726793914417
31,-0.05069364904726126,-0.07227432280192975,-0.05769122803508707
