id,h1,h2,h3
0,-0.01921557632866451,-0.23549225883229954,0.14474979616048525
1,-0.044470128655481334,-0.012328804020353856,-0.10267101344777546
2,-0.11571235482458328,-0.33845040218854067,0.05751096355863422
3,-0.010572253413505761,1.1242036514605382,-0.13159583209851516
4,0.10275794414742467,0.25246087153356167,0.07239789332892438
5,-0.09817620919846065,-0.3281753120954618,0.04359824404583268
6,0.12052895023908893,0.23304869702865594,0.017667878236022422
7,0.10872005298067222,0.35276174826402545,-0.030199287655199025
8,0.11132993888069137,0.30644019808708156,0.023555335264402677
9,-0.1152680104755911,-0.1908126228512283,-0.0434038905454322
10,0.15248031599947476,0.5929667351424855,-0.05174109576360042
11,-0.05276627777322729,-0.011380338353617625,-0.11142253500263338
12,0.0239907970732251,-0.1574677260174227,0.15126034207795702
13,-0.2784617636863866,-0.476565937195648,-0.007313309567114415
14,0.12386443281885982,0.3797491092266061,-0.07160118114185261
15,-0.03482928068834584,0.028829923778288413,-0.027788111728964282
16,0.04099997851330761,0.04331187513185089,0.06815764527444093
17,0.15950042643486023,0.4239017478784109,-0.06730580219300997
18,0.10226312384808789,0.2875802562090647,-0.07641503402536914
19,0.12407357756004572,0.2997862525615419,0.0015382309774706893
20,0.17618363995657907,0.45268905359032025,0.003571376281529204
21,0.0040873580925299136,0.17425057878940065,-0.15679991988260727
22,0.13478965007992733,0.2634578321904797,0.058647662023910974
23,0.3136441759533553,-0.9951677017823809,-0.7968911947970754
24,0.014761512420142772,0.1733180520113854,-0.10738604395430651
25,0.04526965281581252,0.0490325947405853,0.08396606525520839
26,0.03449938273428711,-0.012696162400196217,0.0884244856658041
27,-0.28244849351963974,-1.0633574065934133,0.25256813760843905
28,-0.06750018394789142,-0.14789053993971868,0.05148833699763053
29,-0.1424509864906116,-0.0343859345014948,-0.20635032415937388
30,0.2401465594479979,0.5686245776437991,-0.013859508770889678
31,-0.05465470260518767,-0.1133212208787403,-0.05756015077813715
