id,h1,h2,h3
0,0.04132379585915222,0.036593751849781,-0.2743456868480232
1,0.06414416238883286,0.050508478729789585,0.20826615625190364
2,-0.21565906392883577,-0.055226230464522824,-0.5274579704151747
3,0.44814916645280994,0.02607648425293907,1.4269184993478004
4,0.06503807011940166,0.05299871156036695,0.31293357200803235
5,0.11753777639584417,0.07915040675564217,-0.3607839417897821
6,-0.07545898567745918,-0.05854159056658201,0.19576108621505967
7,-0.03987360311931226,0.0003965111798511778,0.4881778760018718
8,-0.08425876984551414,-0.05212140582368144,0.1986805104113724
9,0.06025083396585284,0.03454302333019304,-0.06840565331474471
10,0.4900816673409789,1.0246801969119357,0.8581256383855308
11,0.07619752960995319,0.05509003433042209,0.38077127261317695
12,0.07682443196778274,0.0616520798753212,-0.2788915308606158
13,-0.09107227403049645,1.0124291600617485,-2.3003635607069812
14,0.1143107545858791,-0.3312514232428903,0.8664587414537156
15,-0.1500853390740975,-0.16954618722309733,-0.17179549397736776
16,-0.11099427883446494,-0.08483228949675126,-0.10143630121600117
17,-0.05696233342239837,-0.00846493683276256,0.5242844758451584
18,0.04767772926843172,0.03715110325061027,0.5443342602555005
19,-0.16854401358825782,-0.118347686463528,0.20219889550048942
20,0.1551030002878666,-0.24067252758992042,0.6492601924195541
21,-0.1074789588469337,-0.07939152938660732,0.38672866317478855
22,-0.06079465770296399,-0.06413826453529922,-0.09135675486728959
23,-0.4249414046691953,0.5666442848721784,-0.2788995769049437
24,0.017897593468071626,0.02463331644298994,0.4746183290899847
25,0.04300745158390157,0.03371419057060232,-0.047922886715462854
26,0.11305473183447942,0.08562036844576817,0.016768971204526972
27,0.12132725549779644,0.054013978465582396,-0.746573370237733
28,0.053750346055956966,0.004407723729400015,-0.2838767926491026
29,-0.08519931293462227,-0.0077650759661187785,0.35844088403869634
30,-0.12929287239584417,-0.05956675961082561,0.6296274403886807
31,0.020482973251925635,0.02890738501845906,0.004087770850728978
