id,h1,h2,h3
0,-0.08835897337897622,-0.18039369217951184,0.009625042030551034
1,-0.01941106045437705,-0.0039175396512411975,-0.07208199575657173
2,-0.08560950544773938,-0.1451682815348062,0.038826428823199144
3,0.29765445214764125,0.15125466231890744,-0.14980392673605186
4,-0.04437539094651635,-0.032741711823663394,-0.11076577473303509
5,0.017155970998901426,-0.03250606508999726,0.12252785136453659
6,0.05877748044368497,0.09679178181368192,-0.06418386630968614
7,0.004472471063946493,0.04125839865421618,-0.1419311880822549
8,0.03789735889278639,0.07411293593958945,-0.044751250685316435
9,-0.030150748320038334,-0.05198709107817143,-0.010272412449765539
10,-0.05411394756330182,0.19610623674973185,0.3429636079175413
11,0.009419880904843303,0.050071722038051825,-0.047105051898745254
12,-0.07358028670190664,-0.11774422304196222,0.007889997957883588
13,-0.5977351982453618,-0.07983129851419114,0.17427703659996302
14,0.013834871110988411,0.05939028786677375,-0.163075542119536
15,-0.007891891933365563,-0.004420337979847019,0.025408450385294157
16,0.10748701951496949,0.09846088337931853,0.10819083916639156
17,0.09135750440787527,0.15973888517422707,-0.03608311389775251
18,-0.02291973922072038,0.04390951962362244,-0.1355606673316863
19,-0.21266673935813193,-0.19483871852157184,-0.3203992172568563
20,0.1267472528015155,0.17699046504898433,-0.13816657415826214
21,0.08083209653390508,0.15627024364153805,-0.022080161323471764
22,-0.06617496258096689,-0.05427780696409551,-0.08443293739865809
23,-0.37413241176960443,-0.3033539711374944,0.300775940930517
24,0.08972417325574317,0.13469357907452323,0.010954275092725618
25,0.022188500192931504,0.014243831153744474,-0.0057785781981619655
26,0.2148034322815514,0.18374065915323878,0.2239875920615541
27,-0.07827206485520072,-0.10442873117119474,0.13759664084859954
28,-0.02715310932358836,-0.017202224669764732,0.08403293887036742
29,0.17135756856923637,0.2105968782574837,0.16848460936899812
30,0.10737918321861853,0.17293717929578295,-0.10064932894414447
31,-0.20938802854966473,-0.22556869705339663,-0.2289516619985233
