id,h1,h2,h3
0,-0.07994378351065086,-0.07864269449660052,-0.007265284548124362
1,0.16852337383408067,0.182184696367176,0.1730689256369422
2,-0.08500831503185136,-0.09269590608366035,-0.005344953832359556
3,-0.10710910006367035,0.18542528354780163,0.02647835778843327
4,0.02267947911146,0.03751417060978732,0.013816436656301261
5,-0.05165594379331495,-0.050990844432164756,0.03219372425225434
6,-0.033802327118285014,-0.028509176510096712,-0.07177899033166918
7,0.07515606035931421,0.06604471720266397,-0.033680004931495755
8,0.10126879055134458,0.07100027828244981,0.023327539678561493
9,0.034015710909906016,0.05093057199807738,0.08273188632652656
10,0.12186497716772934,0.08878347151164201,-0.010463891128667191
11,-0.039108665497088343,-0.03452518884184533,-0.09958747836492275
12,0.03259582710080611,-0.03838578149975597,0.08888610126199975
13,0.021997413682469158,0.02449367373519229,-0.08228406860673321
14,0.05242357399559058,0.010179715953573254,0.09134653373038246
15,-0.07118294373275308,-0.05922682649255012,-0.05382960753605093
16,-0.049243385502470316,-0.07967939569693135,-0.07761894440188617
17,-0.0018235914167248346,0.005174996241450847,-0.07654728927551385
18,0.001517335592119251,-0.01926877722301673,-0.06400523009219038
19,0.11258901699164559,0.09240503780780182,0.0300949792387481
20,9.483174980978726e-06,0.009189029848779534,-0.060624509192442166
21,0.03288565146189279,0.03877270529547584,-0.02836627758925339
22,-0.06098225315182515,-0.06779083671645347,-0.07096343819530082
23,-0.09305526737065661,-0.12984066089787571,-0.6333514299246978
24,-0.006638371465972043,-0.058929569762204204,-0.09056102338043245
25,-0.0821221669369081,-0.0525577526069555,-0.04256667060935593
26,0.009559421350971431,0.07183661625144572,0.06261847977616503
27,0.09260680628255284,0.3580110587892733,-0.06563360640408758
28,-0.05509365296825561,-0.06622468464209404,-0.026501563039641976
29,-0.051905329721046056,-0.031942983024214194,-0.05287374553346627
30,0.10420621685278264,0.09287352289576067,-0.04431355903543491
31,-0.19773276200223416,-0.20388251098725096,-0.18819559132438363
