id,h1,h2,h3
0,-0.1254849040231324,-0.19021130855828217,-0.14544076080067503
1,-0.007326671763562831,-0.009127105995547224,-0.04991557517002054
2,0.17211970050954967,0.36812864455014505,0.3126975142129775
3,-0.17854699492064138,-0.1466790762230586,0.03949629204828006
4,0.07902646291431115,0.08587738381944987,0.05394692528115351
5,-0.05588623876632953,-0.04070276037167808,-0.043865192617604964
6,0.05547417462671386,0.0561904941814268,-0.06363526888820945
7,-0.056258785759009056,-0.05544119651392504,-0.05395206244860706
8,0.17951597760333018,0.7414474089763694,-0.07456100403091315
9,0.03543552350156869,0.030864915118027428,0.04393583303774365
10,-0.05894338235784473,-0.03588974922421616,-0.08134229978700201
11,0.2604417493532526,0.2958143206885668,0.03822263876426357
12,-0.05499018533713368,-0.05841642161454308,-0.008684037686921331
13,-0.1181961889649707,-0.12696675072450853,0.027122937320768647
14,0.09202153217194362,0.7171429898096953,-0.055715893200798436
15,-0.02794966724830822,-0.532975238157049,-0.45770401564992225
16,0.1671950856260896,0.12734052949719343,0.073625367534306
17,0.025560707412758205,0.023790323762771313,0.024976888664165725
18,0.22064803291669402,0.18583237110493814,0.07886560025532088
19,0.07234084350633072,0.07849966702105958,0.013510175173677752
20,0.11628394566554956,0.3941829188218236,0.07047456566164545
21,-0.21190446339070554,-0.21138526926228401,0.044965464026134105
22,0.03680076483417169,0.1456063787345555,0.12639516590836655
23,0.34604208473080644,-0.10199422836845183,0.29815213160060994
24,0.045362408788390596,0.030736982759360154,0.06145883577572869
25,-0.2345489767102241,-0.13979594831009834,-0.4253764634617445
26,0.11607648056188796,0.10886726767120142,-0.013361417830521138
27,-0.014887779719900018,-0.0008382971299786546,0.0584092785817171
28,0.11197938084465986,0.10734899870465181,0.0188341058933372
29,-0.02134775410733558,-0.05081845044383826,-0.047174182530114295
30,0.12206975906198791,0.14006160165652703,0.1548080843515014
31,0.13886869438939542,0.15567385336620548,0.07591482885754947
