id,h1,h2,h3
0,-0.1524285534757238,-0.14232807477423207,-0.11953325109697188
1,0.027413020197965376,0.03228322814787915,0.026122462330925134
2,-0.0703594519796298,-0.07471179484713042,-0.13651918843402402
3,0.1981563992150912,0.19640484816600334,0.27667702137374905
4,0.022948976272507804,0.03438580930766885,-0.0031613075599054644
5,-0.04958737158584764,-0.05287238628635857,-0.05659192975746491
6,0.186482625883424,0.17132876644793216,0.20647155490148617
7,-0.12516081504122212,-0.13433114598089266,-0.03522261131801002
8,0.23374206064938574,0.18105471898908032,-0.09571899632876096
9,-0.12032520666193669,-0.1036854020574256,-0.0764244135848626
10,0.06869321267449113,0.07934258223347751,0.04350806865533363
11,0.08888076263592157,0.051326172217432214,-0.03574240045213575
12,-0.058426462836742965,-0.07359032805759236,-0.02363048861574829
13,-0.18352409680717646,-0.1787905721632725,-0.1363348277803919
14,0.2936746525300505,0.027552585959376708,-0.10305963411904784
15,-0.13249685404722633,-0.06478168181361438,0.07235238311452091
16,0.09558766909068231,0.07618995221302409,0.03821781250030587
17,-0.0105553638078014,-0.015350692101556734,0.013852169597887917
18,0.15475695169060677,0.033710315578745986,-0.026234276671019435
19,-0.042315400854719576,-0.043400544813798736,-0.06267885209635649
20,0.24174338873126622,0.04991649692928146,-0.24880903884887592
21,-0.08616091164902887,0.16560609015882405,0.03134396778383633
22,0.15780435904300183,0.16968674135684414,0.11223681717474299
23,0.0801467495296414,0.04957195916256957,-0.05895922850763227
24,-0.07547295457182979,-0.06692332048026678,-0.0754343418257476
25,-0.35981265019241276,0.052507247296465,-0.17029980818882412
26,-0.11053314202408482,-0.10087815020420576,-0.09777527428298188
27,0.06922525599488788,0.06572974060563291,0.11242691421618761
28,0.010231422409138768,0.015509840495316868,-0.027735024468829084
29,0.046332413332846316,0.04895581242857398,0.05409426494609501
30,-0.16722913001567846,-0.19914453695004386,-0.2552638367051082
31,0.03660894214569105,0.026045601781363503,0.01512118678829194
