id,h1,h2,h3
0,0.21664342554565302,0.08310388034134455,0.03906909744329299
1,-0.038460101053992946,0.010786452802957647,0.03689771610337139
2,-0.2888138932095917,-0.20881028185746317,-0.16130067470085066
3,0.18316163138522,0.03710164455986867,0.08398822042263365
4,0.10553636606978825,0.09310311701129745,0.10142272947215006
5,0.0654177404475065,0.05663801881080957,0.075653098662362
6,-0.05062017497739629,-0.00987358127085819,0.02248635437637253
7,-0.007903053599559201,-0.017449565134067868,-0.006869260016671014
8,-0.342801772218365,-0.2778529649687783,-0.20240663245799956
9,-0.00035562109023912214,-0.042917499686357885,-0.06797190272185705
10,0.04507332063927583,0.08346281298204633,0.103651738880215
11,-0.16509016461167308,-0.05895081707229527,0.0032060757200487178
12,-0.04363250634285662,-0.0780964520375676,-0.08671574177708163
13,0.2220749955629869,-0.04823032110026598,0.21453565318219933
14,-0.23649500912802518,0.028855315318319558,-0.23309816031397507
15,0.29282687169887966,0.19113688330200965,0.45797738989829234
16,-0.014170378705977454,0.06324250845659501,0.12724614119084188
17,0.08505252615789388,0.0991907098400972,0.10243613455043249
18,-0.1898228439352444,-0.03522022514858686,-0.10321109417293567
19,0.015191409299687264,0.04878532838530164,0.05748207592416804
20,-0.2714219782539562,-0.17750482822420977,-0.39028400178742384
21,0.02230464294097112,-0.06146141798129563,-0.10425278005682265
22,-0.20956387612438737,-0.12644323014248784,-0.17179993905508262
23,-0.39727862430636673,-0.06957087405999629,-0.13768960981014178
24,-0.06692635476041287,-0.07829428963563878,-0.09249802218791503
25,0.4487261367389224,0.1625050912887605,0.15863858889648982
26,0.102368962322363,0.07637385072164654,0.11383402184953353
27,-0.002913732135853636,-0.060451602000846066,-0.07266807258012498
28,-0.0827487402211414,-0.008000510977997644,0.05069766181924515
29,0.019507066720498012,0.04277526931842429,-0.0016673561564290451
30,-0.09672949355941113,-0.028402312305231492,-0.009564317208231865
31,0.027196514302830876,0.06739458163923562,0.056425475490299526
