id,h1,h2,h3
0,0.013041574053647621,-0.13378760297581366,-0.01520509547748898
1,-0.05014163325781423,-0.049991352978864395,-0.06107808064212866
2,-0.13206656117161109,-0.08144396418335864,-0.09524919416970179
3,0.12176125502944007,-0.09122052344383719,0.0526932148725876
4,-0.1074485548079181,-0.11305337975301563,-0.12286970463854602
5,0.16993330729320522,0.1936036687764785,0.1838282966075675
6,0.023078116136883875,0.034263113420928276,0.02461565592788781
7,0.05218400325753016,0.03620415560796843,0.055871653259506895
8,-0.3614039990985245,0.1723699361538119,-0.07331743879794922
9,0.08078027663308901,0.08425680328824861,0.07508440962274474
10,-0.08944914773517859,-0.10303467603996636,-0.07805076664113875
11,-0.062890307230978,0.1861655892326441,0.11176993453804324
12,0.04816617857777587,0.0349517574683134,0.04167150582190868
13,0.24934768304846672,-0.09659553859196068,-0.023268449439470262
14,-0.3508799877687935,-0.01461624143115764,0.008050583334764827
15,0.28980198735093793,-0.43577642717973086,0.2045705433096821
16,-0.18992158335145187,-0.0011639342133914488,-0.13167012709900866
17,-0.05288616583947553,-0.054280756160336396,-0.05533348797015225
18,-0.020662064874152508,0.009782881797225335,-0.022576446532513006
19,-0.08849584319285254,-0.08374004665864532,-0.07455701545653615
20,-0.403720106780095,0.35557526016198143,-0.11939817608466513
21,0.25288151214138577,0.024660638001307023,-0.001590703672421312
22,-0.21752243641887958,0.2518972160230616,-0.03158639698676205
23,-0.3737565162222225,0.16643154267388832,0.034196985340808075
24,0.04277071137873125,0.04594790703877711,0.04653057917038005
25,0.12446740687865393,-0.17011687682388102,0.18157496895043987
26,0.02179973347906372,0.025088282551193164,0.025056298877570826
27,0.09531781912360388,0.08392440290854455,0.052931240658930456
28,-0.06441274012915901,0.04557196845481082,-0.05964267831673825
29,0.043661205978436174,0.02988348618306183,0.02342557304172782
30,-0.10613601752149163,0.06206241697264486,0.02722490418304907
31,0.03808209659404878,0.052801464218592026,0.04645450649729908
