id,h1,h2,h3
0,-0.12792479547360353,-0.11533548338031396,-0.10120000986009342
1,-0.0020793440356416393,-0.005344803918770014,-0.008273708588997564
2,-0.10395676933684267,-0.038776607062061874,-0.1956697867706358
3,0.03498305307991978,0.024948289099500975,0.049331528331574614
4,0.025792367182075296,0.03756725709124292,0.061219295685309955
5,0.09877216486560741,0.10004879232518693,0.1066021165855996
6,0.021523927563507295,-0.03554813547256175,-0.004213608155004267
7,0.05504094153038186,0.05608693771807627,0.05960245200904152
8,0.08242719081297889,0.060567236896010235,-0.41333822459275915
9,-0.08823106330522701,-0.10580356273154423,-0.09167687863077484
10,0.06502401953172127,0.04818308339105343,0.0805328732760062
11,-0.0521544352648575,-0.19159422825568614,-0.28759158959270775
12,-0.2360533063401419,-0.2451723462221163,-0.2397136824432461
13,-0.004698385637885216,0.013590642824094806,0.3100861736301149
14,-0.06557732613633582,-0.02905217519430653,-0.4606568719660562
15,0.010079247503619632,-0.0925254403014619,0.37880896798886754
16,-0.2477135836614414,-0.2953664722484456,-0.3210990803234585
17,0.08208342170613558,0.0755943994231768,0.08111540916423193
18,-0.02214328151784245,-0.016188083404957032,-0.04085252436147674
19,0.09507734702624157,0.09834363397460552,0.10055052138357777
20,-0.13314899801589483,-0.1330625377148229,-0.14860321073214197
21,-0.14218022563526428,0.13025142277194673,0.232798985519099
22,0.15316170279472535,-0.003869116995365171,-0.09616787689485558
23,-0.03575952658691384,0.21890434066905923,-0.3851113885666862
24,0.012523918784557941,0.022389687377110834,0.0020105460605782666
25,-0.029622657583366935,-0.1676677304345384,0.551677718205849
26,0.011325412202912777,0.0030952727489842458,-0.014930852157664432
27,-0.004528482431054137,-0.02904099853923703,0.007257603367475635
28,-0.012508538986789164,-0.022059380653811717,-0.032791019618965245
29,0.08391233866015946,0.06014657814532609,0.05222406752154646
30,0.07147428889105055,0.07998940141018243,0.061426076196999774
31,-0.1588933287362459,-0.17154144174015343,-0.1804644576947074
