id,h1,h2,h3
0,0.038039589130230034,-0.8612157640350764,-1.0802697345127272
1,0.07933623095576131,0.09317649569499964,0.3304708014309393
2,0.4000193564384058,0.28217188698834056,1.0747619726788413
3,-0.45085584231145315,-0.5081719199320334,-1.6069654291940387
4,0.036056862623745245,0.031022367299953946,-0.11492015057677264
5,0.015628184928094896,0.03552028654736325,0.08224057877920457
6,0.28021837457744453,0.2767229806814786,1.071873730701187
7,-0.08523354846973569,-0.1526327459909472,-0.386438151670181
8,0.2894497626646352,0.6200425873913542,2.294181553489381
9,-0.09214203842640978,-0.13405601467725126,-0.22951475800666576
10,0.24475175587727727,0.2842137065385797,0.7305531359699218
11,0.38879174028979707,0.49636459372057695,1.4414824358252325
12,-0.12439109439876406,-0.15309272631336446,-0.4720252054349017
13,-0.19054439440334503,-0.11635407340197335,-0.5753730832377325
14,0.39989118744033353,1.2245186661669574,1.650571011671292
15,-0.24673334532471636,-3.178526630926651,-3.4261860659791528
16,0.3612806919819281,0.38624461142155175,1.1997238107447548
17,0.02908726736422139,0.05651075355652445,0.10778161793987413
18,0.38333913574973033,0.49639158387587307,1.4157256698573146
19,0.16550962795724872,0.23161536019308987,0.592903312141499
20,0.2861307500127659,1.4863912753970303,3.541134001389129
21,-0.46775117448849296,-0.6538868603116561,-1.774446881512389
22,0.39562351293267206,1.1878373499207762,0.7428189135318256
23,0.4840989070477802,0.4558815638013718,2.458028246274351
24,0.07813568468499163,0.07344516615009464,0.07952887475645343
25,-0.7288150555881189,-3.7742807317444416,-3.6734765323991727
26,0.21271801902133652,0.29230604352349376,0.7420911085215195
27,-0.22120156767143312,-0.3002704951836273,-0.9022408001324572
28,0.32924820312081704,0.6301221092407606,0.9673541455829984
29,0.15512239148502432,0.21346749498829537,0.4939932395386465
30,0.3089849890677244,0.39576111850665985,1.1169296346367181
31,0.14790496560589234,0.18602709233165812,0.5291515574740147
