id,h1,h2,h3
0,-1.169837704967179,-1.327985856139881,-0.9506151103457379
1,0.2790811529155274,0.2721861466551355,0.259420219687032
2,2.2192828117955945,2.5701425652552943,1.8317261905095958
3,-1.5966182917740772,-1.4462991004743535,-0.5178696816262396
4,-0.09687005219462635,-0.1636454736310981,-0.04343225210828899
5,0.054160081476646166,0.059653416725298995,0.03964761474515259
6,0.8958657045078945,1.0221805577936176,0.7223753237137405
7,-0.3407202899846106,-0.40600782883546865,-0.24684459448804236
8,2.715867698018711,2.6557196407806103,1.3375172198249041
9,-0.13750515510850475,-0.012726385405356921,-0.20827285897440695
10,0.5295660799505639,0.605203738423039,0.4326142513746176
11,1.4440315600460445,1.6016746274517253,0.52939892200392
12,-0.4084318291839762,-0.5529126518532228,-0.3096975100091608
13,-1.3471109316427172,-1.4632665820161392,-1.1260413237617348
14,2.7924418834389915,3.3790536728477947,0.23457817718499155
15,-3.3445499187834744,-2.690960273503668,-1.0280417133545574
16,1.1381051791489125,1.322642044825141,0.9153827419227415
17,0.010267989314290904,0.013440796639470814,0.017188181853167284
18,1.256630300287536,1.5004782065419484,1.02623916895797
19,0.6171695595838451,0.6809267257143071,0.46459946069682034
20,2.9380017744998064,3.1386476293280476,0.8104464291971558
21,-1.96136564813374,-2.0003730591022317,-0.6066389900819955
22,2.420224003512108,2.497794504575708,0.9639607300140465
23,2.7492089202700374,2.6424041324206096,0.8808363105785297
24,0.06288108690125596,0.04713652276938571,0.07299478604347831
25,-3.5415806577009477,-2.9830693155213788,-0.8149472859685402
26,0.6737149777099359,0.7506985785857052,0.5309608130119016
27,-0.7772736418949012,-0.8813334425412048,-0.6017476915411988
28,0.9478416686602716,0.9886960266976248,0.8621359003343874
29,0.4999441024213134,0.5339240216758556,0.40767423416165854
30,0.9259239748518778,1.1010094575424596,0.7259244845056884
31,0.3872496182738478,0.33967158693106064,0.3736190969642076
