id,h1,h2,h3
0,-0.36926993389891266,-0.07511919629399244,-0.7341197476302166
1,0.05911059005313743,-0.006368693260044217,0.1308716467390257
2,0.5601489707283616,-0.5727781670024535,1.7323517586308823
3,-0.6435875352892019,0.2931465518301539,-0.03959918178927155
4,-0.012847504371302998,-0.013512278404772482,-0.07732386434604643
5,0.12922514201336105,0.07511418017245292,0.20804415403595422
6,0.22662098136050657,0.09078915680137362,0.35855785565475945
7,-0.03998806619288242,0.03748699827340779,-0.16754171831372797
8,0.9212408801170255,1.1352564393879931,0.19398419902318864
9,-0.07957879172187055,-0.02513737235110919,-0.1306959921468836
10,0.2104783916590469,0.05653541482960753,0.4306321435132926
11,0.3413744019039468,0.07863156752635125,0.7760511047046834
12,-0.19952845118169354,-0.0653725927933064,-0.36290182748628463
13,-0.3896314406881318,-0.09290585783802396,-0.7979051403964439
14,0.7061740916229661,-1.148089694843041,2.681865968553823
15,-0.7398297141647532,1.2675832225165888,-0.5929725840069611
16,0.3228111694125101,0.032687232866455695,0.6915878280864183
17,0.04699343294781269,0.018924507039684735,0.08646397933203609
18,0.272845389566246,-0.18262132908812517,0.0319300385813292
19,0.12658229936675153,-0.03725367199150237,0.23004511626325058
20,0.7982857975905131,-0.9175547334707413,3.992016238777813
21,-0.4353793260404829,-0.07782843382074583,-0.6735157112005509
22,0.5795467371966356,-0.7022434716466478,0.14478173890199109
23,0.9205945823249625,0.6659432543470022,-0.038172043765831165
24,0.08794604160543801,0.09891148276393014,0.08183486364143788
25,-0.9607750092366739,-0.5406679320848813,1.0988828102648651
26,0.19939308473509387,0.031106950227887453,0.3941164752017189
27,-0.2193193019247286,-0.026889511686869594,-0.4575534653923469
28,0.2779618088265445,0.035323756379848914,0.615451348749554
29,0.16565076868636114,0.04248718027435083,0.35148131689463746
30,0.2637312855412899,0.0332737293495855,0.560014015121815
31,0.08798023006483593,-0.007971202680387784,0.1955883546977924
