id,h1,h2,h3
0,-0.5308643864173415,-1.069250216711839,-1.0535825844313624
1,0.05539823453687093,0.14393716807016588,0.1383241293503594
2,1.8889363658490794,2.1350914083219714,1.857947925267601
3,-0.6010618015808687,-1.2103544947105116,-1.20156023291645
4,-0.09302901696663862,-0.11353936881794835,-0.11799910388485052
5,0.1402273033918628,0.07323488314094173,0.0815745554791038
6,0.5110295071502116,0.8684614188403696,0.8394051528544726
7,-0.20822560278452512,-0.290612528951518,-0.30391884962769095
8,2.2633445397362406,2.2944475519418512,2.0538045676292125
9,-0.1296931990232249,-0.18837782913521667,-0.177407053094723
10,0.2143817060840967,0.4505250363348744,0.43012439025117954
11,1.2189191999098932,1.0797415447323795,1.292684879248685
12,-0.15785531262570413,-0.46350964946346274,-0.45674044540454567
13,-1.1644022376671292,-1.438416404897964,-1.3923681207766272
14,2.078904275751324,2.4753743952964617,2.403762243982486
15,-2.779922479306919,-3.4635205006180967,-3.2837383297135836
16,0.571524514016114,0.9927616808900219,0.9649684740177871
17,-0.02209696993677568,0.09679294252527557,0.09068278220251594
18,1.0835893390823161,1.3278404568187603,1.3303507185629855
19,0.22963747814110336,0.4383471738336663,0.43850523190876783
20,2.674257899624775,2.7773133066946434,2.9520534124880924
21,-1.5655487335366378,-1.2824048472998295,-1.213121632273715
22,1.9276975557121059,2.343611342208964,2.29458155912339
23,1.9069768471358588,2.053925916945503,2.018022503402309
24,0.0539297585489133,0.18447957672143372,0.16041128433620888
25,-2.977154359272226,-3.163240896014201,-3.1474343760308376
26,0.3760349890774489,0.7123257357886548,0.7063881992392462
27,-0.39194917153619924,-0.7575553957761426,-0.7553443505193852
28,0.5642774819564954,1.0067974889874431,0.9941581963240683
29,0.09714403641057268,0.35324498903968893,0.3566591655867743
30,0.5056157974327703,0.8149445287703104,0.822825403509655
31,0.2784040438555026,0.5001602700501379,0.48384643045885256
