id,h1,h2,h3
0,-0.9491860918458598,-0.5738115842849973,-0.3755767078133646
1,0.23346091244950123,0.09934682951546703,0.10214721813302857
2,1.3354623735076854,2.2996940018526675,1.5017841613045477
3,-0.8868196918586817,-1.3621586136902324,-0.29733195143126356
4,-0.08625433057871784,-0.03206071166024704,-0.017767488885876925
5,0.30887261561971663,0.19598155280541085,0.1341266050306727
6,0.7581290616202657,0.44823005926387244,0.3496107239118187
7,-0.2720677896961958,-0.16791575559925886,-0.14399436213231803
8,1.2737217887648864,2.61919769209263,1.1127218567345691
9,0.0029770452650534907,-0.010873981802269284,0.00046586984854196656
10,0.37598075088864286,0.20683667129750918,0.16466716363276182
11,1.0865843131905333,0.6360439795665686,0.514017354168057
12,-0.44676048878430064,-0.2664520892535953,-0.2190506976264746
13,-1.158236319766779,-0.7508838715216726,-0.5778568331265186
14,1.7245460462164073,2.3520917921951963,0.38286884837545637
15,-2.063076339834735,-3.289945693274754,-1.147432007619813
16,0.8879733145282612,0.5556259586831234,0.4564009224538418
17,0.052468006412919044,0.008776952021002704,-0.0022421676202805108
18,1.0850610844557596,1.0047851209213663,0.21802075788377734
19,0.4237090201971256,0.2406962012471365,0.18683789200728962
20,1.7777872553239762,2.8629792634252493,1.9779863370381414
21,-1.2610437564949117,-1.5503663405709185,-0.8809218670407866
22,1.6912250072245851,2.1841772517550053,0.5996937982785087
23,1.958335233751572,2.702319958788404,1.590472954742465
24,0.09201964276989383,0.07932619494401472,0.07357107056008722
25,-1.8075210694176367,-3.0153940604115017,-2.7745386955945603
26,0.6173876504166337,0.37130072991817004,0.29341421086676045
27,-0.658180640646932,-0.4005189748786081,-0.32656957838630546
28,0.7623373076195985,0.8828088598615726,0.42356948353026336
29,0.36734000205896516,0.22150056790628986,0.18563171743797946
30,0.76939824833818,0.4877807563965423,0.3762394341745828
31,0.3771815785226331,0.31295264326218186,0.22196843636604566
