id,h1,h2,h3
0,-0.7639116037336224,-1.3733252588503386,-1.0874152579765268
1,0.1165423482079126,0.2035112248127588,0.19628717748386015
2,0.9102398949212787,0.7639253923678598,1.2768401650386338
3,-0.8493085063597035,-1.7070878411520152,-1.9652079939708589
4,-0.06652297636474824,-0.065918550354777,-0.08091121964728071
5,0.04625643843012353,0.0230664100007502,0.02035181875013651
6,0.4954848160834461,0.9264192614324276,0.7370275695325814
7,-0.22313410636098965,-0.4412571852748885,-0.3305227489162178
8,1.27074447478133,2.491743930416259,3.3097534972971787
9,-0.1339297791784321,0.07991724340895029,-0.06316754022142249
10,0.3664182023529536,0.6630151141650914,0.5530592347477108
11,0.8333020401058603,1.171562769392853,1.57282738101303
12,-0.31963627282815227,-0.4066009571951496,-0.4379207064491768
13,-0.7838781542921465,-1.3622596217271241,-1.7478763082874007
14,1.0998208272744394,0.8250864350592353,2.166222966914633
15,-1.9873991506175104,-4.5992655476375,-3.1109836567010762
16,0.5452621485780509,0.450625467015556,1.1900142098525166
17,0.07743034066663071,-0.05382368188780823,0.02646611154899553
18,0.8250801241659852,1.1336064130458887,1.6814417624784268
19,0.47935207717153694,0.8261063613062066,0.6892444583324211
20,1.0550025760668262,3.0897707099812886,3.577123473098508
21,-0.9385879358835539,-2.0368104915293523,-1.9196313917911252
22,0.8368833546511844,0.764973788077586,1.5974536778403794
23,1.4379206884093423,2.527996610082053,2.8904720174550715
24,0.007333615811761063,0.08900320732440498,0.05538928885902816
25,-1.9260632267451148,-3.5000865695061303,-4.525032683124602
26,0.5255591458207847,0.9390801159783967,0.7568182503183702
27,-0.5199079385141075,-0.6712802955943198,-0.6366983172589945
28,0.5491326207332015,0.9966349137800505,0.836323410437023
29,0.283459638590113,0.5285856784033568,0.42985306411765695
30,0.6112432275865926,1.0889577943045254,0.9272395011322971
31,0.26718823144316284,0.48145441921333987,0.43398245448199135
