id,h1,h2,h3
0,-0.5778221637223856,-0.7820423765969757,-0.6804357274673052
1,0.16133169423066857,0.1732402996331991,0.14776972502097202
2,1.0612639119301719,0.5428213300860191,0.8108903378153889
3,-0.5777848495314942,-0.6545423375909003,-0.9259801750536173
4,-0.0020981687405537686,0.004434758441992287,-0.03005412175342398
5,0.0452011301094399,0.0511762044995523,0.04098849408179722
6,0.4557785562611646,0.4957016967063503,0.4106614494867791
7,-0.3178416080786948,-0.3694568636601595,-0.30924726788328855
8,1.2929017189391763,0.9287558668796306,1.410320867803914
9,-0.09821238209325722,-0.11381368587343427,-0.08343276789332421
10,0.39870766115977446,0.4160267230228698,0.37182366274394896
11,0.7815404555181307,0.8138485814339729,0.7018602201470865
12,-0.2950815117259863,-0.322427413317679,-0.2735257228616825
13,-0.9813676773165412,-0.8288978052238558,-0.9664891621617182
14,1.3466535985400372,1.5406486509198531,1.7981307181100759
15,-1.9230048841632703,-2.0824903507387207,-2.1198841484851276
16,0.6686211989450428,0.7300513588966264,0.5763070240552959
17,-0.06287866007343867,-0.05893041771492713,-0.050998721016543846
18,0.8502779763013708,0.765517363241996,0.8147849384341349
19,0.2649557538132229,0.3090141163311281,0.24632587125354505
20,1.381795886026962,1.1630834413247046,2.0685862938397586
21,-1.026124809948978,-0.7466758388407748,-0.7598665265848102
22,1.1590915371022787,1.1611177990171961,1.4641122654171737
23,1.5168477755144107,1.179438656478015,1.2969596998958315
24,-0.032455222141624884,-0.03649676678561248,-0.04420357461872068
25,-2.186504101773064,-1.9715039976256805,-2.514600929077366
26,0.4108562069754973,0.4298018949802504,0.36904457177621103
27,-0.4160272313864491,-0.4593979221868236,-0.3891252486893147
28,0.5185581651369529,0.5933975549459982,0.5001157475969624
29,0.21058029524852714,0.23276974612637047,0.18708846331110046
30,0.6689667043106989,0.6762193626410546,0.6071832225945957
31,0.2794458716484794,0.3112311863327429,0.26330111044181986
