id,h1,h2,h3
0,-0.9289167109253724,-0.5455275929548205,-0.35465183944357015
1,0.12069044811267748,0.07769115085917205,0.12005284134689975
2,1.8241978787989073,0.7212391576924363,1.0494216270969559
3,-0.6936849151080131,-0.46995249923052246,-0.6832853040373215
4,-0.0775438001304638,-0.04965809207144756,-0.07613933194939354
5,0.09117598202787724,0.05743366874579292,0.08637377657840778
6,0.3529649592431835,0.22356996671409213,0.3401922116803502
7,-0.042789925787566796,0.021051482096601903,-0.05993980514911956
8,2.7885170870358644,-0.8251625578973538,1.778961382079491
9,-0.11054795826991981,-0.08660717800892542,-0.10707122680039133
10,0.27781419252800327,0.19793125127911487,0.2676659893914477
11,0.6090613831482163,0.4417083557644506,0.6037372063386204
12,-0.21268232213940155,-0.1340228968927555,-0.2193897546665065
13,-0.5917619825619177,-0.3567364192400562,-0.5825615802155213
14,2.5669336197998796,0.7949353062272834,1.0690426914299975
15,-2.8519895964924373,-0.44339487064481253,-1.4822120151857707
16,1.0000716724806806,0.7033659499233409,0.5954195430893776
17,-0.08919400000413935,-0.07577246358017042,-0.08941628684868924
18,0.5775021324168348,0.350017101215826,0.5483980389591739
19,0.2692457619398576,0.17517507321289746,0.19367208203027775
20,2.379198730050174,2.2784400838203913,2.503706834568041
21,-1.7196957107606388,-0.44145921910457003,-0.7006593802957277
22,1.9623080536505608,0.27571719604439904,0.5463079246990727
23,2.8424057232802755,2.452158413659157,1.09014827275459
24,-0.05125048504229107,-0.04711805897863233,-0.036807034194648536
25,-3.293575351114663,-3.4678381937193965,-3.493352884671866
26,0.2841728423089789,0.1740231166118529,0.26340981173643874
27,-0.49431287249122546,-0.12748590096300633,-0.2863728702013555
28,0.3639609187571503,0.25965509219912986,0.3656252673135309
29,0.1824523384673079,0.09482781354278896,0.17696566868839303
30,0.4421117941556427,0.2804874554796586,0.42623032763391955
31,0.1860576172494176,0.10323563106273642,0.17894209798193175
