id,h1,h2,h3
0,-1.049411242566996,-1.190872114929555,-1.0208363460343612
1,0.1863488251496169,0.13719920605002292,0.1778154333579271
2,1.8056698233217225,2.142544650397231,1.773359163347519
3,-1.0215315627944528,-2.0597020922284766,-1.3708269059531348
4,-0.10143626107653642,-0.14646031333423815,-0.10087764687456113
5,0.16242670614629617,0.17990490443786356,0.16296854657120458
6,0.7771100713085898,1.0046924242426056,0.9821053158760505
7,-0.2788854615554519,-0.3641912215327778,-0.26682430975266747
8,2.0581927152866344,3.590826864770964,2.4205636112675677
9,-0.235419522262731,-0.370155147169409,-0.22431907070594315
10,0.4504130702427006,0.5464060460093975,0.45593196473891734
11,1.035842365348675,1.1914415664017892,1.0112475221593558
12,-0.46211361198881934,-0.45796829907253234,-0.45051835615188723
13,-1.060544378410017,-1.2897501169400076,-1.3043672677905047
14,1.4201421843971773,1.687768196375663,1.9329041820871715
15,-2.280709593991603,-3.5940460555163556,-3.0736957506947244
16,0.88054763638976,1.1287855094153731,1.2657361979225468
17,0.028434744342611985,-0.0035853162027924164,0.03220865635195458
18,1.181099292724561,1.3209457480813835,1.1683876782726932
19,0.48001515919372867,0.5538930153394422,0.47818724881530295
20,2.2253532310101205,3.5463300882591655,2.925350944951637
21,-1.2327065661336816,-1.510939646671974,-1.4512096051169592
22,1.7554955058811326,1.9828921723117419,1.9757636210283003
23,1.7515675520590341,3.1860413872646953,2.447252806008654
24,0.06909372441205064,0.047308263188963695,0.08121022154372581
25,-2.2654886579759705,-4.221063569539943,-3.085957962519882
26,0.5861544851365121,0.676462235782626,0.579927637649631
27,-0.6951769941633473,-0.7394449680416574,-0.6851567145152424
28,0.8667237158848903,0.9119391560734272,0.8454290983949417
29,0.28673922130244556,0.3294536298499912,0.2949905827389589
30,0.8297570552136891,0.8785597188260913,0.813069456914568
31,0.3944413670849693,0.4538271537866005,0.39656547450628854
