id,h1,h2,h3
0,-0.5174387820870666,-0.9178040832739733,-0.061589587202770205
1,0.06711566247940909,0.019094642384628158,0.02121107141079684
2,0.9726949229287848,1.547209940437234,0.7915700167606554
3,-0.4547417730999052,-0.8496404129688113,0.9983463422080108
4,-0.11571743670061374,-0.08078020816846651,-0.0562393014619893
5,0.1600898191815625,0.029594678545300956,0.07378002783257143
6,0.5579826935261187,0.21959782996864902,0.1694691306670236
7,-0.18714093603111134,-0.02368354283229758,-0.03040590849028918
8,1.3586957634790244,2.390960539928539,1.1423018298905905
9,-0.06061845367731118,0.02233816914559597,0.03044756674461943
10,0.3435644188227034,0.05941264622787301,0.05003184124989016
11,0.5746592018926424,0.11527836441315617,0.06533811140433357
12,-0.26103761395602404,-0.07083562372003105,-0.0586341678640131
13,-0.5135203235021608,-0.6855810097059476,0.1876500460146514
14,0.6154803853087545,1.795096048896615,-0.39144908348432583
15,-1.4622350941554936,-2.0784662881624305,1.5953216848791567
16,0.5084807424470081,0.11170197355571684,0.07575906793087696
17,0.07265348113072198,0.03109484976213265,0.03523562335719074
18,0.5578853280291041,1.2342320273437002,-0.00795487647523846
19,0.34599298841776654,0.08097320466949384,0.06635439362400476
20,1.0983507917446904,2.0999602586406496,1.4613840096747712
21,-0.7431565341660432,-0.1901982769031756,-0.09071339336067702
22,0.7235434312314966,0.3804784365397529,-1.111610502517032
23,0.6081637105334221,1.8489399728242155,-0.031235760017696568
24,-0.0745408210697916,-0.07668654680073175,-0.07479480647552864
25,-1.4447972924528207,-3.213906456778997,-1.9311798672037226
26,0.351069142943531,0.09787308183814064,0.07597750595736291
27,-0.37201500161667195,-0.09199087947903645,-0.04249681151850039
28,0.5217332519959905,0.08585795885164738,0.04296534695133086
29,0.23053707187555733,0.08650434495365056,0.0814603415824296
30,0.411818609428883,0.09382800010663439,0.030906658298549536
31,0.24538529813577856,0.054167081055263716,0.027244651520588914
