id,h1,h2,h3
0,-0.52581436518567,-0.8725894947964982,-0.40612679376541494
1,0.02280941599822696,0.09712186812464735,0.010795115703835921
2,0.9871983801721771,1.5582790293159576,0.7837155217492753
3,-0.38836285695291184,-0.04183073596158993,-0.8208364570583996
4,-0.08997432478456294,-0.12948040261408522,-0.08760694037031314
5,0.06054358185038028,0.11191682582171314,0.02265210546942903
6,0.42822608092058284,0.6867213068241798,0.3445043752447537
7,-0.20826321473408435,-0.28195856223976057,-0.1591403968507002
8,0.5968304665358451,1.2305348609205324,1.9450202746334018
9,-0.04547991205185009,-0.08139487761691042,-0.027388391685768093
10,0.22886649508672452,0.37033643651540216,0.1729810088358537
11,0.5874084260123927,0.9162478471676633,0.4566009460204787
12,-0.23174558240046544,-0.3551665909943329,-0.16530245376826957
13,-0.6630071998021895,-1.0695064174439464,-0.4542600235432219
14,0.4802753193598802,2.120803386747811,-0.0029230485733756084
15,-0.5146568035072371,-1.8780324721467494,-2.255666595265792
16,0.151923182602494,0.19642386428479996,0.4546570222269767
17,0.06187324408755729,0.08108491703821569,0.07279534220944739
18,0.6249991004197974,0.9974198970413217,0.5053910943815714
19,0.26932257492792777,0.42859545780269936,0.2210682273041574
20,0.5247939853198922,-0.19556743997595008,0.4053976728983012
21,-0.7166076516277038,-1.1766971999966847,-0.57902039593713
22,0.12612394973594454,-0.4350989186996862,-0.16480858238572277
23,0.0013751543964402868,0.34912295071458455,1.945542824906655
24,0.024982774703992766,-0.004835617265382786,0.0014147494992731713
25,-0.8792312093458302,-4.563451281041689,-0.5050143543715423
26,0.353308481684315,0.5351155628974804,0.29568291501046995
27,-0.3450306636118502,-0.5455346349216976,-0.28833673727783826
28,0.5436799712739737,0.8981032368078345,0.40881811146608005
29,0.17982150530621643,0.29021710124070843,0.14558716274025635
30,0.5063453760933826,0.792945789741979,0.36901316141125506
31,0.2575595991548634,0.35310934276608086,0.19108792980639275
