id,h1,h2,h3
0,-0.6680372897638267,-1.0691527701711458,-1.1045398918827465
1,0.14364427240517735,0.11059381982141109,0.23934084399446232
2,0.5462112404325558,2.249056188195081,1.8820280103935914
3,-0.5303380630345563,-1.1810566565509397,-1.4382867842801355
4,-0.09820401959371618,-0.08914858527926267,-0.15215972495272528
5,0.052133354039894886,0.016935547048007094,0.07340470246917496
6,0.489405809852591,0.41611977569647873,0.9142295393035723
7,-0.13405920941507088,-0.09208562664346459,-0.2307629196182922
8,1.5330121363913793,1.4254025639444259,3.4062366755121927
9,-0.15172416130747673,-0.11491110388633044,-0.2248314480044457
10,0.25619992764898947,0.22293393161762998,0.500270823424972
11,0.5287434415113578,0.47614752250365167,1.1355602829182583
12,-0.2083941829041741,-0.16705840012251888,-0.38457609267838505
13,-0.7351416549737237,-0.8917030064900809,-1.0787089502685216
14,1.1739702703243986,2.169648767400854,1.296168652713595
15,-1.5981354455480745,-1.4981273619034479,-4.410689758648077
16,0.5325521986941463,0.7324350592238202,0.8085738233332009
17,-0.04748514531001119,-0.01673866645634342,-0.0635881903216467
18,0.513298256186981,0.4290087137595492,1.0073095941889252
19,0.21883923909516756,0.1823102714503827,0.4361061355376231
20,1.9861215431266817,0.4578856743711022,3.0815232077582313
21,-0.6113297539735758,-0.5438929302999833,-1.2251866668099576
22,1.0304908966423605,1.7431704952208606,1.9510162750780182
23,1.276309497582137,1.9844667805096896,2.2380468695128104
24,-0.049588085032448936,-0.012094617236052818,-0.056079233717944155
25,-2.3022996209620743,-2.555984297222406,-2.2312261360189947
26,0.26351467934980055,0.24668066633589816,0.5643458337570798
27,-0.30805336195639205,-0.265530334063354,-0.7031573634231136
28,0.3675467430914664,0.2836836926457272,0.7675963988943292
29,0.22852103138399646,0.2151615269124651,0.44751314236189593
30,0.45818896828817296,0.3771552099100539,0.8040894883366171
31,0.17295955246248967,0.13461535102735595,0.32648317138175725
