id,h1,h2,h3
0,-0.5609696601790972,-1.3709623604943113,-1.6091484210375746
1,0.03794795093764222,0.28228209021112316,0.4801265889678563
2,1.074426338658431,0.7120691127081719,0.881981759931202
3,-0.7687419987191203,-0.6951380151076911,-0.8312060055006285
4,-0.03168862919175569,-0.22687788890841581,-0.33780601416728356
5,0.161740350701777,0.25237177775156816,0.2669409923777036
6,0.5854157577436508,1.2382031465530463,1.558073726372312
7,-0.10322145248102149,-0.17131412896123654,-0.20821847431023388
8,1.3507988939614093,2.493670160314622,2.9305403083311736
9,-0.004484685200703387,-0.04499726838744572,-0.0883310178447855
10,0.29981306716855805,0.5941368647555921,0.7515775793252653
11,0.7406792748791432,1.5357586922718143,1.912406347292854
12,-0.25795814954244317,-0.49398623172809886,-0.6051316383147183
13,-0.6835367190465252,-1.2981192454048907,-1.3711879858029894
14,1.0805032887245725,2.5098606340941956,2.554240168204928
15,-1.6087895044477043,-1.360415015425082,-0.9362823300542626
16,0.5968640896454147,0.5552614796211712,0.7430687845517451
17,-0.06509212754453197,-0.2685097722096884,-0.4029407473961849
18,0.6144336335073856,1.3358177158447317,1.6850669102746685
19,0.3067316829818071,0.7394573633585982,0.8935748036527069
20,1.0694370509730837,3.3907141229169073,3.43301572350818
21,-0.46108740553441463,-1.0076248225880144,-1.248345291853787
22,1.26558439865906,1.6948136133966407,1.6520239463107558
23,1.33868758715278,2.1664887376188493,2.7480682977717756
24,0.018823089871440324,0.2062629495168843,0.46115135751148895
25,-1.5804026578642434,-1.5579540135512993,-2.089570973504413
26,0.24939235464525528,0.5382099385033196,0.6622453278471491
27,-0.452991882830331,-0.9493733204069513,-1.1789916345687377
28,0.5783960802275598,1.2099378695600032,1.472842746282432
29,0.18913154170534616,0.4406946341287473,0.5632637522085224
30,0.5261716702775192,1.135610430490127,1.3850411273813272
31,0.23807213887700474,0.403859890667071,0.4118077990202944
