id,h1,h2,h3
0,-0.43862637040525154,-0.6652727834175958,-0.15375485543860146
1,0.16197197284622833,0.22415068060153964,0.06255767841717423
2,0.5436951437431743,0.17555672157044638,0.5731088455712875
3,-0.3543689192230007,-0.5221600094556088,-0.07009013524850205
4,-0.10321246429535519,-0.1303138330904412,-0.04383125504957891
5,0.11529935454392329,0.13988047149981356,0.08721111530120024
6,0.42877960411993615,0.5894167524421372,0.09386604724095629
7,-0.06047331357296365,-0.08765520337161092,-0.012704671762345743
8,0.5143563852230366,0.39656150876676,0.5553751305245569
9,-0.014992912116114393,-0.04342547925220494,0.006947215915728111
10,0.27353771947467087,0.3783564284539521,0.10410242578329618
11,-0.1408743237634686,-0.0848820549354643,-0.003908771542849909
12,-0.34212620922724063,-0.42920024626562775,-0.17857775756719185
13,-0.3669125728313153,0.2541161623347122,0.007088712774895201
14,-0.04494025446279798,1.887587270597777,-0.15311337335461717
15,0.29091563494304246,0.10115027357436479,1.082275379829376
16,0.5127281897380647,0.7401686773859529,0.11130303085671917
17,-0.05745797030329114,-0.046776221903685355,-0.02714296042969877
18,0.5995556053941883,0.804968984079759,0.17326273329516867
19,0.3237635414990868,0.445270472008342,0.18743213811514242
20,0.26748022712642533,0.8030267996049573,0.6956777934730101
21,-0.1963844441258099,-0.4172249692463189,-0.16715426346862092
22,0.20950617766836066,-1.0794019448879297,-1.5831396461492186
23,0.2354010640327463,0.2993915070714143,0.4185375959161869
24,0.05267526143068291,0.07994281709517459,0.0571947839277695
25,-0.054344416893493064,-4.642153596681375,2.0613656535996
26,0.2573733854265391,0.3651388598837837,0.0778857139309963
27,-0.33587741585365183,-0.4715971637366245,-0.13499044905366492
28,0.5027772440729963,0.7421091273789542,0.16924365870148683
29,0.09129974588435269,0.14621580218337765,0.014365018044109612
30,0.46248342714510804,0.6007298069334555,0.11567786379412742
31,0.18570065545352588,0.2349524807536497,0.05775217950843908
