id,h1,h2,h3
0,-0.2612055269653348,-0.5147325802263388,-0.6356747222702127
1,0.17891654165908508,0.10435402054049225,0.128389137789585
2,0.22993524590404552,0.21868060353583063,0.6022948887003924
3,-0.07005696657103166,-0.09089874595111092,-0.6684942794466828
4,-0.002584097047260092,0.006811579124691658,0.009878034713609263
5,0.12049475268074983,0.09757294986919418,0.1050574847105531
6,0.5597392658741586,0.3791574289276163,0.39466106774049137
7,-0.24652166954341792,-0.1788165260038624,-0.1645864826774846
8,0.930084974730538,0.4612955151806789,1.0910258507603139
9,-0.15890913667066575,-0.10013365764603877,-0.12021538809613014
10,0.2917314738036203,0.197488216276371,0.2282703789439508
11,0.23794371662718755,0.04360074655486197,0.17309061980079024
12,-0.34542677236503994,-0.20198916199854758,-0.21507537229645277
13,-0.6234979816972572,-0.36175362776157755,-0.39032953008499843
14,0.4283451628581002,-0.04445460664775702,1.1101781360390406
15,-1.2947228425160255,-0.01226630749886648,-1.925124670030213
16,0.6161303980361188,0.3555761297013542,0.3756670384175159
17,0.11383963868300356,0.07454935121987011,0.07210474998927402
18,0.38662183930256905,-0.055383721268888686,0.7259127324698866
19,0.19040544501849532,0.15350369261166275,0.15208584097694944
20,0.5057517358838259,0.6820770901363997,1.516890586903541
21,-0.33463354471207946,-0.4834743718715999,-0.9107867888831689
22,0.30112068793035995,0.662214072419985,1.2281488271211196
23,0.4309044016597636,0.3475827295946446,1.2866035615154585
24,-0.0583306169992146,-0.024149590879437827,-0.024414458409363543
25,-0.4617039346786079,-0.7722918695422607,-1.305678316987079
26,0.3477219734577671,0.21438023017344038,0.22297548895110042
27,-0.2884380621561795,-0.17911492365854476,-0.2674589752628382
28,0.5479665067033548,0.36282617090618774,0.3436217919984411
29,0.2668738242130996,0.14365928117013804,0.17463305934775142
30,0.4780617097091829,0.28534296752692145,0.2953767260949075
31,0.22430263764911573,0.15467800738062606,0.1537920720600531
