id,h1,h2,h3
0,-1.231135888547525,-1.1500247059801167,-1.1337289531280519
1,0.1544089284674531,0.1583600476765794,0.14045698991875355
2,2.4102639599690594,1.2964207985298526,2.1615105828522942
3,-1.7373537667740766,-1.1208152504185271,-1.4427171436410144
4,-0.0243379797261587,-0.01553180286958289,-0.009694612749475973
5,0.18673697512352416,0.1717361096592535,0.15686730145912553
6,1.0232134474103367,0.8987106255758563,0.8811897769633824
7,-0.22294365575501185,-0.2504164196773193,-0.20551375550814285
8,3.3402485056798596,3.418806247611973,3.8162895671950707
9,-0.21211547128566283,-0.19609572563972216,-0.16778180676075694
10,0.4587303480905542,0.4214424635776227,0.3661648534910643
11,1.0118595792815057,0.9356824880967053,0.8099785096493387
12,-0.46867534719266274,-0.44785082451331754,-0.38804643478180395
13,-1.5255231543805219,-1.1875019474675732,-1.185301913707083
14,2.6742631272093145,2.204823195215966,2.39711316170706
15,-3.7574423216398083,-3.548461119790315,-3.4176664359360154
16,0.791014010986656,0.7726176919569246,0.6314203588337683
17,0.13016494222763642,0.10913803021951729,0.08607456801742663
18,1.853586755146801,1.7032386196869336,1.8512322131661387
19,0.44621881431880117,0.43348997666714273,0.34809588401678176
20,3.782969644394987,3.2379607182324857,3.343325994505147
21,-1.8168805806804929,-1.5573961280073012,-1.7752367786554304
22,2.7211689756371684,1.6452804140928043,2.062720902735179
23,3.0953595631010216,3.2957985313336455,3.915780061308881
24,0.1213555569105293,0.11675258263655608,0.11254595860252858
25,-4.097789106980844,-3.259258138804389,-3.7241788365373747
26,0.5437433570317167,0.5133052431173336,0.4595392957248138
27,-0.6932103362761965,-0.6423515488254093,-0.5752414372691727
28,0.9148812887947448,0.8731807351759895,0.782003039930026
29,0.40992290843799356,0.3866549014355377,0.3505248486131002
30,0.8042726556716429,0.763689267624965,0.6787793758155303
31,0.4247458664213066,0.4139994862402498,0.35124508053469006
