id,h1,h2,h3
0,-0.41117422245793994,-0.42998009411392524,-0.6073970667122807
1,0.09930552187721942,0.09388235506041459,0.1434717857897409
2,1.2636781343525119,0.21158300870974867,0.251790474447505
3,-0.6925037543892956,-0.08719083243416731,-0.7625393503117532
4,-0.06915053420433644,-0.09735839067168665,-0.11407106863211916
5,0.07558325193380061,0.08393013450889013,0.08953947153091578
6,0.27031157009039575,0.320139061603839,0.46081953135500847
7,-0.1489019274130432,-0.14766013401312528,-0.18872906922555333
8,1.5184085906295925,-0.0028548445905864778,3.1229043711128717
9,-0.027861392310260268,-0.03924140994209449,-0.07023530461468708
10,0.19072969875255683,0.23995417411257872,0.29996183386855546
11,0.4186887420726049,0.4971371758152314,0.681152169000837
12,-0.17964534257931464,-0.21164361843616897,-0.2855182146080868
13,-0.8222367940217123,-0.10297252574010665,-0.9979833379047905
14,1.1939911797157787,0.09971686717616704,-0.4324276545644036
15,-1.1403004967971688,-0.7130992236508433,-2.195593739793536
16,0.6275854953366594,0.1526563002956397,0.5538210202038651
17,0.03997021052416047,0.06802580331921315,0.062487077408357544
18,0.8100099776487036,0.2571733670313431,0.6346626516006981
19,0.23352633834489742,0.2631279997874124,0.3228121165178027
20,1.6576345703997797,1.0830474789867115,1.1468221333601647
21,-0.8897406930212173,-0.16224104495250724,-1.052933262574096
22,1.1085984176581414,-0.031488511312233514,2.1083182266762974
23,1.482863592315617,0.5451840456564854,1.1031341781645398
24,0.030649713552458407,0.05097419924374125,0.0716189630631831
25,-2.2192401439133027,-0.4333698111190768,-1.8079943865787458
26,0.2496522218393455,0.28790048463677903,0.3498882202682332
27,-0.3055847724209729,-0.3435084790830657,-0.44857058006688494
28,0.3756601224218834,0.4170381955719531,0.5682095887840456
29,0.11903895860952646,0.14049758585676597,0.1922080762378331
30,0.4484151946682871,0.49680860858386466,0.5694438127785204
31,0.08084959153628107,0.10179097910378151,0.15755166462459072
