id,h1,h2,h3
0,-1.537830141054195,-0.7474486149625799,-0.37206983083639245
1,0.38322323416821685,0.20856751986970015,0.12010772148569636
2,0.9054327419820655,1.7469931150504197,0.17725962239712326
3,-1.8728147326740532,-1.0274537129664767,-0.5113731925248844
4,-0.2923266501262112,-0.11974786185771488,-0.06515886983413602
5,0.30221970622774663,0.14846328337007306,0.09191628206650357
6,1.374695837169106,0.5714973086210006,0.2793984162862395
7,-0.3323119030688417,-0.13958378778548436,-0.060017321622950315
8,0.8288762505156451,0.1928858679606042,-0.9813991113120759
9,-0.2045270072201394,-0.14274027809376155,-0.08732123322041241
10,0.5753863588417076,0.322654821381393,0.189039111765604
11,1.7331518701229376,0.9166784486481692,0.44262298690361634
12,-0.9284064945905466,-0.48066439438243386,-0.273368042468935
13,-1.5461547998033636,-1.0273820736036352,-0.4982590875043148
14,1.3898619783997344,2.438119327407895,-1.2330360120953985
15,-1.2013894029576802,-3.0819773835923394,0.3263380980429451
16,0.4032691979967322,0.9516186426530316,-0.420911283007677
17,0.15397256077684096,0.003431485413168872,-0.04361478660784163
18,1.5726488971756765,0.9219038639320424,0.4703341429781793
19,0.6430688906551831,0.376370763356018,0.20579387383420134
20,1.3757168196023688,2.7898666046566327,1.750016129236715
21,-0.3958674013011441,-0.7023702915585883,-0.42952788250507073
22,0.7866001841346204,1.8455461544306488,0.5636430547025892
23,1.1638513620058142,2.0510268206775555,-0.4813431111281013
24,-0.11056678400180396,0.07719535964626084,0.060845434916659294
25,-1.5870591810726413,-2.642742501988408,0.5319540747160276
26,0.6507127199121305,0.5234268788995055,0.2650807467827391
27,-1.0712353608384642,-0.6092414007565192,-0.332682657549089
28,1.4180232202462881,0.6495921043542604,0.3192164545199413
29,0.47453440235874933,0.1933736742358624,0.08630227793754267
30,1.1318778510019345,0.6968444732169822,0.35309232037090094
31,0.375087989621716,0.29768091090487453,0.13123943646462322
