id,h1,h2,h3
0,-0.9481970755690012,-0.8598270649115038,-0.4043807129420828
1,0.22365280102598312,0.23105071033449565,0.12525437838206194
2,1.683517935729109,1.3991558841340326,0.6941070658896324
3,-0.7421237620643659,-1.7494613061097994,-0.12294621853629537
4,-0.05096474616200555,-0.01044944582581155,0.009599641956572778
5,0.2653207561361777,0.18399260585537253,0.09801924891187352
6,0.8243725894049804,0.7140523327155384,0.341545920342908
7,-0.1743068482514794,-0.22400124082878084,-0.09848736719772905
8,1.1135716238046973,1.1556309896487442,1.2813855785125727
9,-0.11863217595924155,-0.1273317486364262,-0.0381507814446055
10,0.36858980549413556,0.3452476842659527,0.19098641208749945
11,1.016229131746904,0.8326732351568947,0.40958175497033683
12,-0.4260995123589675,-0.4121333009157474,-0.18889693385678918
13,-0.7357518998659216,-1.4436541854947258,-0.6664465553254842
14,2.235202777331008,1.890993671038368,0.932874258135431
15,-1.4591725533107671,-3.074287527642937,-3.4234630041675445
16,0.9729874465320256,0.8849846357381945,0.39206860795896215
17,-0.031813820734520715,-0.048736707195204565,-0.056448800501128577
18,0.8571941517882797,1.5115844113383923,0.06742701066145793
19,0.44748343773130417,0.34827620283903044,0.157638912742604
20,1.8145184866921849,2.8359521312566383,2.1255136636211316
21,-1.5654528865074453,-1.2953411718955539,-0.6588911270397745
22,1.751050680134579,1.5304754066774229,0.7328297788047684
23,0.9976106879400307,2.748531249514132,1.6501156646999153
24,0.002649661341720455,0.059147013237814794,0.06507874130626196
25,-0.6422471333219875,-3.171933858053415,1.2438002521306262
26,0.4913851852570725,0.5038518184449533,0.23042955431012452
27,-0.6172332015170687,-0.44686581313606455,-0.2724576274260829
28,0.832441408839492,0.765803682667112,0.3708718100198215
29,0.3783626019102939,0.358195105180578,0.15085038888395305
30,0.8080739071739791,0.7505452917221409,0.39424166566998176
31,0.3810591223810227,0.32030253045150053,0.13418793996717476
